-- phpMyAdmin SQL Dump
-- version 3.5.1
-- http://www.phpmyadmin.net
--
-- Servidor: localhost
-- Tiempo de generación: 17-11-2016 a las 17:39:25
-- Versión del servidor: 5.5.24-log
-- Versión de PHP: 5.4.3

SET SQL_MODE="NO_AUTO_VALUE_ON_ZERO";
SET time_zone = "+00:00";


/*!40101 SET @OLD_CHARACTER_SET_CLIENT=@@CHARACTER_SET_CLIENT */;
/*!40101 SET @OLD_CHARACTER_SET_RESULTS=@@CHARACTER_SET_RESULTS */;
/*!40101 SET @OLD_COLLATION_CONNECTION=@@COLLATION_CONNECTION */;
/*!40101 SET NAMES utf8 */;

--
-- Base de datos: `bd_clinica1`
--

-- --------------------------------------------------------

--
-- Estructura de tabla para la tabla `tbl_altura`
--

CREATE TABLE IF NOT EXISTS `tbl_altura` (
  `id_altura` int(11) NOT NULL AUTO_INCREMENT,
  `altura` varchar(45) DEFAULT NULL,
  PRIMARY KEY (`id_altura`)
) ENGINE=InnoDB  DEFAULT CHARSET=utf8 AUTO_INCREMENT=7 ;

--
-- Volcado de datos para la tabla `tbl_altura`
--

INSERT INTO `tbl_altura` (`id_altura`, `altura`) VALUES
(1, '1.80 mts'),
(2, '1.60 mts'),
(3, '1.75 mts'),
(4, '1.40 mts'),
(5, '1.75 mts'),
(6, '1.45 mts');

-- --------------------------------------------------------

--
-- Estructura de tabla para la tabla `tbl_ciudad`
--

CREATE TABLE IF NOT EXISTS `tbl_ciudad` (
  `id_ciudad` int(11) NOT NULL AUTO_INCREMENT,
  `nombre_ciudad` varchar(45) NOT NULL,
  `id_departamento` int(11) NOT NULL,
  PRIMARY KEY (`id_ciudad`),
  KEY `fk_tbl_ciudad_tbl_departamento_idx` (`id_departamento`)
) ENGINE=InnoDB  DEFAULT CHARSET=utf8 AUTO_INCREMENT=18 ;

--
-- Volcado de datos para la tabla `tbl_ciudad`
--

INSERT INTO `tbl_ciudad` (`id_ciudad`, `nombre_ciudad`, `id_departamento`) VALUES
(1, 'Tegucigalpa', 1),
(2, 'Comayaguela', 1),
(3, 'San Pedro Sula', 2),
(4, 'Choloma', 2),
(5, 'Choluteca', 3),
(6, 'Pespire', 3),
(7, 'Santa Rita', 6),
(8, 'Catacamas', 4),
(9, 'Juticalpa', 4),
(10, 'Nacaome', 5),
(11, 'San Lorenzo', 5),
(12, 'La Esperanza', 7),
(13, 'Santa Rosa De Copan', 8),
(14, 'Ocotepeque', 9),
(15, 'Concepcion', 9),
(16, 'La Paz', 10),
(17, 'Marcala', 10);

-- --------------------------------------------------------

--
-- Estructura de tabla para la tabla `tbl_consulta`
--

CREATE TABLE IF NOT EXISTS `tbl_consulta` (
  `id_consulta` int(11) NOT NULL AUTO_INCREMENT,
  `temperatura` varchar(45) DEFAULT NULL,
  `turno` varchar(45) DEFAULT NULL,
  `fecha_consulta` date DEFAULT NULL,
  `id_peso` int(11) NOT NULL,
  `id_presion_arterial` int(11) NOT NULL,
  `id_precio_consulta` int(11) NOT NULL,
  `id_empleado` int(11) NOT NULL,
  `id_expediente` int(11) NOT NULL,
  PRIMARY KEY (`id_consulta`),
  KEY `fk_tbl_consulta_tbl_peso1_idx` (`id_peso`),
  KEY `fk_tbl_consulta_tbl_presion_arterial1_idx` (`id_presion_arterial`),
  KEY `fk_tbl_consulta_tbl_precio_consulta1_idx` (`id_precio_consulta`),
  KEY `fk_tbl_consulta_tbl_empleado1_idx` (`id_empleado`),
  KEY `fk_tbl_consulta_tbl_expediente1_idx` (`id_expediente`)
) ENGINE=InnoDB  DEFAULT CHARSET=utf8 AUTO_INCREMENT=2 ;

--
-- Volcado de datos para la tabla `tbl_consulta`
--

INSERT INTO `tbl_consulta` (`id_consulta`, `temperatura`, `turno`, `fecha_consulta`, `id_peso`, `id_presion_arterial`, `id_precio_consulta`, `id_empleado`, `id_expediente`) VALUES
(1, '28 grados', '1', '2016-11-15', 1, 2, 1, 1, 1);

-- --------------------------------------------------------

--
-- Estructura de tabla para la tabla `tbl_datos_pesonales`
--

CREATE TABLE IF NOT EXISTS `tbl_datos_pesonales` (
  `id_datos_pesonales` int(11) NOT NULL AUTO_INCREMENT,
  `nombre` varchar(100) NOT NULL,
  `apellido` varchar(100) NOT NULL,
  `fecha_nacimiento` date NOT NULL,
  `sexo` varchar(45) NOT NULL,
  `identidad` varchar(45) NOT NULL,
  `direccion` varchar(2000) NOT NULL,
  `celular` varchar(45) NOT NULL,
  `email` varchar(45) NOT NULL,
  `id_ciudad` int(11) NOT NULL,
  PRIMARY KEY (`id_datos_pesonales`),
  KEY `fk_tbl_datos_pesonales_tbl_ciudad1_idx` (`id_ciudad`)
) ENGINE=InnoDB  DEFAULT CHARSET=utf8 AUTO_INCREMENT=11 ;

--
-- Volcado de datos para la tabla `tbl_datos_pesonales`
--

INSERT INTO `tbl_datos_pesonales` (`id_datos_pesonales`, `nombre`, `apellido`, `fecha_nacimiento`, `sexo`, `identidad`, `direccion`, `celular`, `email`, `id_ciudad`) VALUES
(1, 'Alvin', 'Yakitori', '1995-11-01', 'Masculino', '0801-1995-00023', 'Col. Los Robles', '9999-9999', 'ayakitori@gmail.com', 1),
(2, 'Jeferson', 'Gutierritoz', '1990-11-01', 'Masculino', '0801-1990-98731', 'Col. Los Angeles', '8888-8888', 'jgutierritoz@gmail.com', 1),
(3, 'Lousa', 'Lane', '1993-11-01', 'Femenino', '0506-1993-09876', 'Col. El Hogar', '3333-3333', 'llane@gmail.com', 2),
(4, 'Alejandra', 'Rodriguez', '1998-11-01', 'Femenino', '0614-1998-00098', 'Col. San Miguel, a la par de "Pollos Mala Muerte"', '9999-3333', 'laalejandra@gmail.com', 3),
(5, 'Maria', 'Sauceda', '1985-10-15', 'Femenino', '0801-1985-00432', 'Col. Satelite', '9955-3344', 'msauceda@gmail.com', 1),
(6, 'Juan', 'Perez', '1993-10-04', 'Masculino', '0614-1993-00043', 'Col. San Miguel', '9911-2233', 'jperez@gmail.com', 3),
(7, 'Luis', 'Perez', '1993-10-04', 'Masculino', '0614-1993-00043', 'Col. San Miguel', '9911-2233', 'jperez@gmail.com', 13),
(8, 'Barbara', 'Blade', '1995-01-01', 'Masculino', '0801-1995-00043', 'col. Santa Fe', '9944-2233', 'bb@gmail.com', 1),
(9, 'Drake', 'Bell', '1995-01-01', 'Masculino', '0801-1995-00043', 'Col. Los Alpes', '8823-4321', 'drake@gmail.com', 13),
(10, 'Ericka', 'Pulicic', '1995-06-24', 'Femenino', '0801-1995-12345', 'Col. Aleman, Bloque r, casa 34562', '2244-0099', 'ericka@gmail.com', 2);

-- --------------------------------------------------------

--
-- Estructura de tabla para la tabla `tbl_departamento`
--

CREATE TABLE IF NOT EXISTS `tbl_departamento` (
  `id_departamento` int(11) NOT NULL AUTO_INCREMENT,
  `nombre_departamento` varchar(45) NOT NULL,
  PRIMARY KEY (`id_departamento`)
) ENGINE=InnoDB  DEFAULT CHARSET=utf8 AUTO_INCREMENT=11 ;

--
-- Volcado de datos para la tabla `tbl_departamento`
--

INSERT INTO `tbl_departamento` (`id_departamento`, `nombre_departamento`) VALUES
(1, 'Francisco Morazan'),
(2, 'Puerto Cortes'),
(3, 'Choluteca'),
(4, 'Olancho'),
(5, 'Valle'),
(6, 'Yoro'),
(7, 'Santa Barbara'),
(8, 'Copan'),
(9, 'Ocotepeque'),
(10, 'La Paz');

-- --------------------------------------------------------

--
-- Estructura de tabla para la tabla `tbl_dosis`
--

CREATE TABLE IF NOT EXISTS `tbl_dosis` (
  `id_dosis` int(11) NOT NULL AUTO_INCREMENT,
  `descripccion` varchar(500) NOT NULL,
  `tiempo_dias` varchar(500) NOT NULL,
  PRIMARY KEY (`id_dosis`)
) ENGINE=InnoDB  DEFAULT CHARSET=utf8 AUTO_INCREMENT=4 ;

--
-- Volcado de datos para la tabla `tbl_dosis`
--

INSERT INTO `tbl_dosis` (`id_dosis`, `descripccion`, `tiempo_dias`) VALUES
(1, 'Tomar 2', 'cada 12 horas'),
(2, 'tomar 1', 'cada 8 horas'),
(3, 'tomar 2 cucharadas', 'cada 12 horas');

-- --------------------------------------------------------

--
-- Estructura de tabla para la tabla `tbl_empleado`
--

CREATE TABLE IF NOT EXISTS `tbl_empleado` (
  `id_empleado` int(11) NOT NULL AUTO_INCREMENT,
  `fecha_ingreso` date NOT NULL,
  `fotografia` blob NOT NULL,
  `usuario` varchar(45) NOT NULL,
  `contrasena` varchar(40) NOT NULL,
  `id_tipo_usuario` int(11) NOT NULL,
  `id_datos_pesonales` int(11) NOT NULL,
  `id_salario` int(11) NOT NULL,
  PRIMARY KEY (`id_empleado`),
  KEY `fk_tbl_empleado_tbl_tipo_usuario1_idx` (`id_tipo_usuario`),
  KEY `fk_tbl_empleado_tbl_datos_pesonales1_idx` (`id_datos_pesonales`),
  KEY `fk_tbl_empleado_tbl_salario1_idx` (`id_salario`)
) ENGINE=InnoDB  DEFAULT CHARSET=utf8 AUTO_INCREMENT=8 ;

--
-- Volcado de datos para la tabla `tbl_empleado`
--

INSERT INTO `tbl_empleado` (`id_empleado`, `fecha_ingreso`, `fotografia`, `usuario`, `contrasena`, `id_tipo_usuario`, `id_datos_pesonales`, `id_salario`) VALUES
(1, '2016-11-01', 0xffd8ffe000104a46494600010200006400640000ffe1006045786966000049492a0008000000020031010200070000002600000069870400010000002e00000000000000476f6f676c650000030000900700040000003032323002a0040001000000f401000003a0040001000000f401000000000000ffee000e41646f62650064c000000001ffdb0084000604040405040605050609060506090b080606080b0c0a0a0b0a0a0c100c0c0c0c0c0c100c0e0f100f0e0c1313141413131c1b1b1b1c1f1f1f1f1f1f1f1f1f1f010707070d0c0d181010181a1511151a1f1f1f1f1f1f1f1f1f1f1f1f1f1f1f1f1f1f1f1f1f1f1f1f1f1f1f1f1f1f1f1f1f1f1f1f1f1f1f1f1f1f1f1f1f1f1f1f1fffc000110801f401f403011100021101031101ffc400a7000001040301000000000000000000000000020304050107080601010101010101010000000000000000000001020304050610000103020403040605080804050305010100020311042131120541510661712213819132140708a1b14284b4c1d15223c4854637f0e1f1627282331592c224164334441727b26474a25373549425110101000202020202030101010100000000011102210331124104511371223261055214ffda000c03010002110311003f00e54402010776fcb3ff0024ba73efbf8fb8556367aaa100a015020100804020100804020c86d42994c821014418a228739a1b89a0e6884099a4615772a0afd3922912ddb226174a3cb637373dcd68fa4a6522a6ebac36180912dedb308fd2b88c53d654cb58aac9be2af43c0ed336f16c6981d3235d4ff86aaa60a87e2b7414c5c23deadaada55ae78667fe2a5516c59daf5bf49dd38361dded1ce71a35be73013f4a619c2da3b9b69686295af0711a4835f52295acd39b79f2533119d438e0ae559c299a23153a8b7d2106688a30fec400210008391aa0100a810080500a810080402010080402010208a1562c7317cea7f06fef2fd9166c4d9cc6a321008040201008040201008041ddbf2cff00c92e9cfbefe3ee1558d9eaa8402010080402010640aa88036a1326453d486469ed4c99608a14529b928cd61cd0492aa9b708c62e3f4a083b8ef1b5edd6eeb8bd9d96f133373cd00ef24a94c35f7517c72e94b00e8ec43b709db90158e3af32e22a7d0b37674d7adab77df984ea6bd73a1b499b64dc43bc81a682bfa66a567daba7aead7dbc75d6f5b949facbf9a4049ab5ef7bf57a2aa7b55e3e14ae9ae247e97e9a9cf557573c8d53dab2196de3d52901bc0834154f64f5224ff6e68aba42e7835c0957fb33642e2bbb506ac6b9f41c3513e8c54cdfcb598970750ee36aed76d3dcc2f1f699ac11e9aad4db6fc964fc3d158fc61ebcb7734b37ab9f2d8034c6e1816d399aabef53d63d6ecbf311bf5a41e5dcdcbe59b28ccb49011db52d49b25d63616c5f1d62b96837ed89d523c5116b4e3c34d483eb57d92eaf79b1f5f74def8c0db5bb68941a3e19086bda4f65715672cd8f4ac935b016e35e2aa32d000e75e28154e2812434b86189ca88328a15020100a015020100a01502010080402010730fceb7f06fef2fd9167295cc2881008040201008040201008041ddbf2d1fc92e9bfbefe3ee158b1b3d550804020100804190da8532990461dc8321d52983029ea510641015c1170c17802a7014a9f420f39d51d77b074f5b99afe70c247eaa3274979ad3039a670b35b5a73ab7e6177025d16c8d8a38c65350b88ee2ea3562ecebe92350efbd71b9ee929badcaf6698d4e8abb4ffc34fc8a5b4ce1e62ef759ee4e98bc0dcc938d7beaa63f2977cf8620dbe5928f91ce119c9cecdddcde4969ae96f94f65bc2ca06f863fb4f71a0a72a8fa96335d3108f7b05e62db6dfcc230f308a057f94b73c6a62e2d2673b55fdd69e3a1868d1e95af6fc3175fcd32cbcda2dc910c7e7c9cc82ffae81316f93facf070ee77d211e4c22368e268d1ea53d6137a3dfee1aea3ae99112720351f5057d6176b4e7fb9b8e1e73e534cfca031f4a985f627dfe171a399a89cc1600ae0cc49b596d585a633a1cda6902b4a8e38d566aeaf45b4f53dc59cb14fe5b677447c12d4c7330935c083470c722aebb26d3f0dcfd0bf1a2b3476fb9bf542f21ad9cb435cd77e8b803f4ae93666eaddb657905d40c96370735c01046456dccf1781c73409abb581c298840e20c228402a04020100a01502010080402010083987e75bf837f797ec8b384ae61440804020100804020100804020eedf968fe4974dfdf7f1f70ac58d9eaa84020c86d42994c8d38a64c80da84c99608a145281c304419851053d68b96510971a78b82aaaddf7a8b69d8ec5d7dba5d47676ed1edc8684d3834664f722c8d17d69f3137378c96d3a5edf4c752d3b85ce0d1fde6463fe6f52e7b6f23a6ba3496f5d4dbaee97ee9aeef24dc2f4fb53ca6a1bc80e43900a672d5b8f0af797c6d134efd4713a720923194465bbef6e039c743050927d90072055b524f64c8ade06300b515602755c3c56bdc28b0e9c7c24dbdb38d28c73aa2ae2e3cbd39295a3d7716d9046d9af5fadbf6226e0c6fe525499be16cd679574fbddcdcb45bedf1f9509c010dd35a760c56a69f37cb9eddb9e2209dbcbdc5d773179fd069ffea3905bcb9e29d8258e3696dab1bcb50069873771f5acd6a5fc12db19661aa598968c7cb67841f404f63d7f292c8f6eb7682f01ae395313e92ad388545e45c35da21ab41f6cd7e859bc2ce59f22d626788089c4e5ed3e9f52b83827de6d63274b1e470d4e14f52613d845bbdbd4b5f1b5ac1c3503f41aa9e8b3b1219b9c2caba3761c87f6a58d7bc6ddf86ff1d4ed314765bb6a9ed1be1648dc1cd1dc73f5ae93662eb96fde9beafd9b7fb6f7cb09db2b1c28595a169a710569cf185e47239cf2ed34a8c2a550eb4d477228383c768a2232aa840201008040201008040201008041cc3f3adfc1bfbcbf6459ca5730a204020100804020100804020107777cb3b6bf047a6fefbf8fb8572b96cfd2993234a64c940502881014c5000502010629c9065008304d07e445c3c0fc48f8bfb174743eef181b86f920fd46df11c47274a47b23bf1295a9ab96bad7ad37bea6dcdf7fbe5d79d3389115946488a16f2a643b78ac5b96fc3c8dc6e135cb85b5a026bfea48301dc1270976fc26456f1d9c00bdd57530a7339f7a983c1e836e374c75d5d3fcab660ab6bfa23f2a54d667c998dedba7d2265206e2c656829fa7215707b7e16b15ae88db88ab851869e277f841a696f6952f2d6bc216e9bcc368df220024b92282369ab5a7fbcecca7ac4f7c2afdd2e2ecb26dc65a70630674ce81a325738664ca4e8735a63818230698baa491e8e2b36b735fc1a9a26001b2d5ccafeae21c4fa5255b0fdb5b492101e2aecdacfb2d1ccd33fa9672d4d0ddedeb612e8d875beba5cfe67905759c31b5e702c366b8b81ef178dd111c5acad1ce039f20a5dff0d6bd56f34e5fee8db7fd5db068230d4060dff080ac9f9676de7c2b05aee93b8bfcb7b2b887beadc3d2b6e7cd126de1b4f3ae06a386969ad3d210b0a8b669e66ea8a4761c5d97d29ed09ada9d6fb2358c0f91f577368c3d35a053d9a9d65fbb6d71b887ca1879b481f52859175d3fd4726cf77e6edfba4913b3cc8182b9ab97bfdb3e2ff54c2d7965ec971e60c5e5e4e3c0806a024dff0027acad99d2bf1f2c2ed8d8375b3923b98e3acb247a28ed386a0d2e19ae936959b30f75b7f5f74ede9b60e9fdd9d70fd10f9d401ce1f64105c3e95597a503b7d28a10080402a040201008040201008041cc3f3adfc1bfbcbf6459c25730a20402010080402010080402010777fcb37f247a6fefbf8fb841b410080401340813a95c2e0a06a14462b8d10650080aa0d57f18be2dc3d316afdaf6b7b5fbf4ccf0938b2d9aeffc47ff007bf45beb4cb7ac72b6e7bc4f23e699cf74f71338be7bc9092f7b9d8b9d539ac5abeca67c77172446cab58e3571fb47b53097658d9d9c3691383017b9d89ae5dd5ec517184a8bcb8c89ee1a2479c228862493950701c958bfca0df5fdcee338b4b7156b0d6570f645326b7b1bc52466ed52992416b108db47107170c40773fef1ed3ea49165c23dc6e1757158e105ad7784bb3738a1962cac03751646d7cf8ea909c183b494b49aa47b78467cc73680cbf67d1c49ee5ced759a9721f223caaf764da8aeaf465e8599cba7122346d731cd7e912cce2435adcdc4e000e402b63198937177e437c9898d92e5c34cce15a171c431b8e0071522db671f25da6d91b07bc5c46c0e00134072ce99e014bb5f86a6b2792aea6bbb98c796e16d01a8d6055c7860b5ac919ecb6aae571b4f142c7798706caea179fc8d0b7238de104bb74bfb9f2e376a764f71350defe655cc9e524bb5c45b5aecd6965e3b9935c831a1cc9ec0b9fbdae9fae6be6f253f7591e3cab58f5b071c748ff32d7aa5daabe717972e3e74ee0c19b19837d255cc63d4965b58c4ef61a4f379afd3a8ab93d61e6b6d1c0b5ad6347e90c9327a9e8a29adc87432e07202b452d862ac62be7f85d26a120383f2a7f52cb7c54db5bb90ce1d2b9da9c451d524546470e4b5ad66eadc1f0afe27ef3b55c43b66f57e371d9ae64f26dee9ce3e75a487d96c81d8989d5a5782eb36cb38741c726a6871c8aa870d100805408040280402a0402010083987e75bf837f797ec8a54ae615102010080402010080402010083bbfe59bf923d37f7dfc7dc20d9f8f2419418afad0198418d2ae57250140a2314c6a8328304d106b5f8c3f15edba4b6f7d86df2b5fbf4edc00c7c861ca478fd23f65a95b91ca5ba6e37db85e3eeaf2474b71312f7ebf13c977da7f33d8b19695662064f19a86e20135cff0029512e225b48b4697bc012c990e55ca89b2ce0c49714635a32cdc6bed15a66a33e69a661746e2d0ef0893881c4f7e14089391ef4db680c1051ad3ed5333453caf82e18cb5be7dc789eef0c10f3fef14a612591c7037cdb8ab5e71c33a7e8b55c193d1db4f75179d2fea2d351736069c481c4fe72a58a763b86963cc434c6d148cd31703cabc1deb3f42cd8e9ad3774e8618ccf33839f4f60f6e3eb29260db6344dc5ac7acb7fff00a5723c0cff00f6a33f979a6c9aa75ad836da169948321c4d4f8aa7327bd73bcbace3cb173297386b1463716c672c39f3298fc2d516ebbe3a2f0c44194e078e95d35d5c37dcded5b25fdfd6eeee47456e71d4702eec197ad2f67c43afab3cd5936ea38586db688816b7c2e9bec03fe2fb4573f5ff00e9d26ff1a9b6c1044c325ece1cf39026a09ff0e7eb5ab9f8666927fa479b72b7ca18dd2e9e2706abeb7e59bbcf84675cdcdd3b4b60d6d1e903d016b88c7b5a71bb76e79b2d9ad3fa4e1a7ebaa662e2942c374f6a47c2cf4827e84e0e4ec46f18685ad7819e93470fcaa6096acedeea32dd2ea970a543854fd2b3b474d6c48731c01734feaf3d03924a5805e39adf299464848d5a890437963cd565be3e0ffc61b48ac2df60dee51e7c348edeef56a648cc9ad79cdae6f35d6562c6f28eed8f6b5e3d8780e6beb8105690f35c1d9107b420ce080402a0402010080402010730fceb7f06fef2fd914a95cc2a20402010080402010080402010777fcb37f247a6fefbf8fb841b3f1e68328314ae3c51594408040203eb41e07e2cfc4eb6e8bda1ad834cdbdded5b6709c9838cafec6e612d6f5d5c8db8ee975badf4bb8ddcaf9e691e5ee96424b9ef71c5e6bf42c3594632b5dece2d18177e93bbf904326fce861699e5a784518399e6a086fb87ca7cf9f377b0ce343c7d2ab36e50afae9ce2626f871fd738701fa21529125d9a523f0d00d0c1c382899c2558dbb221ef57275107c119cc9569e53ed83dd21ba9cd280e1c1bc828d652adfcb9a4f7899ba999410fe9126833cbb554f24df5cba479b618d34fbc06e0d34c9807e8b4fad14f31a226073fc401c49cb5f6f60e0a58d655b24cd92e44cfa98a224c4de67f48a5616d6d08b5632f6ebf593cfe2634e3870681f5ac5fc3a6b70cdd5e794d0d928fb97f88b470ae5559ae9979fdc3707eaf2c3bf5ceaea3c001995ad7572ecdd8daf6889ad3b96e35640df1451b862ee4e3de9beff117afaf13db65b4ce92f63125d1369b6fd88055a5c065abb0f259931fcba5dfdbfe441bddd620cf2ad1ad6b0601d4c00e4d1905b9afe5cb6ecfc70a786d2f6fae4450b4c8e26ae232a1ee5ab647392ede170cd898c1aee6405b19156b6a2307913f68ae77b33e1da7549e449bedb5b34b202000680307049adbe52f649e11475012e2e7026bc8d0fd4b7e918fd9683bd3dc6ac709d9c6378a387773570976346e838f9ac05b1568f683912a27ca7473ea66a275332afda69efe4b35d16b612503aae06990e27b54c34c5db7ce94bf49f3300eae440e54565c2585dab4c6dd2e688f8d5d8157384f56d2e80f8d3ba74e46cb2dcdfefdb58c34935746dfee57eaaadcdd9bab76f4c7c4ee98dee510da5c8f334ea6c72d03a9c322e5a8ce1ec592934d4280e20e782a87155070500a810080402010083987e75bf837f797ec8a54ae615102010080402010080402010083bbfe59bf923d37f7dfc7dc20da080402010080418240cd045dc2f5969653ddc84361818e91c4e18345712a5ad47137c40eacbdea9ea5b9bd9242f88b8c7000701103801fe22b0dd79dba7934819869f69d90038aa96a3f9e74d6b80c18de000c2a86508ca1efd4f358c1cb99466d3335dcb2e228064dede67b8208cf903b16e2065db5e251126da1d2e12ca7c4ff0065a3eb54c2d62a020c828ea6039373ad39951b36fb963de183c3083e16f3238a334fdd5fbed200d8f1bb97c10373d0dfb4e3dcae4c9db16c703039ced6580b9ce7625cfed4588b717af7b446da90f1a9c4f2466a56cd6b14cf75edcffe4edf06338c92f00398516256e57ce371a9b47dd39a3cb8c7b11373598e99c29ae6675bc723b56b94e2e79c49270fec0ae19b707f6cda05b406ff007066a73e844673a7d9a8cfd09b5fc2e9afcecb0b9075b2eb711e318db59e7a401839e39f62e7ff0023a673cd516e7bbba62753b13930643d4ba4d70e3bed96368d96e371799a67182cda7c7256a7b9bcd4df693f95d3aed7a39aeacb6db630d9c223196342e77f79e7f22e7eb9bcbbfbcd7c3ce6e3717978fd4e70d0306c7434039d17492470db6b507dd6e9c7c21ae3c00a0fa16f2e780f81dab4cacd2f19bb25148f25dabbf278c90c6526d233a8eac9f8387d4a5ad6b161044e660d61c7dac30cb8acb7122da7744e692d240e18f35634b465d87b34b194763571a0141da52c4955f3ead4ed471cc54e1cd3094edadc4da46a70d0326d3f3a610e7bcdd4535601a1dc0b0e3cf82d2369fc3af8e3bbec4e8ac37f9fdef6c716b479bfeb435c2ad7638762dcb94ae9ddb770b5dc2c61bcb67892099a1cc70edee5512900a810080500a810083987e75bf837f797ec8a54ae615102010080402010080402010083bbbe59dd4f823d37f7dfc7dc2b85c3688350a204020100804187007038f10834bfccd75adc6d1d3b67b1da49a26dd5ce75c107c5e447c053f49c68b16f2e9ace1cbb04a20f193579c41e01c5046f79711834e873b3e607e74be1988b3c8e7031658f888fa9485449e524b630701cbb16a4425efd4e2d1c38ff007792a1e8628d835ca68c6e240e7c14c90f5aca5f33ae64148e31e06f32a2c386e257ea7b8d0bab5ec6ff004c12252c3841109a4762285ade5c82ab8376dae491f7121ac8faeb77e8b464d089122f2f7440d634d40a0a0c3126a7e94c348f089e47d013593fd47769e1f9930ce5686efdda36dbc401900a30706712565bf08e25230602f964762efb4e3954f6054cac76ddb2373eb23b5bd875b870d472ef529acfca7de5c44db874aea18edc786a2a356553cd65bc7e5e6b72bd926738925ad77da3ed1fe9c95918df6c9cd8fa7597aef7cbd262b169a3183db95c3203b39a6dbe38f95ebebcf35617fba8f33dc6c034471020903c2ceee64aceba7cdf2e9b6ff1156e2c602f99ee7bce4c0b7871b50a575d4cea47fab6f62b8c32cc42763f53a8e70c0bb33eb0955398d65c348a80e0285b4c1de9c7159b5a903b6f2d68d35c70a1c72ec53d9b9a1705948d35d26b812298d49c82cdd9ad745a8b17981ce91a4c87d968c3bd4f66e6823b3f103230d4622b80a53056566c62695a1ad8eae701f61bcfbcae8e68afb866a05d18d0da81a8a98ab98922664b183e59a8c1ba72fa954b4c7bd46c76990e96922a7500ea7611544ca2ee16731b235b7f3248642f174daea74646008afd9e6acb862ba37e567ae27beb4bde97bc797c968c6dc59b8e24c44e97027fbb50b52f037f7d6b500a810080500a810083987e75bf837f797ec8a54ae615102010080402010080402010083bb7e59ff925d39f7dfc7dc2ab1b45b9289594020100804182507187c79eaa7efdf122f8c6e2fb6db74d95b8fb3567b67fe32573f3cbb5e248d73249504570180f471558a6a478f0b5b8d381e7c1044b899b1b48ad64767cc292336982c7466a4feb1c053b015ac87a08868d446640603c4f13dc14cab12bcbde2266409a9e64e6894bd757089bfe9c79f7a29f8f4900f0190ede354308f7333a59006fb3937f395a6729313fcb6863698e7dbcd4b5728c6574926aa6aa12d601c5dc13244f63cc116918c99b89c8152b738322420d01ac8fcdc73ef48ce525ae2d2c8226d667f11c8e64a0b98a48adad0442ae7f03c4bce153dc146e2be471ba25ee27dda33e168fb6e1c7b90dae4adb76d6dd4ee9ae2bee50105f4fb6ee11b3f2a9bdc785d3596f3e13372bd9ae661696a1b1d06801b836368e01635d71e5bdb7cf110df6d6d6916915a0c1c7ed48f398ee5af6666a81ee8e99dafcc7b00c5b1e141d8132cfa9bf77b9612e70a869a1e6ae53d5616b6ae95f5886b3fa0ee3dc95a9ae56d6bb242fd2c01c2426afa0c053d2b8edbbd3a753d5ed1d2cf906310d2e040738600834ccd735c36ec7a34ea58c5d13761e4011d1a41ca8b1fb5d274a67fdaa2088bc55b236a039cdc31cf2a2b374dbaf0f39b874cce2aed4e6e66801c78aebaeee3b68f317f633dbc95c4b467426abd1aed97977d30ab9607d4bd8d22b9126ab7973c08aca5c49ad48ae9ca8a653027b63a34d436b9826bf9554a7ad23736330b672c2e040ae231e18552923d57c31ea59fa63afb63bd9a3f25af99b6978e028d7dbcde02703434750aba5858ed939ae8c85408040201008041cc3f3adfc1bfbcbf6452a5730a881008040201008040201008041ddbf2cf4ff00d92e9bfbefe3ee1558da232512b280aa0100804149d6bbe3362e94dd77777fe92da47b3855f4a347aca9b5c37a798e06bc9e49e77cd23ab3c8e2f91dc4be43a89fa562785df94479a9f0e4d181ec572ca34f71a0e969aba94aa42d311d0d657e21a70ed2aa1f11d68e9050beb5e7dc14ca9724b5029810280700140ceaf2c603c6706f69540d25b466249ccf33c5543d21710236e59ba9c9433836da464b88a9a615e0ad436d9dc64241380e1daa8930d236eaa51c0603976acb50974ce7e0dc80a93cca489696c90077846a90fb3ab973545b6d94b701e00334b8079cc0e2a37207ca6573f310c63c4ee249e03bfea52ae5236c61ba2d690030532c07a15bc24e6a4ee176c8dd1d85910e9710d2060d0702f3da782e7afe6baef7e225d9ed8c8211101490b754f29cdaceded2a6d72bacc10cb46cf3b26737f561c1b130fe857fa15caeef44ebca6b76c82673dad6e97b097034c3159bd8dcea3c7628fddc80d34680e7922b5e1c93f6337a9983a75fe4b5d0d03eb50e1ccf684bd8b3aa3d5f4fed904ad2dbc8f45c31d4034d58e1cfd2b976577d356c1b3b1d31c2d63236440d5d414355c2d7a66ab5836d85c35509d46b8a9868f7fb54669a9a09e6532966541bb74f3e42e6680efb41a41fa0ad4dd8bd4d75bf74dc8c99e7468afb35680bbe9d8f2f675bc36e365776f29a80c60c0bf03c7876af56bb65e4df4b14f757171e6904bb4bb06b1b5afa4ae91e7a664ba735823d1addf68d6941eb5a67267df41ae976a3f6437f294c2652ec3a865b6ba6c37516b654696498f6b4e388cb9a9eab2bbbfa1ba861ea1e90da7788b01776cc73db9d1ed1a1e3d0e695d517a50142833a53299608a1450a810083987e75bf837f797ec8a54ae615102010080402010080402010083bbfe59bf923d37f7dfc7dc20da080409fb4aa94a204020d45f339babacfe1d7bab4ff00e76ea3638712d655e7ea5cf7bf0e9d73cd7203eaf91d4c1c455c7802ec4aa887712860201269877ab8430c8dcfa1771c48ec44c1c71d4e681fe9b3103b50cb25f262e38bce013064891e1adc0ea766e3da5308c47ab03f688343c8714ab0e31e2366aa7b7837d08331ba81c7ed3b33c822531349adc5a0902b89fc8130a7a089a06ae5c4a9481d2798ea37068cc7125590b4bd423600055e7000723925887ade3a3c6ac49f6feba28b13f5bce341527c3c80532da3be473a6659c46ae71f19e0389f4ad48cdabe89f158d83e602a41f2a01fa4f762e72e7b735d7598877a7b6f645e6dfdc3753fda6f6b8e4d5366b58b59584b85a1359253e65d3c6399c1bdc171df67afafaf2b4876fd7a18d65034e0e2bcf767aa6abcb1e9698441fc5ded5471e0b36e5b9ae16f1f4f4b0b0388d45d4a8a296afa25cdb27ea8b446073ed2a7b2feb596c5b330b744806269a41c7bca96e566b87aab6dba265594a86d33c54c2e53e181a2bc02a64f794301c13084cf6cd9233502bc1dc54b22e5e5f7dd9e39a2709231470a134afa781525c1eb2b566fbd2fa5c6ad2ed270ce9d8bd1a6ef1f67535a6e724f6d7059160092d748054f22bdda5e1f33b2615b2dbf980c6c91a5aefb42b5af6d02dc73a8ce8ece31a5b2874833e03e8553826fc97ca656b44956b4bb13870caa9475bfcad751bf71e859f6e71024daee0b5aca651cc358a7f9b52d456ea06a01e3c55054a0100a81008041cc3f3adfc1bfbcbf6452a5730a881008040201008040201008041ddff2cdfc91e9bfbefe3ee106d04020c382b16006aa2328304d057820e69f9afea98a7bcdaba7207026d9aebdbb15c4178d31b7be952b1b7975d788e7390bb46a2ea1ae3db54cb0884381205493c56b08597b5ac0d38be98fe409803463e2a5462ee5544a43a56d4d380f0fe740d35be63c348c2a81d7789da6a034614e744c2b05c0bb1e1e8a0432cb8f8748f64e24713dc98434d18803177d4a85ebaf81b8f377628a5b45185cec1a321cca076203196ba49a01de88950ba95a0f13be8e5f5acd585c971a58f75681b80ed23046ad2769b771325cc8317d5ace64a6d4d67caf6e1ae965b7b669d4d889008e2f39d173cf976c785fc6d8e17476edc5b6eda81cdee5cb7d9dfaf5cd5fec7b2cb2481d20ac8ec5c070e4095e6b5efd757b2dab606ba4d54c41a65854acb787a7836cd2cede5dc8d652a0b274ae6922a072ec59a4a7e4b18dcdae8c7b965a94d5a58be222ada1e6a35171134b5a7327d6b4e67039c7070c0e481e6e3f91672538034b694a72ef55941bd8439a5a4035c7d2b3b37ad796deb6286e184bda6a45090730a4a6d234a75df4bfb86e3ece9b79860e6e1885f43a3b331f2fecf562e5e16e4ba3ac340d881f10feb18af5eb5e0b1175dbb237f95087bce01ee6e1e8e699447b9710d644f2585bab0e275638e0322a8dff00f289ba18379de36e7bbc3750b258c7f7a27e27bb4b9595ac70ea339ad2054080402010083987e75bf837f797ec8a54ae615102010080402010080402010083bbfe59bf923d37f7dfc7dc20da0804020c539608a3c4a889b95f5b58d85cdfdebf45a5ac6e9653978582a7eac14d964cd70975cf55de750f50ee3bc5ccbe2bc99cf8e302ba631846d24f2660b0d6d5e3e67bdef27200e03fb55609712da5455e7d96f24c8c431e90e7bb1793415e078a64265788d841c49c05332aa2386b89d4ec0f240f44d2039c4d2b835146a0d6d2a03bd690c11e6307b23d2713548303cd7d68c3dae3f9d3216c66969048c4e34fa92d30705010c14af1a640281123897d064305708799a7cc6b3ecb454f7a22531e435f2d31a1a1edee52b511e773e4923b7673c7bcfe60905c5ab99e6c2c6e11b4d1bfe160ab8fa4aced5d74f2b4b00229db21c431a5e3fc4e5cabac8f4db15949733091e3538f88b8f35e6df67d0e9d30d85b3ed6f6fb2e7007daef5cb2f461ec76eb111b69a9e3d15c7d482c596eda61a9c4f12a226c308680d6802828a50f88411cbb1670a6cdbd5de1c82617270b682814233a0968a63dea87a3146e03bc95129e3a4b7219725a8ce51666546553c02cd6a2bee18df1348e0b2dfc35efc4fd97de36574ed6f8ed8eb69ecc8aebd3b62bcdf635cc682de58d6cde731ba5ce0038138532c97d2d6be4764c22d2ed900746c06522a1cea00df5f15d239e7856cad8a0975cba6599d99a99003da700b4ce1b53e08de4fd33f162cada57b5cd9e565a4a5b8b5ccb88cb853d242cfcba6be1d9e287b3b174602aa10080402010730fceb7f06fef2fd914a95cc2a20402010080402010080402010777fcb357ff00647a6fefbf8fb841b410080c5025ce008a9a578a2925ce04022b5e2151a53e657ad5db5f4b8d86cdf5bbddead931a110b7daa7d4b1796f5e39728ca5ba4bb5ea68c1a3860a3350a47d3c5c47b239ab84a4c4e693a9c6aea8a7f6a53276e1ed02b5f476a9041e26490e27d3ea5a6403af139229f6e968f30f0f65851491426a5be239e19296ab04869c1b4239a6132c564e67c4294e6aa64ad343a19e290fa9a8b865c433c0d189f69dda88cb1a00af13977207637960a8035bb11dc8a783bf561a78f8c9ec07f3a819b76b8d6539cbecf71e299169b549aa492777b11b4b5bdc05163b1d7abce579636c6431b5b91a13dc382e1bedc3d5d5ae6b6674fede228586989153e95e4afa3af87b8dae126800cf32a61b7a7b4801d3ab1a0558b53591b5a282a68899380814c31e14cd654eb5bcd4b559735b9d68a21241207e44567493452a95e2ad0531cfb92a9d6bce802942ec96b2e76199b550d02cd6b540983493877d565b8a8dfac5979b6dc424543da460aeb796778e62ea6b37dacaf8cb2a617b981a788392fabd5731f1bba29e2b22f8dc1f2e991c2b2106b9f0c725d5e733eebb742eae8965901c6a68d2a8b6e9bdf841d4fb7deb6091f7b6b710b98d0fa6b31b806371cab4a052b5ad77274af55d8f50d9be46452d9dfdb9d17fb6dd34c73c0fa7da69cda7ecb860574e195da0150201008041cc3f3adfc1bfbcbf6452a5730a881008040201008040201008041ddff2cdfc91e9bfbefe3ee106d0402010608073f520877d2db5bc124cf2e0d63751d35f57a52b5265c4df193a8ae77beb29af8c85f03c16d8c6450b6069a35fdcf7824762c48d6de5e0e4608e8da6aece0ab2885d5ab9c300703c4f72a8c50b0798e6d5df62318d3b4a14dbcbcb8eacf92a840f1e27871514e5031a0918e6073ef430c873dce048abf8042152383069ae278050342a4d0e1da55438d15a86f85bc5c532a1ae6b416b010d399e251320000e58f008a5b353ab5c81c4f60550b883a4739f9014a0e34392cd5c305f8bc1c28cd23bd00e716c22986018dfaca982adec069b42c19e9029cea7158dbcbb69387afe9db6371780e91a1807afbd78fb367d2fafab6a6cf6c750d42b55c1e991ebac2014140aaaea00e1434c954b13180d72a734c325865492330a58a75b1939e0b3803a20680e2463556432531808a8c01c810b23263a3b501ea52996246c9425940ea604f051ac9cd0ed3c2bf9d56726246961a57152ac439d8285ca3710646e0e07221489b39ffe256dedb6dd656d06896ae693c1c17d2fafb663e5fd9d5aebc12c6602ef2e439530ae39af54786a04b1de4523449ae46870c0920502be5395e748976e9d65b65b3e20d135fdbb43857c35901a63c94ab1dbdbf74bff00b85edb6e5673bac37cb6fd55a6e318af81a6a63959502489dc5a7d0a99596d3badc4c1d6db8c1ee9b8c184d1b4ea8dc384b1bb8b1df42d645a2a0540a0100a8e61f9d6fe0dfde5fb22952b985440804020100804020100804020eedf9677b47c12e9b07ffbdfc7dc22e1b441046088ca010609c1170d47f30bd64765e997585bcfe4dc5db1d8b4f8b1f08a7a0959d9d357205f5ecf733ba691d8e90dc30c1834b5bfe11c148c64ce873cd24700d68f49345511a4788f1ca9ec84c08ce9a47ba85c68ac1811d31fa4a216d201a52b4e48b92db038e2f769e55c54c856a0c05ad0e0d39b850d5532684ad068d8dc7b49c54c2659001c433493c5c55c8c976918bbd029f99456434690ff006457bebd8ac424f89dfdd18d07040af685060dfb5dc324c8761796309a0a1a93f5295726a325ee6838d5d53e84a1c2754e18316b30f4f14f81e8a18bca863a50970a8fa971dabd1a4e1b0fa3acbf51e616e2ec4f72f0ef735f5baf5c46c9da9a181be1c283e95cf2eb87a8b26348c29905a959ab68e3606d725ac3369f8da28733850608961c058da604735285b430b86a340ec966d5c1ea0ad065dca1965ba7f320550f0c4288343755695ae7c95b0c834031cce0b264cccc05b5e2a5542b88b03a464a359574828ec523a59c350fc5fdaf588a56b7370074e62b91f42f5fd7db97cffb3ae634fcafb3844d0c91799336ad241d5a4f3e4be83e71a8ae6505b1eaf31805435c469f48a14672f4df0ee4b76f56edd3410896e99335d1c142cd4faf8683bd304aedbdb6ee3beb2b7bb88111cac0f00e0454725b64ecf6d1caf8a4384b09ac6f198ae6dff09e2130a79502a0500a810730fceb7f06fef2fd914a95cc2a20402010080402010080402010772fcb6ff257a73ef9f8f9d58b1b46179069c104906a144081a94506068ee08b97227cc8ef71ee1d622ddae748fb563a3229a58c6b1d4f492ed4b9fcba59c34c878d4788278f1e4ab99d9246b23ad353dd88ae4aae55b2bcc8fcf256320340031a9e4990a2c7d3f2265705b1b1348278f0e6a0cc84e00900f23c1481b34a02e7924f06ad03c74cf48fef1fc8994644351a8d69cdd804191e5b4d478ddc38347e7403b53dd571ae1f426405b5018ccb894c81ee0da31b8f32102ea3416e4d207a829f2310785ae7f215aa55855a8f0d7ed13f5a9563d0db574c6332321e95e7dbe5eaeb6dce99800b68c528748c178767d7d3c3deedb113a401e1207ad65bf0f4b656ec2055a2adc42dc8e5b2da10c0083893c16d8288a6002cb4c50020f24a15e1c1d4ae9e0b9aa4b316d73e6b5246682054800b47354f82aa06254c2142404e19511305168a63f4ab84c92e8d9a494f55f6469f43584f13c966ea4aa8b96309247782b187595e37ac6d21bfd82fde478e28652d1fde68fea5d74e2b976ce1ccf78eb486163dee2d95eea16b29402bc42fab1f17662cef659676c30c27513e120071f4e0ad4f2d93f0bba72e370ea8db20b58cb7747df79fef2d234450d9c643e418d685c694a2920ebeb1b386cace1b4841f2a063636573a345315d207d00a8100804020e61f9d6fe0dfde5fb22952b985440804020100804020100804020eecf96a6b4fc10e9ca8cbdf7f1f70aac6c8199a282533d908504d3821845dc2e5b6f6d24a454b5ae23b282a7352f0b23833e23ee935e7556e7339c4ea99cc02b5a0d45ce15079959d635bf979163b1241e3403b55c310e5d1a02ca540e3d94411c31c33189f57ad5429a081507139952b4cd1f4f08a902baa868899391c6d8dbe63880e391fcaa29346924b5b5278a6405aea1af847219aa818e0df101568e34a940789e43cfb5c013fdb44c8c1d22a4b81771e4a186044f79f10219993c5061cf393453800462ae10911b9ad2e79c79571542e420068e254c2b259a6d9b5cdd8bbb829952a1ab74f0150e29b11e8f6e00dc5b467da739a0fa4ae3bf87abafcc8dd9d356e1cd6b48c30155e1b1f5a3ddd944c66923fa5126a5dd790989a3da0389c56e6ae794a64f1e6324b12564dd465b81c562c6a1b13662ab0d64a6cfa70ad5b5e0995a930cf46d0115ce8ab159f78206a71a019aab80666e189d35cfb0a99cb36611e4dc63638d0e5857e945c21de752dbda45aa47d4660122a4762dc8cd8a497e276da03f120b49f0f72dfab9e629afbe24b5cea44ca870e0e04e3ce89e87bc881175dced1e301c09c1a0ea34a7259dba9a9da9eddeed378d9ef3cbf04ae8256be2381a961c429eb86b6da58e6f9441ef4fb69e2ac6460f0f00fa6abe8eb387c6daf29dd38fb7daee26bdb47f9978c63996f1101c29202c7571c69556a46e0f95ce9fdd6e3a9aff007eb80e658edd6a6ca026a03e49dc1ce0de7a46279555d4d9d30ba440a8100805008054730fceb7f06fef2fd914a95cc2a20402010080402010080402010774fcb6bfff00847a6da3ff00bdfc7dc2ab1b2e304b91526b40898675260c3cb7c48ea3db3a7fa4af771dc1da210dd21a0d1cf71a86b1bdae58dee1bd6383b779679a79a795a58e9e67c8f8ce609c7349136b9aae6b1cd940c8d6b4cf256b27b417c86b90ce9cbb5654894e14d346f06855006bc33c780e0053d4a0238fc559090d1f64f1ec09950fd3ac979c7f40628b96581ef048218de599442844d60d6097f30990af2aa7537c351fe9ff005a64c187c13971f10d1c815729610581950d1aa41c4e481259353c4ef11cd5196b1a3107538f3528518dc480fcbb94565e359cb0e1e84297354bdb1f601e8cca81cb76b5d2d7ec8fa92aebe57fb116bb758a579a318e69c72a2e5d9387abaaff0066dcda3a8ed208c363fd63c0c9b88ef245579a75bdbfb227bbae5ec2749c183c4efb23b38adcd13dd8ff00dc29b49737c551850d7ea57d13f6c265f89d331cd85a0eac3173bf325d13f62c6c7e204d20acb8475009ce9cebd8b9eda3a4de2c6d7ab59ac1d558c9a57314e1f5ae763a4d965b5efef9aedd0975416d4579b4e23d4b1637ecbfb4ba1244e2d71009cb8e0854cf3c5436b80cc77a8a8b777a628c50e7892ac4af07bff52c90b9ec6bb0d381ed19fd6ba6b1cf7ec78aea9ea2bb9e18e264a631a1a5ce1839c4fd915e145d758f3efbbc9cdbb3b83810cd2286b5afa085de6af35df93f16e3a1cd8dae7c92c8680341a8e3c012a58d4ab6dbe3dd65d21903c3fb2b8ae77691d26b7f0bd6daee3651b6591a6391c0e2d38d0f02173f695bc58d45d4f656b06f72326639eea034c89c17b3aef0f9fdb31b225b4f68d702c81d151ded890f7e58ae8e51d07d0dbff53f44b76c8eead9eddaf72a3ace4ac71dbce0b439c0b4d0b2601d81fb5c925c35797468ae907980b68ca0150201008041cc3f3adfc1bfbcbf6452a5730a881008040201008040201008041dcbf2d82bf05ba707ff0099f8f9d556d48d9a476a297826061c69e9c82834f7c4d921ea1f885b3f4f5cc8dff6bd9addfbb6e110c417d74421c3d38058bce5bf13f972c758ba33bede32205b0b6e66d2c38100c870c3b1354dd440b5a5f266e0280f69c969ccf41a0c1e37f88e25dc87251445a5e4bf4e9664d7667b39258494b11971d2d352702470f52cb5212e6451b456401a0e15cd22d921b0e8bec804732ae1961b36aae9cc665d800812fb86b5c0b455dc09c9309967de2e03713a47a15c19a6fcc04f89dacf22082864b120a574f84607040806a406f1c9413e0b68d80492614a9c78ac5aebae88cf6ba690690407638f2559db9a48687c8437d868cfb02b94a4b8d5ee94e783476ab84be4ec2716b183c4ea7aaaa558bbdbda1b31c31ad29965867458aedaf15e86def670d2c702e04534b465451d25a75fb94b4f2cb68298696a983daa29bc99cda163a8322e6914aab3098ac8b9989a88dce0700dccd3bf04b86a67f0b4b492fe1d73c4d716921af61c4107811f9572b63b495756b2dc366602c22120178398c6a166e1ad6af2c2e6e5976c9cd753c96d796aa83f45173ae936e5ef762b9736de573f0ab869af2002e563d1395a4572f7b4b801a9d87a41a2c65bf0afde6695d0bb48f65d89e4335a8c5ad6bbc4735c5d39a012d34007e96352baeb63cf75b55d3f4a5cdd3fcd9de21d5c49a90d195029fbbf0bfa325daf45ed0c734cae7cd4fb24d0159bdf5ad7eaebf2bcb4b2daad4520b76460e7418fa49c573bbdaf44ead6785c5a8b66d4340a3863526aa65af4ca5dc6df6f344dd0c6d69e1c6809eda2baece5be8d1df112ce51d40f863651f18c748ae3caabe9f4f87c6fb13fb19e96f863d6bd4f6d7371b3599b88ad482f8dc430bdcec68c070715d2ed879e46d3e90d83abbab2fa1da7aaa799935846f8f6bb59582265b3d83fd4686e9a3dba4692af96f31d05d2d7bbbcb626cf798b46e96348ae661fe9cc00f0cec3c9e33e456e56574a8150201008041cc3f3adfc1bfbcbf6452a5730a881008040201008040201008041dd9f2ccc1ffb27d38e3c7df69fff00be7555b40a2840d39f893f65a09d5ddc029469cb0b686e779eb6dde43ff5d7779059097da2c8a1657481c29a9729cc74dbfd472df5313feffb938e2e64f2e24838971e4b5af86379ca89c416b5a7d92ec7b705a60f5c33416c6d1c017779c545488bcd65a06b40f30e2dc2be92a5adc970419276454d5e171f10caa7b29c144b94278c75b8d5c72af05a894914ad5ce27962ab21da8e6683b0a05b5c1ada37c473418d5238d0f887e8d30f4205b59135bc9dcb352ab1e1e25ce770684a26d959ba4f1e9d2c6fb4f3f91636d9d74d2d3d2cac7b4807f56dc5c6b9d382ceaddb11097ca4918467da232a2d39ccd6259191b34b3ed71552d88cca5417643d9fca56ab097601eeb86b8e0ef6bd0320b1b37a4cd6c1e98e9f9268db3ccd347d0814fa579b7ec7d1eaeacbd75b74e5b125ce84d0678ae37b2bd3af4c5adb6cd6318148dade190242e776aed3ae43d26dd19a021a40caa3fb56735af588aeb3b763aa6361a1c4d0049966e919863b46d47962879299b17f5c3dee96d203a406ba94c159bb37a4f436baa681a3d98cd4f69aad7bb1e987a9b18f4c64389cf1c39951d245c5a37439d817126ac69cb1e6a05eed66d65b124e14a12389a26fc26be5e02ee5b7b6739f51a9bc73a2e7cd74924796dcba96164c581c6599d944cc4fa792edaf531b76c845a5eeef71577971c31d70d6e27ea0b5e8ccedfcad5b6dbf8639ed863b86b685c227f8bd468b3756a6e5eddbb36590c641648dc1d1baa1c0ae5b6aeda6f97aadb2474a0348c0f0e216754ec9c357eefd2dbd6ffd79751d8dcb186698c7e5ca68d6b599b8f1a00d257d7eaff2fcff007dfeedd7f0e62b7e9ad98ed362d9b72bbb83e6c31329adc5d839e5d9471f6bbe95d65c38e1eefa7ba7afedefe4de378b96dc6e52b3ca8a18c521b68ab531c64f89c4fda71cf92baca8f42d001ad3139ad8ca0100804b462aa7b0cab0730fceb7f06fef2fd912a5730a881008040201008040201008041dddf2ce7ff847a6ebff00defe3ee1556ce4560aa12e6374e55e002cd1a867865daf7dea9b4a1f32f1b2dd40d0337bd81a0fd39ae52e258e979b1c95bac2f8afeea39186222420b4e6287118ad68c6fe558d15948ad349c3d255aca6f97aef0178f083ea0389ec5959187be4924f0d2389bc72252356e4992291efafd86b73aa44db9447c3339a1a46352e75057b28b6cb3eed2654a0ee5519f229852a3967f414525cd11e7a595cb0c7d4a230e947215e40515190e181a549e15595956bb66df1c8c335d3c3216674c2be95cfb36aedd7a4f917db95b4a3c8b63e5dbb3db7d31763900b3ae9637bf6cf1388861b1cd8905ac19331a91dab75cb1939e5cb316b5ad11c5986b70240ef59cc8d62fc7846b8818c79d04b80e6b718de62910c25ced4e3468cb92b6b323d0f4c6d335ede3435be126ae27f4476ae1dbbc91ecfadd576adbb610430451318c0d2283c35e1dabc16bec6b21ebbddedece9e6bf4d726e249ee1892a4cd6adc03b95e18bcda476910c755c3835d4cffd3152ba4ebae37ba451ee5d69b7c2ef2ffdc5f2bcd2a2de2a01fe6712ba4e9b7979f7fb5270a57f521b87936fb93dae1ff8738001ecae0b5faf09afd89b7ca6edfbfdcea0d9f03cc623d6b9eda3be9bdbe5e8ad2fcbe9a491f42e77575f65d595d524687fb4173b1b9cbd66d875e919a4ab63d3dbdb55a081a49a619d56ab964df50465bb5b9c336b4d0772cde61af15a2ba9aeeea47186171636424178153dba574ebd58ecdde66eacb78b62d8e080c1ac6b329f13dcde63f2af66ba63cbc1dbdb67853df34b77676d8ebabaf7c6b9b1c8d940681238e00818f15d3d6cf8e1e6bd99f3795bbedbaaf62dcaf6d6d6fcca6c435f2309258e69a70772aa9b6b2c6fabb76be2f85eed5bfc7bdb3de1ef647bb5b01a8603cc60e182f276f5d8fa5d1dd96c9e98789d8c7d35369f52f348f4765e163b7f417993dc595a12372dc1ef9b75dd5942db5b790d5b6f0d7391eccf9557d5d65c623e0f65fed6d6d0e9fd8f6dd92c596963168600d0e7b8ea7be82957b8e25769ab8e56cd38762b90a5a80402a059f230b39e00a28aad4d91cc5f3adfc1bfbcbf6457394ae61440804020100804020100804020eedf967fe4974e7df7f1f70aac6cf5542033ee52c1e33af36b799a1dc6da3066646e63dd535d35042e5b4c56f5e661c8bf15b6776dfd5f775044574e173138d0d4482a72e4eaa9afe177f1978b8ad4f9dafec81571392d7b39c89d1888b1ef68f0ba9571c2b4e0a3a436eb86b06a0c682398c54c169a7ee8e03ec54f0d20ad62b9da646e7396915677068fccb49937e65e48406d0d7b82232637b0d5c439fcf3013223bc38bb3af32712a841cb0ceb9a816194c01abb3aa968bbd9f6492f06b99e5b08cc568dc171ecdecf0f574f567ca67fb65bcaf1e4c7581868c6c6dab9e460492726ae5ef7e7cbd1faa7c783916dee964d24627014c5a28720dc351fa14bbe1a9a669bbd7476f0161031c1acc09738717f0a37905ad3973decd6297ca321e24675cabccaed9793d729963652de4c208c7801c480b1bedeb1dbaf4bb5c36874c6d10d85bb58078c8c5c73aaf06fb66bebf4e9358917fba5c6a75bd8d0b99feacf9b595fad5d755db7c7879b9f7c86099d1edeff007adc6b492edf476927ecb3b57a74ebb7f878bbbece389e502e36cea2bdbb9a3b92f7cad60786d401e3182eb64d788f25db6b9b50f6fda3786ef2e7cb6af8ec439baccae6b8063295fd1afa974df18e1c35b5ea27b2daaeae77a7b218e38247b5d6f18fb249c29dba715cb6f0f67d7d39e55d68ddd607b40b67ddc0d7691418d32c171db0f6c96360ec9b6c6f898fa18dee1531499b7d6b9dade2ad20b32d90838d1d40570d9df57a5d9490e68e473a2e71dac7bab0a1830f4d5759e1e4da726ef6dc490490b8ea0e07e9586e34cee1b25cc1bbcb2dc5b3df6ed6964441a68787021da71d4081d8bd3d3bc9e5c7b74bf08dbbc4ebb8ede68602e9980b1f09c0683db82f47ecd6bc9bf46d8e23cccbd23b6baf9f7f158cecbd275eba9d224e7895a9bdb3cbcbb74f3e13e1b0b9836fdc65bf617df5e011b284bdda40c5c48e69b577e8ebc72f2b6dd2bbb5b6e31dddbdbbd8c27516bc8a11c4ae5b76718769d7fdb31ba7a3c482368733cb20620735e4b265ebb386e4d92d2da0dbe3303034ca3cc79e25cecc92beb75ce387c1edff00562c30af62db075b928d5296e205408059b3205a182b141449a8e62f9d6fe0dfde5fb22b8c25730a20402010080402010080402010776fcb3ff24ba73efbf8fb8556367aaa1008226e36e2688308a8c6a3d0b1b197307c7be978adbc8bf0d2e7894c0e35c5a1a4b9a294fb4d72e378aed398d2f2b5e496b851b4d25c0540a70f52db1ff189ded6b191b47800a8efe6995c2ae773e42437107d01591ced36cb67b4104501fe99ab944a8ad5d8568390feb532b83ce6c71b06b9c371c58cc4e5cd17184794c74ab6a471d478772466a239c1c28cf6790fceb4c92d1881f5aaa7dad3e6068a171190591ee366db9f77602d9ae2d6c98388ccb072ef2bcbddb61f4bebeb9984ebbd8a3b7652495ed89b83dad218d70e00f1202e137e5ebfd527fc52df6f02da1f2ac238dad70a3e76824e1c2ae5d75d337979fb3b71c6aa2f31d349ae67ea24e0dcd77f11e3cfb7958586d7717937971b4f963da3dbdab96dbcd672efd7d577bff1ed767d861b2687d353cf12bcbbef6be875f5cd7c2d6e27f2edc812795a81d7266ea710d0b3ace5d2d505c45bb5fb1b6b60c30d8d695c439f5ccb8aefa5d672f36f36dbc2c768f87774c7365639ac7b3d93c89e345b9db9739f5e47ad8fa1e69eee93bb598e36d6404877766afec5bf5e54e6f426de5d19920a35de27ea7b88cf2032536ee34fa92562e36adaecdae6f96c6345749e228335e6db7cf97b74e892215b4f1b9f4b761d0327b4531e4148d5917515acaf63253e12d2304bc31e6a5b2d8ea2e39d28573dae5df58b6dba27b34b8058747addaa5ac64138f05df479fb227b8877d9c39acd8c3ca752ed465717b4966bc011cd585af1577697d672bbc05cce26951f4a5e1d75c52ad66dbe4204cc25c08353cc159fd8d6dd730f496a368f6a3b76d4f1a64b5fb5c3f483b7c12f84b069d44b401955672612edb6e64142c00730927296b626ccfd5b65bf6369ea2beb74ed9d63e1fd89fdea6aeae07232b35a9e0b565195b020100830573be415566c398be75bf837f797ec8ae52b985102010080402010080402010083bb7e59ff00925d39f7dfc7dc2ab1b3d550804097004834ad3259be4783f88fd1f06f1b55c31ecd5e73432670cdaea518f1cb4f15cf7996f4db15c89b96d379b3eeb79b4dd33f5913ab8e008193db5e0e69aaccdb31ac62a8ef0868c713c07614d537aac2657b8f01c464174735b6d9d3d7376d6960aeaf66a683bd71dfb647b7a7e9edb729371d3b731cbe5bdfe2a025a3001bcd6276b5d9f4f170625d83700cf3191923861f485b9dd19bf4b6c70aabab0bd88eb9451b5a12782e9aef2bcdd9d3b6be514349c701e95d2b800dfe854c89bb7c1ae618e79b966b5ace5b37a46068680312287d030fcabc7dcfabf5d237ce9f75f0264788c50f327d18af36bbd95ecdfae6d397938fa7eda79ff54f7c90b6ad04e3a88fc8bd17bac8f24fafadbc784cb5e9f8a2755ad6d5e68c8da312b9efdb5db5e89abd36dfb6c56b10631a1a333da79ae3b6d9f2f46bae3c2ce3b2964682dfb59292b5627c3d2fe68d7237513f52d7ba5d53a1da9f69a408bc248a1a2ce5ac27c33321757451dc533859ac4b3bd96e2c8f13d853da9e910ee776dca6c238dd5caa700a72d713c210d96eae9fe6de3f57260ad16a6a7b6563058b22222646351c073a2d67f0c59f95cc160d64646478aced5243c20040681fd02e4eb13216e9680321814c356acb699dcc99b5a501c715dbaeb96f387a67b3531b2331e35392e9b4e1e6d2fc2b2fe21282d3c461de1726ea926859fe9c8da9395466ae5bd62149b1d94875060d55c82cdd635ef707a0dad916007a382cfa612ed94b8e38837215caa15c3382c371380a2b2a59c3d76c0f076b8c0e048fa57d4e8bfd5f17ed4feeb3041c9768f3529a7825594e052795a52e8810080506162d50a0e62f9d6fe0dfde5fb22d466b985540804020100804020100804020eedf967fe4974e7df7f1f70aac6cf55420100a581a96263c163855ae69041530399be61ba360b39a3ea4848688de2d2e9b9662b1803b979ecc5fe5db5b99fc340df17be70d760e762ee62aba473df3f236bb53777b0c00605d970a0e6a6f711be8d3db791b221922b3b511c11875c3851a69800dc2abc1666f2fd0cfeb310cda581966ac9e295c439c733556acebf9af48cb16868f788a9862fe0b9f85b628b7de9537b68f6c5e124d595c005bd37c579fbfabda61adf71da66b37bd8e6fb0684fe55efd77f67c4ede9ba2046cd4ea115a66ba382c2d1c194229db5cf1596a796cee966b4401d5f08635ae3fde26bf9178fba3ea742d374b592ee321efd109a8744d246b1c9dd8bc79c3e8fae661552c3eef07970b436b46973450007f4424b9f25d71e12ed6d4b0b0e9f152953980a5abeabcb2da8bdc1d265c428b87a5b1dae30dae9a53251ac2d60898c0016d41c0156566c3ee6445a5a4509c815729867dda078003003956952b52849b685a28e1e2ee57019731a30681ea569119cdd783467c782cb5385aedbb6860f324c5c56a473df63f7348c69c82c6cdeb11b5132e07b2ab0da5b1a5b99f09cc2a979e0f405ecf169c158b87a3db6e247c45ae380a6903f2aed2f0e1beb21c9d9570afb5905cb64565dda09411f6daaa4aad707b30760f1850669974a5b5e490d70c540e4708d7836879a610a78c084912bd1f4bbf55a4acfd17571ed0be8fd6bc57c9fbdaff006cae9b4ad39af4c9c3c5e4ac8aa9f27464b2d5296e20540a64638299e00b0a107317ceb7f06fef2fd916a335cc2aa0402010080402010080402010776fcb3ff24ba73efbf8fb8556367aaa1008040879c09ad28b3473afccdee911b7dbf676bfc72caebd940cb4b19e5b41ef2571daf2edace1cdd7726abb7c8e35eded5a91cf6b9ab7e88b76cbba48e79f044c2e2572efe23dbff9fae777b3803dd13e4346b5fec37937b7bd795f63597394adb406ce4e3af8f259b5d6f2be7dcb0db398fc41a0ad5331caea636db974baa093173723cc2e7b3554dd57b041716f21d3a5e001503d2ba75f661e5eeeaf68d65358bedae1ec20d5a453f3afa1aed98f89bf5fadc12db773666bbec120f6556a5631cb637483c4968d875106b41c3bcaf277be8fd6fc3d55c36ada1c5dc4af057d7d622be005c096f89b8b477a37ea9b6b6e358d42bd8a2fa2f36c11971737206841185460a985fdbb4b850f1a00919c25c50e0470192b2334a7425cea868ad332b58484c71bc540c4d6bc940a7c6ea8271efee56264c9b60f78ad7b054d3d4b5866a6595916905cd146e4982d4e736adc39f056b115b74e07c35ae387a972dabbea6637b5aea138f00b9e1ac24890615381e1dab4984a6bc8208760b4b17fb130e44eaae24f00bbf5eaf37754cba23cc0e0720b3bc34f08728f16b189181fc8b0ce0c4d6d1bdba8e673030570b110c1a460333e2aa61b8701d02995467c532cc3123c6aa0340722546f0b9e9494fbc4f19e2da8f415ecfab5f37efebc47a60286abdcf97966b8d543271a7052b4585a9e102a04b060aced40b2a10730fceb7f06fef2fd9158cd7312d20402010080402010080402010776fcb3ff0024ba73efbf8fb8556367aaa100a0c1ad2b4532297a8b76ff006fb2328638bdd56c113455ef7f00d1f9566ecb265cc1f15b68de6ddd36edbf4c65bdb899b0411875444c31f9a580e030696d69c570b2e797a26dc34c4e6aded07e8aaed879f67a1e808d924d7ad2738eb50713a782e1f6670fa3ff009be6bdb5b454b5321c6bc3861c1796bed91b692fb870cebc5628f471edadf2439c74806ab36a234d35b452b5b6d19718f1965ec56eb972a6370b81286b1a7507b6a08e2a48ced5e27a936c7c645d818369aebc40c17aba77f87cefb5d599943b8b3d76b13e368d44105a382ef2e2bc775e17fd1f2795e597124b750d3c00ae3f52e5dbe1e8fad397b291c686b97b5eb5e0afb7a78618c711ace0d0b35b8976cf757553b423716d6aea06814a9a1c15c162eedce9d38e3c558e762c993381f08045335bd5ceea7450d1cd150ef6b1e4b487437c408a68231e18a984a5358d737c43fc5d945a918b4f884077b3519379ab84ca4456e5a0b5a473255c25a6676c6d754570c694a67deb3b4228af49697bf2002f3ecf444489c6494bb26b453577e2ac8e9270900c8d91b85698945c2c6291e4b0169a9c71e08e7aaf76db892125cd342ec81c977d3670df5ca736e3cd76b71e634e60159dae59c60b368e687bde68d229873e0a7ad676da21bc9682d3524669161993c4294a2adc3240048cf920873ea1aaa2a3876295a8b5e93908dc8b6b53a0fe45e8fabfe9e1fbf3fac7b1192fa2f8a1038c59adfc1c0b53c2054094614c640b360145730fceb7f06fef2fd9158cd7312d20402010080402010080402010776fcb3ff24ba73efbf8fb8556367aaa1061668490ee056550df6916b32ca753c64e70c4772b889968cf988d9267d9d9dd004c6d33c9265fa0d0da37fa60b8ef3977d3c398af2273358e072f485d6470ab0e87dce3b2df18c97fd199a633dee5cfbb5ceb97abe9767aeffcb6234988490b89a309a0e18af048fd0da97d310b2491cf38e270ee59ab1717f74f646e6f2c3059f2d6112d5a1964f7b86321ccf11dabb4e23cd736a36d966e96ec8cd8df67b2a573abd85efbb531d6b71116f0a84d6e2b8ed331e1a189ed6fbbc9506377eaeb976d7d0bd92e797cebae385aecac636f7f56ea35f5f0fa7159ecf0e9d331b3dac98318282a00af3382f057d7d7c301dfab70029cd47490b63c69035509c91b8b1b47b59a4135183748e68abbb79dcf035784d70f42ace13ed5c5d252bed6029cd6a566e163135ee01e294183b9d42dc72a94c73011ab238919d07055cec39527c4d0310464315a0f4183456a08c7b556687cc1a035c086938d32a1feb4a7a90f208a730b9d2479edea6d2c2336e2171bcbbeb11b6f95be5b71c688ecb505af6f8b1c28119d99f3831f9d38239a659df3092dd591c315ad6b3b4cacfdf1ad8bcc761ce9cfb96b6fcb182a7dedc18d8abe171f171aa5deb3e93e4f873648dae3c70aad466197349a3710ee00e23d6b386e192c2e01ada507b412885734d54028382ab161d1ee23772c3ed796e23e85dfeb7fa78fefff0087b768a806abe865f1bd41142aa585b166b5f0702d4f081680a58049060ac6c0515cc5f3adfc1bfbcbf645a8cd730aa81008040201008040201008041ddbf2cffc92e9cfbefe3ee1558d9eaa84020c2c5a1a93c5e8e0906bcf8abd38ddf76b116ba7ba3249257d70a16fb02bc4d3d4b976475ebae31dd9be54da4e00b88a114c41e5e95ad5cfb262aadec74170c9e2e0750ef0b76312e2b67ed17cddcf6b8aee3755ed01b3b788202f0766beb5fa2faddbefa667c3d0f4b5344a0e04569e95c368f5eb78637398f9a0171ce85348bba41693131bf66982eb638eab3e9eb78c492826aec08f4ae3e0dae52b7bb761683fa408af3252b0d59bb1315f5c32be28cd2839d302bd7a787cfeff0027ec0973fde01a693aa30dce95c7e929bd5e98f656d387411b9eed45c2b55e2de3e9f5de0e3c8d634fb270272cf8acbbea7a303000619f3c1425595a8340defa9fa9554d85cf6bfc4080dcb8ab234b586605b18611a8fb2ee5cd562ace17ea691a89ae0686856e572b13a3986407f6ad314eb06aa12294a8691ddc55950f32b438788e19a64a6dcf3a8343ab4af77a566d6bd487bc9f0b333c47258b53c2b376db9f35a49a039aea61c6b4e2add72b36e5e66c6ea8e31bb07b0d1c0ae3787a6727378eac66d76fe60b792e6419c7181f492aebab9eeaab2eb5bddc9baddb79b707819013f505bbac73f84eb0df3ccb93098dd14d982ec8fa460b2b2d7a486f9ce035920015a9c82cf94b82adae2eafef5b1db111da33074a7da71ec57c989266bd747018a16b01ab06755d758e136674b0f1a018d7b4ad346a4c461e95040b868c47e8fe5522a4f48d5dbd10e02ad8dc75761217a7ebff00a78befdfe8f6a57bf5f0f905b724669d60c2ab35b2d6e20540831559bb0166a850730fceb7f06fef2fd9158cd7312d20402010080402010080402010776fcb3ff24ba73efbf8fb8556367aaa100a04bab4c0d3b56688d3b9f90780e3802064835f7c54eaeda7a63640eba226bbba2e65a5957f592c85a407103ec34e656366f571e7505b5c09dc6e47ebdc4bdd4caaea9c14d537e54ec7feac308f09e2ba30b9e96de4ed57da5c755acb83c77ae5d9a7b47a7eaf7febdbfe56d0d864821bd69d55b7b8156b82f9dbc7e83aee62c37fd9e56feb6204b0e208535aef6661bdb5ac9a311ca7c629a4e5eb5de62c78f7cca62f6eb70b1baf3e03ec7b4ce6d59db5cb52afa0dc21dd76c6cec1e369a399c9c173bc246b6ea76866f1a5c3fd46e3c3c417a7a6e63c1f6262a2d8c93c65ec39b59569f4e555bdb9674e2e1ebb66734c0f8fedc580ee2305e5ec8fa1d3b27973bc310f11d389ed0305c2c7a35d92e2a6031030f415162c20931041c0e1d99ab1b48d6ea3d8e3a43f0d40e439ab2ace536ca4156869a35b9f3a2a8b58a500549f10228787a158cd89b0dd687388151c399ae256d9b13619f50ca95a969cfd0ae58b0e09087b8388c7268e00294c12e034e96d00e3dbc562d590eda35b5a9cf1eea26ac767e12ce873749c6b98e0b79716bfeaee9db8f39d7762ed120c5c07159db57a7af7e1e2dfb9eed138c37916b070248e4a6176b21e8f717574e911e78014aa7ab95ec8b7d9daf926ab80a3694776ae778749e1e86eee21899eee45358c48c0adcd7870f6e56bb1e984b71c29813cd65d76b97ad6bfcd84818397495e79c530039be1aab975cb0e7329e1188cc9ee42c57dd39e3160ad06289858748d19b9bdc0785f0d3b6b50bd3f5bcbc3f7bfcc7b15ef95f28b028144a759ecacd68b5a9502b281060ac5028a107317ceb7f06fef2fd916a335cc2aa0402010080402010080402010776fcb3ff24ba73efbf8fb8556367aaa1062a311c56686a491cc69c35772981e67a8f76dd2388c5b63db15cbc1fd648dd65a00cc330f592a5b5a9873f6e5b2eefb87504b23a5937adea671f2ee4d4b6260ad5c5d8b236d70a0e4b9e57c78788f887d34ed8cc3ef93ba6bab9ab9d238e6e00568dcc34704f95be1e0658684d33392dcae550a56ccc7020e239d55f28f77d0bd431cba76fbd71f301a42faf35e6fb1d59e63ea7d1fb38b8adafb76eb340c305cb7cc60c038e382f03edeb52618ec1f720b18d00904e0b71cedcdc2c377e936df420db518fc98e197a55f65f591e76cf60bfd92ea565c3da59714346e408e2b1bece78fc3cff57ed02e079cdc1edc48ff0009aaedd5b62bcddda663ccf9133eedce8db8e905cd1fa2482576cbcd35cd7aad92d8470895d50f70683da68bcfbde5ecebe2273048c9fcfafea5edc8f075572bcba5ab1b525c40fb2711559ae9adca502c8da5aee55a70ae6ac8dfb1e0e1a4e1a9a07b3dea3712ed5edd7e1cc0029e856516b1cb169a37307c55e145a44eb771342e3ab48141c09f5ab0d93229031869e1a0a0a528b4e78298e7b8e353cc93c562d6a1c7d0b6808ae4b36b3536dda7cba72c16e471dab249d04814a735532a8dca4736a00abc8ab47f6a4aaf37b9dac323c686b5ed274b9c00342ec092b4c6cae93601e7bfca654c0e66a6e62846345329e8b0b5b60d731ac6d5c33a600958b1d65c445b8f7d9ef7cd8de0ba3ffc370c4542d4ae3755b6df72ca88a4798dff0069a78d4e75530debb61ed6c25346e38102a5622d90fcc1a7138d392d52183206b9d80c7107b9256b08b774f21c5bc7134563395974531ce9e573b26b4000e789a82bd7f5be6be7fdebe23d7106b45eccbe694ab34eb7259ad955495055594154f60296a850083987e75bf837f797ec8ac66b9896902010080402010080402010083bb7e59ff925d39f7dfc7dc2ab1b3d5508125a0f7acd11e66547b67d0a51477db25b4cc905cc923db282248f51a381c284059b1a9553b9d8d8ecbb54b2da471db430c64b6a05081997934aace30b39ae34ebddf24ddfa96e6ec4ef9981c44723cfb401ce9cbb15d5375379ad9a30682a380558f28c666386975081cf30ac4623d50c82685fa5ec356b81c6aada67e636c742f5cdb6e0c658ee65adba6e0d79c0387e75e2eee9f98fb1f4fedcbfd76f2f6e21645287b1c4c4ecc71ec5e67d1ec9f31e86d26ba6c2cf2e57107269c829661af7b7ca2eea649e31ac6a78af8866162cca5791dfdaf3652d3fd40da05d74b8ae3d93878fdb640cbac496b88d3438d0115fad7a369c3cba5c57a5b092221af3415a00ded0579ebd12ac0b99246d67026987a962c6b2b08236b5a30c00a03cc858ae90c4cd74ad353a4b49cb32b5f0b294c95ccd2312e18b89e0147795656f7156b58c3a5cec4bb338e402b8676d96b043e2009cb1233c7b53e4f65941e0734bb2a61fd6ae709e53a0a69c4618e3de8c1c7dc30379618f7acd599362618638d6ab39c953a1ba2d21b51438538aed1c76e4a7ddb7d9fb47d9afe752a28b70bb01c35b75b483470c7855225a8104cdf79c34b58f6b5ce69e58870c1545bc11b24ab587c2ea0cb1a655f52c3b48746d91430e961ae935268050fa10b110ecd1b5f24c584e398e6530b24c18bce9e7b6e997320d41ad21ad19835a8292b8edaa6ecdb9ca3c33645da41cb2ec45cfe576ebd8fcb23551cdc5c3b324c3336618f6c8dc287b54cba651aea71183a9d8529d84ad6ac55c741bd8f75e90d39b054f654af77d7f0f99f776fed1eb80a9caa57ab0f0b38f1559a75828166b78294020100804020e61f9d6fe0dfde5fb22b19ae625a40804020100804020100804020eedf967fe4974e7df7f1f70aac6cf4ca849460ac6c1a7814a2a543ba9218632e2f11b6b89762a55cb53fc65de2f24e9bbf6b49b6da98dd334ce149277708a369c85732b9ed72e9a70e42dc25f190054f62dc8e369985c6b4c81cbbd690dc9e2c4fb4984c1b639da699a2c875934b139b2c44b6461a8239a58786c1e94f89e616c76dbb126304012d2b4aae1bf44be1ede9fb96715b9f61df2c2ead5b2c523648dc01a83cd7876d6cf2fb5d5bcde662cae0dacadab6a08ca9dbcd65d7d2c797ea1b5f2e37bda068231fa93e58ecd786b5d062dccc44d1cd15613c71aaf5798f9b38dd7d632492c641c5cd75411dab96d30f4e97ca70b87c2e8eacab4b88af6858c64abeb37384788ae34af610173da3bebc9aba9e2172c0e146b4b8177652aac2dc1074c8fd55347e55c2a7fa828efad4ddb98ff00300346b40240ed3dbdc8e7b55b5ace44c4370601a9c4f2c912ecb4b5316806b8b8e15e24e3456ae567a868c2ba80140b3488b34c00ae54cc66b16ba4a8d1de49ef0c0c01ce79a63935a33c574ebd5c7b36619ba44e9a591d5d2d788e3a760ab8fad75c385de1b9b73b99a76323ad5ad6bd87b7323d4a549cac2d62f358fd4d05afd2e2d381008a1a2c65bc64d7ba5a5b4aeb97501232e278fe5532ebaf5daac9ba918d1a6dce9209200cf1ed59e5ebd7ae4f27ecbac59431cadd45f5157733926576e994bb9ea527c22956927b02b9275c3bb7f5337cc2db9abe375063c14cb3b754be13ee2ced2ee274b67e2752a2998a2b1e3df4b3cab246de6b7164a5ae2c73349c43a8b79709c2d7a6ae0cb13985da88a13df9114ef58bc57497848dd648e381ed91be102a08c482b518b5e8fe1e4246c2d9ce2667bb139d1a683ea5f4ba75c6af93f676cecf5609ca8bb3cf2b21a49ae499305814595668b58ca0a25805950804020e61f9d6fe0dfde5fb22b19ae625a40804020100804020100804020eedf967fe4974e7df7f1f70aac6cf52cca85a182b1b06a469ae7824a554ee6591b5cfa798f60d4d693e1ae792cd58e71f8dfbe6e977243d3f6cd7cd248f3713bf369e2d6d00e03158ccf0e98b8696df76666da63b79aa6fdcd2fb9ae6daf05a972e76614ee01a6830056b2c18702b4b18f0820f340a7f81c03b03cb3519040afe5e28a9bb3f52ef5b4ca1d6b3b8006ba09ab4fa1677d66de5d3afbb7d2e656c3d9fe319a363dc60702339233f917977fab7e1f57abff53ffa8f5f6dd59b7eeb6f46c8479830d428bcd74b1edfdb369c3c86ef0ba1ba9260e340281c732780145df4bc3c3dbc5ca4ec0e9bddcba8431d4c4fa94ec8df55e16f197c96c24753534935af780b8de1db5e575677074b1eec41d2cf4e958adea5398240d89eda4ae2e69ed69189f524691e478f380a96b5b19734f20d1a7147495261b92d9dad711a5d4023e3402a4a33b45bc5491d56569201aa4380033a0466adeddd24c639b26465de018126944b562c20738b4f9871388e1458b5b9847dc5b2b620198bde69db8ac7cb5eca9bf85f6ae0fa9ae90d18f1387e45db4af3ed62b6d0cb25cbe57bff005603f48a60e738d3e80b7ed88e564abada9c3cb2e9c860a922b981dfe859cb5a6b4abfea8b6b703ca702ea6935e2161ebd7af0f2f7bd46fb8249a960c30390aa61e88af96f622d1ab16b896b88c29c9cafab5264eb2eede835bc31ada7889cc838513d5d2cc793addd2da26d2599ad75493a8f3c959ab9db0d4bbe5bb5d46ca0bbbd2eacdb85c74ff548b79bfd56d38f8b3aace2c636da6d1e824ea1b4b9c18d1a8d4618e7dca478b6d165d311985ee888a02dd6d3cb51ad2a9e599c1dea2121696c46ae346d0e1527d1c974d672cef786c3e98b4f75d8aca2d1a0889a5cd389a9153977afaba4e1f0f7b9b570d02992b50aa2d7aa0a27a814ce009681450a010083987e75bf837f797ec8ac66b9896902010080402010080402010083bb7e59ff00925d39f7dfc7dc2ab1b3d55083056360d48da93c120873c0d113dc1a35106a5ca5239e7e335f49b66e10ee36f269be89f4746055a0398284b8f6b725cfe5d7cc684de26965ba92799c65b894eb91e69524ad48c6d54f31a107e95a91ce98388cf1268a853636b9a0d7004264130f1bb1a807342103c581e19fa55324e8a1c0d7b54c0911c6d7509ee214a3dff48964b68d0736af0f7f97d8fa773aad37788b21748585c5becd4e192cf5d6fbb5f946da3726985919234baa1cde35e1f4adedab8e9bf0f4367731069028e2000ed39100918ae163d5a6c9d664ea7440e9635faddfe138e0a5748b67112b44ac342d1469e75c561bbca15c796db1d5290c32e2f3c69aab40ac8be231b7796ea5c4cc2c690741762e0d382d378e13ed249744d47134d2c889a015380c11c6bd26dcd718184b85000283f4ab8acdad6ab08642e90e938818158ae845ec9e28c17624ac9629772b67cf3c7e655d0938379d0f35b970f3fae55b752bade405b193a4b880de25c54972ebaf5cc2a773deb7a0c2db6b091dc2a4802bcf8aeb3add24bf11462cfaa6fdf59236c2daf88135f4e0b7eb164dbe6aeadba33749e30d92f8b4b8b7d900784f68570ed3094cf858d7ce355d4d2006950f3424101dc7827ae5d26fa4f84eb9f85d62e6b436495fe57b04b8959f56bf66b7e132c7e1fed61c239226c84d34b9c93536efc2caeba3b69686b045196d28e6802b9730ad8e77b6d57dbf43ed22e016c209ae4561c2d58c5b3dac374d36e035b5a0a0a0a85c77f2e5b3d55bc4317c74243435d4cb0c5591cb2aeb97fbe6eb6d601d492e660011865426be8aaf4756b9af3776d8d5b5e0608e36c6380a557d37c79e4f8ed514a5b40a8c158b0015d60166c50a010083987e75bf837f797ec8b519ae625502010080402010080402010083bb7e59ff00925d39f7dfc7dc2ab1b3d550a646166c0993215c9483c875975147b6da54c6e9ee1e74db5b348f6b839dd8a6d5ad5aa3aa7a46ea5daae375dda3177785a646405da218750a9a8a788ae567cbaeb5cf7bac124733c3c0d59300e5c16e573b30a09a81f4e4715d23960bdbeca4bcba8edd80d6471c857002a956266e16c2d9c6218e97014c31d231c7bca912ab6569e2280d4d79a4086835a0e2b417a4d01a6668a214da35dd95c94a3db743ca29234e408c3b1793ec47d4fa5787b0b985b3c04168757815e69715f4768f257da62b97c10feadc1c28461de2abd5af332f9bd98970f55b4f902c01ae746d4f663d8b86f1eaeaa962506333b2a68c6b5e3fc5c162bb69539b74f36ad0cc0bb203b967187544bf0fb86c51126a1cdae23d9a8c30ee5ad6e09383bef835f963c25de18e99e07128bb5c2d612e7461b1d3170ab85480da9fa54ac48bbb695cc920657c0d0490789c00cd61ab1716774d9802001854119775566ac2ee181f42d1591a2ad2389190f4a2db937ecb1a24f13aa75579f62cdacc9ca0490c723eae66231a76a91d214e8086eb0ca9a5294c315d26f5bd6c4292d2369f3482d0732b53b1d4a804ac90969d750283b2b5fcab5375c2cecee24d60925835b8d7fc58d3d6b5ed4ba44d176f120a9c31a72c714bb2eba43ad756669610d238554ca6383f1b22d24baa5d54b5cef3e09f2031e695a9c4d305cb6d9cf63cdb505a1c286b891c972f2e169a74ae8a47cf1b8868142c1535fec5d3563645e8b6477fd74d95f502d83e76f2356e915fa57d0fafabe77d9dfe1b85a31ee5eb7824e4e0595297488100830b39c014b542804020e61f9d5fe0dfde5fb22d466b989540804020100804020100804020eedf967fe4974e7df7f1f70aac6cf554298026036f1e2073a70591e765d8a1b8dd1fb85e80fd35f2da7100372c167e573c3c27c5496f0b22b78e333ba6afbad9838eb3e1639dcc5563774d5cedd5dd2f7bb741717db802d7caf31c041f0bde317b9bd814d4d9af67c663f4f7aed3c3857a4e8fdaaea43717b031dff491991f31a8646c2284bcf6e4166d6a455dc113f983553cb348f0c5e5eea948951a58df38d118af94df183f64648445a00ea0e182d334bc0441dc8d4a995664e606083d17474fa6f0b6b83863e82b877ce1edfa5b7f6c36445421a2b810bc0fb51e637db374576d9238f5e925cec69e95e8eadbe1e1fb3d7f312b6fb812da35ac7b6370757135a9fec4de31d7b2d5ae0c8dad71fb388edc69f4ae6f569786609dcf25ae2439a316516768efaec9514b33a201a01763a09ecec51a8c4505c960258d75c034a9a002b894c9ea97657135bbbc90e049ac92914a00300288e5784d76e92ba46c605676e9d4780d470c130cfb3d04577232116d0e32b4007bf327b0059b1655d5abf4c2d748ee028e34a7a02cd6a5c1323ea0d7218871ce8b0dc0c85af35a7a5468b7343452a29900a65116461ae23bbbb3530d4b8457e90406f808c4a4aeb3b3f24b6ec3482e6f87d74ed5a9b5749bc65d7f6c38ea7700b5eed7bc286ea437c2091c080b3ef4f6d7e52ed7759676691e1c6853dab9edd9afc2c629da49f117618bb82cdaf3ed729b6d3b8c8e6e9a30534bb81af05a8e562bf71b9744276814d6435bcaa4735bd3cb9ed785d7c2adb4321bddca404b6e656c704b4a82c8c6934ff312bea74eb88f91f636cecd86daaef1e6a7db92cd68a5d220528c2cd50a01008041841cc5f3a86bff0066fef2fd916a26ce625590804020100804020100804020eedf967fe4974e7df7f1f70aac6cf5558aacdd8154f61838907929698459181de0a5595ab8f3c50cbc45fed525ef54cf72f6d1b18f2a071ad0547b43fc2b9cf2dfc39b3e306f8dde3aa2e2decc9ff6ddada60b668c469660f79ef72916f8c3c0ec9b33eff71642710f24d00e55d23d256ad7393e5b4775e93bde9bf8677378e02d679e56c2eb673e8e94d685da7ed115f42cdcb7c355c2cf773238b5d35c92196ac8f16995f863f500b7c3961b0375f87d2f4a7c3b7ee1b9334ef17cf6b5d19c4b4c8708dbda00c7b566f3874d788d525ae6121e2871a82b6e75890d1ad1c2954c859a686920a855a74d4c21dda1e4ec08ef5cfb670f47d6db1bc6d3b3697069e34a0f4af9d5f7f52775b274b190dd249c81ec575db1537d7878d6b9edbb3191a0ea203464bd72cb1f26e655f59c9290fd6ea819b470a7695cec7af4a9760f86673cd0891dc3104ae5b4aefa6f12e26ea73a3c63a0cf2a71cd4c3a7b25c0e636dcb5d255ee3e1e249cbe959b0f6c243591c77019a7c2d654bb218655ee558b72c51cc74b72694ab2420626b8d3f22ae7526d6f5d1b8c8f244b738960a92680014a2584d9e8e3bc2e633ce6f941942d048ad062b9d8e9ad2edafe39185cf70d523886b798afe64f56a559c5335cd1a0927014a2e7637289ce87821c34f10b3637aa2ba60e20f1ec503725b091ae2de20d10a826da769d25d469c4d55cb2a7bc378d94b684b18dd45e07664ba4c39ed9c9505f4f3089a06914f1f038e1825c266d5f6d5b7cc48738d456b45cf6ae923d143035ada1cb32b185c9e63da621470f1121a782dc73d9e63a877178b595b0926e43a9e59c0120800827b4af575ebcbcbd9bf0dbfd1fb75c6ddb05adace479b1b017869ab7591a9c47612be9c9c3e45f2bc192d4ac53cdc966b4cd56a6c814b5428040201008319841cc5f3a829ff66fef2fd916a26ce625590804020100804020100804020eedf967fe4974e7df7f1f70aac6cf55582b9df2051497d749a2b035234b23c31e55c313f995ca3cd752492d86c37d3b31b9918e8e1d3982ef0ea58dbc353cb9dbab7a35db1f44efb7e581d35dcec85b703f40381701515f6ab5589c474bcbd47c23f86b2edfb4c7b84d6ecff71bcd0e8e498d43181a1e3c3e95a7356f5874ec9bbf50ba396f8cfb6da074b3cfa6b0c3257f58e06bf641f0819b9672d5c2ff00e1afc26867dc7fdfb71b630d840f2765b07b68f069a4dc4a1df6ddf641cb3eed499614ff001c772f7fea0b6daec8c66dba787bd5d83ec09e5f0411e19bbed512de5af873beef1363beb86076a01ded9e249a95758e7506420c9418f0016b08773611c8d104bdb4f95b95bd789182c6de1d3aee368db762e1e50ee5f3767e87aef097206be23a8d3f3ace1d6bc6750413325f318c1a722f5eae9da3e6fd8d2e48b7bc9196c6bab5d2800e27b56ac72d6d916bb65c3db202d8e928c5f520e9ae58ac6d1dfaead9e5a29235dac3b170270cd7177f662d24861b812101e3ec16d4fb58603b15c52ed12a4ba7ce0b5b5fd6bdb134007bcff5a9c4672910c8d966961f340ad355684868cb2e252a136f134dfcb71ac82c26385ad141891893e84be164899fee36ccba2e95fe6318cd063cc9754d01f5a922d4b65f40f7c61c4318e735a3d02a69c3d4ad89ecbe82f212efd593a694c389a15cf0dfbe4a68648c687ba849f41e6b163a4db0911c0c04b5a49d340b9d6e54b8e0a50019e6853777661e4340cf377248b1026d9649e431b700065cd6e252ad360a9778398f5609b2cb1796560216b452940053f3ae784b53cc243036828e188ec570e7945bb805bc01ad14650e1d8715ad58dabca5ad94bba752da5818cc8cf3c4cf683ff851d0bea69dc17d0e8d797cfefdb86f78636451864608601e169fb3d817b1e03edc456bc56a253ad3c14ab9c94a01008040201063140041cc5f3ab9f477ef2fd916a257312ac8402010080402010080402010776fcb3ff24ba73efbf8fb8556367aaac15cef9028a1037237560558615fb9d8c375e5c720ab43b569e1e1c94ab9788f891d2d6bb9ec0cda842642e779b1b465ac1fce6ab3b45d6e17d259887668ace1f0dc089add2cc5c3c201c42b598676ce90b0b66325ba8d9a1a0186d80fd5b08c75bbf49f5c6a524fcae48ea3eb1db76ada2e0dacec37718f2a18aa3579aec1a034e6afc70473beef6fee5b6ddc37b7908bfb8b8377bbcefa97349f60379bbb382cc97e4b634bee32b24bc94b1c5d1ea3a5c73238556e462d478da5cfd5c0649512e28dc1b4233c492a55871a1c2e6da51ec97803d6a6786bc58db9b683eecdaf20be6f64e5fa0e9bc26b9a1cda9c69e85ce3d1954eeb6e4c2f0c005454f1a95d35ae3d9af0f2e585ae203b5170a10012450af4e5f3acc561924ccba78d5a5f8124e15e2afc312d95730dc35b1343bd97fb6463a41ca9da572da3d1363b6d20739e600591464340ad09777fa54ad4bcacdb72236b74b8e9a503ce3a757b5e11cd73c72e9f0c5a34405e492c0f935b1a01d445680762bb54f55c5ab208982a0d6a4e906be2a549af65562b5ac62f26b131b63600d74b9b183c6e3fe2cc0c3129325a6d974216b19146273034f8f48d3ae9933b1ab6e7794dda2f66975ba47644170ad694c313cc957690d5e8b6cb8b5bbb87362702d8cd1b8d4619ae5b6b875d37cbd05a5bb5cdd4ec4b8926bcb82e563ae4fc7098b1703a6950ae1ac9f86285c6a476e1c704c25acb2da3739926218d357f3c15c21c746d8e66318cd45f887233160c6446a001a87b5dc9620731819a850b787e653096a9775b8f0398ea5299659f6ad48c6f55df092d6e5dd53b86e33375452b1d05b9046062702f0476ea1c782fa7d3387caefdb96e1399e3daba385659dfe85b9e129e62956782d402010080402010083987e7573e8efde5fb22d44ae625590804020100804020100804020eecf96727ff0064ba730fff00bbf8fb856351b413230b17ca8500812ecd58b0d380ad6988c02d33945b8b66ccf05d806e402cecb2b2db7859ecb68789e27d2b211796e6785d187690e14af115e4aac6aaebaf8650df075dfbc4d713b5858c64b264330438b4d34958b30dcb97307536d97d6db8cb672b1ef9b5906a75ea35a03519d782b37fcb1be9f8461d17d49fea49b75c318e1ab53e3734539d5c027ec893aea66cdd09d43b8cb1b2dac66731ced21e18687baaa7bcabfaec7b7b8f81bd47e40f2a17364634bdcd9453d18139acdb5b9ac79edbfe1deecfbd6c57713adcc5e22e901a57800b536f2cfa3d8dac2e89a187ece1ea5e0de65f6fa2f09401a0e5e85cb197aa544bb1e170a6597f40ac4da282ea20dd5286e92702e6820f3c42ed367937d3f0a5be6cf5123455cf3a86209f0e582edad95e2da5245cc9116bcd5af06af1534cb92d4994b6cf29f0ee1036312c64979c48ccd4ac5d5d75eccc49b6be9632e0f755d5d4406e55cb159b235aed62737759991832025ec04977b401230af72c7abafbe4ebf74b89343e089f203879ae6e96019d7d2afac4f6a79f25dc2f3345379af9a9ada0702726d6bf42cce4b784edb7718219cb2e039b1c542e0f38e3953b49c55f549bb1613cafb57456f4679c5f2891d9e9241c79669826577b35e5bda40c1134492000b34f85ae24d07a14bae566d8e1ea6c37e6995ec7b8785baa470c46ad5a683d382cdd5a9bae26dd18f2626baaf1414ce95fed58f57594e4772478a952c18f7a8e94f89a913dc5d8e6403e9a256a6a5befa2744c7006a72345227a9505db006978f0bb0773c9566c664bf67ba91420bea23af66415c396cf13d57bcc926db2cd1b6ae630c73345410e07027b174d35f879fb36e1b67a17688b6be9cb4b718cc5be64ee1883249e22457bc2fa5acc47ccdb6cd7a0fa11965bed05621d6e0ea2b4875654201008318a00e01024e6aab21d409830e62f9d4353d1dfbcbf645633b398d5642010080402010080402010083bb3e5a4ff00f0974e0fff0037f1f70b51a91b3864b9ede545559a80296606540970e2ac21b39ad334d9a5566f958c2ca840cdcc71be3735f1896a3061c42ab1e7ed3a23638af8ee4eb385fb839fe619dec05cd3c033f44059f48bed53ee3a7b6ebab86cb731f9c5b903ecd4f1a2beb0ca541b3edf069f2e16b741ab28d187726132ccf6b138baad075f8437b9515177d35b74d612c4f85b43aa8698b4f0a2cdd573cb9fef2dfc8bb9631f664734571c890bc1b3ecf41001a508f4ae2f5c32e60d5538f7e48dd9940ba84d4e9a0af022ab52b95d54173692098c8e7b8b599b70c3b42edaecf1f675fcabae623721d23b188645b42ef4b975970f36d328b6e63b5793193234825a33216af31ce59af83eddc3cbd3a62abe427c75d589c7103929356fdf0760b99096465a4873800c682e04732699a962cdb2b3bcdce50d6dbdbb9ac04d1d1b29514e65675d3f2e9b6ff82249a4d2d7ba43ab1f68107d15c4f650244b6c486c9096324d018587f560d4b8bbf49f5ad00426dc276ddb8b2e98741735b20d05e3c2d118a93db8e144db5c2ebb5a7ad2fdcebb618581b0170abb30228460d07bcab866dcafacf78858d318c6b217498800b584b8d09e4ec162ead4dd32d77d926decb98432291eda38fda00501530dcdb95f8dca6f7a7398ef035c5a71ae0298ae587aa6cb183767189cf2dab837123104a9874c9e8aebcc8984905c4568566f0dcb9666ba8fdd672c3a5cda91d85a2b41deac636aa5b8decdbdb34b9e5acd4e7d0d09a1151f5aebaccbcbd970a5e95819d4fd576fb4b838db5c833ddeaa9a450d5d4cfed1a2f47569cbc3dbbba3a28d9144c898006b006b40140005e978ca4196fb41221d07c555a25e4e2cab28318a031401c020330812450aaa115cc7f3a7fc1dfbcbf645631b398d5642010080402010080402010083bafe5a7f927d39f7dfc7ceb51b8d9f43c1636f20a24d8c8c54b7232a04b88c9581b25699a68e6b37ca85950831454005093cd06500a0438570562c3530d303da5b56d0e21291cdbbab03afa7232123ff00fa8af9bbbec74a270d35ee5cebd7ad36f692f1a860165b21d0eaad055aa88375b7b1fa9a40d54ab4f13eb566ce5b6af37b86d92d48863708c1ac8460091cc2f46bbc78fb3aee78544ac7325616308d028f75280f62eb2bcdb6b82276995c64734c54a02d6d48c0762d4e19b3261978210591d58e27c6ee63b28ad8e736fc26c171a5acf7625f20ab9d52333fde2166c759b7e3ca4b2fae3ccf32705f20074c79e1ccb8a964596fcb36f3b4ea1298cb6be22d7e02bc3d49626bb44982f8c76933610d6b68fc49c00e012ce5acf09fb2ccc36ef6bb289ad009e2e3523fe109b2694ec37b0906f883e5d1ac8611855d86047f74298ab768b9b2719ad3535ba1e00264271118269e972e7b5c3b69cf95c5a5e4a266914d0f3a00ed07f32e75dfc2de0bf64ad9dac706f96ff31c07169c3ea0b3661d66d92db74046dd2e340df4d462a61bf6e1065df8b2331b892d908ab853277856e479f6dde67a87796f966304e9d6d8469271c68699f22bae91e5eddbe133e1dfc418fa47ada4837080362ba11c53bdfedc4ca02ca13df8af57561e1eeccb8aea58678678593c2e0f8a501cc70c410715d2c60b5065b984894e0cd6d21d192c34ca01024ba855c1862b8d5170cea4c18609a94022b98fe74ff83bf797ec8ac636731aac8402010080402010080402010775fcb4ff0024fa73efbf8f9d6a371b3aaa5d7232b1660654182688608712715a8948392acc365676f2d859020100804020c3b020aab0d5c1a4127f85d9f725f092f2e70be05d7129e6f71c3b5c57cdd9f67ad0a469ad29e1e3cd727af50cc5a4114af151d20206438f044b0d49010d25c2bc93e19a853dbd4ea69cf070fcaaca98545d6d34ae0d0cad0938fa5759b38efa4578d96366af29da6b8ba95e3df82dfec71fd39312ed56f150368657d733a4e1fa35c2aafbda97a64576e1b45ddbc8c92dcb9b1bce2355493e80baebd91e7ece9b2e62219efa12e8a50f11914708cd2bcb5713eb5be2f870fed3c88c41335a232d648010f63c9049e69782494f41048d6383a6f2dbc4e7e83538a96b535fca6c333996ec89b30634607483aa84d4bc84cdabc60e5a39f217bdae3eef1b8966a38788d4fae8969accadecf709ab5748695a38b4503835b4a347664b96d876995a586e7746073a505aec444780e15ff2d7d2b1b61da7b2d76bbc7c4d3a5ae2092257beb4a701f4ac6d72e9a4b09bcea0b2b4d6ff0030170706b2a7da033d2159a5676ec91476a3a8779981db6ce47c51c9496792ac8d9e61af1ece416eeda6be5cb5ebdf7bc4c3ddf4c7c3a86cef99b86e52fbdde309318a781b5269a01cbbd79f6efb789c47ab4faf35e6f35e1be3b6d7ee5d5169ba46da457d0f97272d717f52f57d3db8b1f3bff434e654ee81f8c7d55b240cb76cdef16d10ff00426f10d23803d8be85af9eddfd23f1c3a4f7b0c82edffedf78702c93d827b0ac58b96c4826866636585ed9237621cd351eb491727c76e0b4982946ca0da853265902814425d9aab0228402010731fce9ff00077ef2fd9158c6ce635590804020100804020100804020eebf969fe49f4e7df7f1f3ad46e3672976c2b2162dca0c541822aa9921c2868ac669272550d959dbcb631500a0100804020c115545075cf525b74ff4fcf7b2b879afa416ed39ba4930002cede1ad672d12f7873897664d4f7af9d5f5f5e0d48d07f3ae55e886813952b44769b074409c1de852ab0dab1c5aec41c93c81d046f181a1e0894c4b68c7374bc100e607e7467083358c40d1adad30a85a953d70893d93450166900d750cfd79ad4d99f486bdc5de4bc87073dd8869e1c15cf2cdd1023d825638bdf23687da046a38e3dcba7ec71bd30cc9b3455218c0e0ef63c20802b8e4acecf962f54447f488739af8e47ead54d231039e782dfef72bf54a97a6e6001966f113a7438004d7ba9449dc7ff9932d7a4f76631cc32374b6ae646d6d454e5c566fd88debf56e3ca4ff00dadbed59ff005cc0e02a406571ce800e4b37bf5fc35ffe5bf94e87a737e73ab25f6966925ba582bd9c7359bdf3f0e93ebdbf2bcdafa264b96b1b7b79712022af6078634d7fc22ab96ddd7e1db5fad3e5e9366e86e9fdb677cecb66cb74e0036493c65a333a4bab458dfb76dbcd74d3ab5d7c47a2b58638839ac1424d481cd736ec4ab66d2a0e34199cd42bc27c6fdabdfba35d7407eb6c6464ad3c8574bbe82bd3f5b6c6f3febc1f735f6ebbff001a336fb8d0e6bb5f7afb4f84b49a840963398e083d1f4b7c54eaee9c940b2bc7be1691ff004f29d4da7a515b8ba63e65f6b9cb62df6d1d6ef3879d0e2daf3a27099ad81b77c5ce80be0df2b758d8e764d92ad530d4d9e9acf7cd9eed80db5ec33039687b4fe553d57d931b235dec907b8829eb4cc15a93cf92617d98e28b9654020115cc7f3a7fc1dfbcbf645631b398d5642010080402010080402010083bafe5a07ff0974e7df7f1f3a7b61a8d9e0059b5595008304d0206df89aad44da124e0ab30d959dbcb616408318f354654020100ac839dbe617aa9d3f5cf4ff4e44ffd55a39b7370d070f31f8341ee0b1b78ad69e62b895f3abec46356a18e6173aed0681a5672edaf8040a62316e4ad6b041602ea9343cd255c073454069c7f4b8aace2b0c76821aec54aa4cb1b5d2073703dd82326658695752bcfb9226511f03717601bcf92b96e484f91a881cc66ae59db4ca4c16c6204323041e3c3152d666983b6d0b0bbc638f8bb69dca656ea90ddbe2d5411870cc170cbd699c1e8922d27d3a281cdecc02c65d268996fb7bc80d0c1502982995924585bd88c0674f68a2e1630c4d68d318e1895302446e000ae15c29f991243b1877b590e650a9108a9143de8e6aaebcb36dd749ee7052baeddf41dcd256b4f31cb799d6b95acdf865539517decbf34b9b798f97a4e5905a0899bdf4e481a0f22a07ad02e3b87c67034a724136d779dc21756dee6488d336b88fa8a645bd9f5e7565a3c3a0dd6e1ae1cdee3f5ab0c3d46d9f1ebe215911aaf45c347094076083d5eddf33fbcb1cd17fb7452b32718c969538335ee364f98ae8bbd21b7ac96c647604b86a6fad4b1657bcd9fac3a6377683b7ee30ce7f443803ea2986a6cb9188a8c7ea530b36731fce99aff00d9dfbcbf64559b5cc8881008040201008040201008041dd7f2d07ff84ba73efbf8f9d3d72d46ceaa7a2b2b36606541839210d38e2b5136a43f82670909278acde5a27526170c835088ca804020100486b4b8e4335a9e16386faffa84ee9f15afb7373b5305f79719fee46740fa9671fd497fbc6c606ad0e5f32f0fb5092e3a85300b17974d521942d5875d49753823a421d42da1cb2c1229388e15ae455b5a62a7cca8e19d5530592dd556a8982b115d42a4e20f34c338477c4d9323e85486df672331662d425a7236d0968761f4a95a952e18cb806f11c70591611c3a40ae24f35152608012036a5c786614696305b961a9c0f2519ca5e96d035ada573a715a9087a28f4b6872e21129f8d8c6f003eb52909a55c072c29c141258298540a66a316a26fa03f68b90ec6b13b0ef6957e639f9cb9163d4cb892318697b87d268bef69788fcd6ff00eaac6ddd4152e2b6cc48d60f1554dbc37f492a1bc2b80a9e68a2b8e269d898438c905298d39a29c06b965cd064390c161e464703c1048b6bd9e0787c32be278fb4c25a7e84ca3d4ed5f15bae36d205beeb3163726c8750fa555507c63f88fbdf5941b23375d05fb77bd79723050bbcef26b5eef282946b4500804020100804020100804020eeaf969fe49f4e7df7f1f3a8dcf0d9d828ac875130606a4c1825c6a15897c10ab043b1c5636f2d421c78246a30aa8402030441820115e73e20f54c1d35d257db9484091b1965bb78ba47e0da2951c25773c8fbb7dcb8d6432798e3da5d52b567c39e79cb756d174cbab082606a1ec047790be4764c5afbdd57321f79233cd62bac87217e15388e2a370e3857d0a475949ab81c40a70468b686126b9f00aa534451c4f04699a37976f7a21cf301000f4a65290e8227b81c5a7985484f8dae2062d1f68a2d871ba491ab0513152e10ce5559aa990d08d3a6b5197a54cae13a21354688f4d38a8ab082370a3a43527d2a9c1c90d002061f4a5a92b31bf22ec142c3be6d5c0e6543071b26648a94cb34fb4d06aae14afa519a89beca19b3dd48707794efab048e75c91b8c662dce6e01cf27bb15f77aef0fcf776b8daa440f14c0570aae8e294c713886aa325aea54840d9af1340aac6348190419ef3e8528535c694c68912961d5c6b42155c961d5cb353015aa814c0ceac3b56e26149d4fff00a6ff003ffcab348a25142010080402010080402010083babe5a7f927d39f7dfc7cea373c366e28a10654561d92acdf042ac10ee4b17cb50870e291a8c2aa10080402000aa2397fe61faf86ebbf0d8ad24ad96d9513969a87cc73ff0087256462ecd1b2804907339a315b1be1ceede7edaeb179fd6db9a0e7a4e4be77daebc5cbebfd2ecccc3d64c4818f0c8af2672f7336eea84595208c2a061c79a3aca438d39a37390d7e35c89e1922944b7da19a34c97b4e58f3418a0a0735c2a5090af154126a0704c980da975320514f46cc699d31c918b53a1d00114a7a14cac4e83000f00b395f84cf30065684f2aa96a4658fd589341d899ab83a64c3029849c12d2f2e238734ad4a7e33a7f2950a7a37035ed0a618bc1f693834634c5473aa5eb5b910ec17001c641a47a575d3cb9d731750c6197ef70c315f5fa2f0f87f66726ed1c48a517a23ca96299eac3b150ac29992a04923962ae5583abd099183a011c49e68851af1f528ac971a51a304c8587134a9c39ab132534f8abc7876aaa5d6bdea2a93a97ff4dfe7ff00952a291402010080402010080402010083ba7e5a9d4f829d39f7dfc7cea61a9b366eaec4c1ecc83508d4aca8a4b8f0558b4955961c305319586dd92ce396a12ab41008040223c47c5bebc8ba47a5679e378ff71b9061b2671d6e142eff0028512d7195cdd4b733c934cf324b238bdef399738d493deb7af0e75064357265163d39bb9dab758ae49a44e3a25ee392e3dda7b6aeff005fb3d76cb70473473c01ecc4380208ed5f236987dfd6e6704c0e0242dcb91fceaac89b1ba99e3c946a50f8dae03eb4cba4a4e8142788e0996b2491a48ad11614c2750c0007922d85088b49a64a5325b5808a1040e680634d682a69c54c94e46f21f8607892994c26c2f73811f914cae12d8c38380c39a89125aed54690688d1e3a7480312929c8f1579720843aca71c4f10a54c1d34ad3fb1453b1105f41eb53e58a99135a01fa4ab873af13f112ecbadd90570c49a762e9d7e5cef8688ea983f59a87795f57a6be3fdad5536c491c68bd4f0d4d616530c79ab4858af0081547006b4081040c0d6a79228c4e58280c3bca0cd09c4e083201e0304c050209c1d92d21cd4299d530b14bd455ff00a7e5e3a7ff00a54a295402010080402010080402010083b9fe5aff00929d39f7dfc7ce8367608a38a008a142c611020c3b2562c21cb17cb508228514608334aa864692a9979ceb3ebbe9fe92b0373ba5c012107c9b56e323c8e4392612d723fc4af881b8f596f8ebfb91e5db46345adb038319f9cf15a918b5e31cfa0c4a8865c6a70c9118a6a047354c3607c3ddfccd0bb6bb97032458c4e3c5bc97cefb5d3f31f5be97d8f8af5eff000c8d34c41f42f1be8c4e85cd7e63146a1e2c71c7828b0c3cb9a4f11d88a587b5e2840238955b94089a3235a6411a94a6876a039959548201f09c2bc7b50140d26a713c54006b683b38d140f44ed051535ae69a3b314c6b82860b8e51c0d3b95c87d8e25b802e296196585cc763427ecf6294892c7e22b8939a814439c70c07344ca55bc741e2c428c5a92250d6914a0e4ab15adbac2733dd3b1f0b70a2ebd6e7b56acea780e973a9960be8f53e6fd99c3ca4121071069d8bd91f32aca278701a4f7735a487687894a3140389ee4054e602831435c4aaa06390f5a0c8d233c5064d69471a0e038a0c37fba140a6b811cd6e22a3a80ffe5ffcff00f2acd229d450804020100804020100804020ee7f96bfe4a74e7df7f1f3a0d9a80402010080408214bae5a6166c50a0151a93e29fc7ada3a6049b6eca5b7fbd004388c6384f3711991c96a4672e66dfba9778df2f64dc777b975cddcbf69d5a347268e016b0ca95eea9ef4b3921a25c413905301b3d8a2069238ab14fda5d4b637715dc268e61a9a711c5677d732b5d7b7ad95b576add62beb78e46bab5683f42f91d9a595f77abb7da656f6b216bb1e592e6f42d233568a62b2d4a2563434903119a2a310336e04aaa3c43124a3529e6c8d281c06a00390e2b35a874341cb127e851a1a497501f0f109952d8c22b53ddcd4a14333438644140eb1c0104e595103cd7834030e4110ec2de648af0504c881228067c4214f81e2033e4119a923015fa1562a3ee175e55b97571a223c06e2d334af79cc95d758e5bbc17555b96c0e34e35aaf674d787be70f03402522b91c97ba3e4ec9b18a90e660ec315d633129ae193ababb322a55289e411052b5a9a204d5b96679a55671e3828018fb23bd5300e9e38941935fb440078229a96e2285a0bcd2a68071c544aacdf8d7c822b4f1d2be8415280402010080402010080402010773fcb5ff253a73efbf8f9d06cd402010080402008aa04e93559b1acb0e01ad2e7380033272f5a60cb9f3e357c76746e9fa73a5a70d22b1deee4de7916467f2ab2336b9d9c5cf7ba491c5ef79ab9c71249ceab723396247d532a6c9c0f62ca9a752b82d3241ec58190103805594e5c56a8bae93dd24824f7573b23ae11f585e5efd32f6fd4ecc5c364edb76c9dad7022a7e85f3b7d715f5f5db87a0b7c46780c090b9575870b4d703508d64cbe3a3b50a7714523c4da070ab550a0d6034182cb45b1adc8e00f246a5496b069f0e2388e2a2e4e3a114f09ce8806b1d4a66a2b2e85ad35e291694c68c01f52acd39a9ad02983bb130b12616d3b4952b49f037059669ea6804f15ac3169b3339a012546559b9dc0731c2b805a912c79b9e3ab09199c005d2396cf2bd4b66c92d6414c40c3bd7a3af6e5e7ed8d5573118aedcd39d6abe969cc7c5ecd7152e0a103864ba4ae712680e14aa45a0175284fab04c0cf840e354054d30000e29918f08edee40aa1c09a00a200780cf9aa112c91c4c73deec066067545ca3c36cf9e5f789c7ffc71f0039a86113a8053ddf9f8ff00e5568a7500804020100804020100804020ee7f96bfe4a74e7df7f1f3a0d9a80402010080400a941e2baebe2c74c748c6619e4175b938559651105dfe670f642a65cebd7bf1cfabba89afb58ee3dc2c9d81b7b724547f79dc554b5ab5d3624b9da89ceb8a21b6bcb9f5197252c0a34f428a4bb2caaac290f248a2613241ec4c70319658ac87633c2bdcb556304ba291b2c750f610411cc2ced38257bee9ddd44ac8e661c1f40f6f2771c17cfeed315f63ebf67b47beb19f531ae68c08fad78ec7bf5b958bda1cda8143fd392ce1d11dede7e2ec50360b412d23d0ae5242835a694cc7051af07401404607b552794982324d694e54596a54b11077b43b1672d306211bab5c0e002aa6f432a4908661b7495a068a04cad603c87530255254eb76ea353e8ed52a2dadc01852a780530cd66e0d07766ab38575c4d4074f0415b701d26791e0b513643961a6247b392dc73af3bbe440c1236989068ba6b7972df56a0df2331ded69c68be974dcbe2fd998a211e16d72a2f448f2a50cd58d321b9a6132c528da8f5255005713871a7150197b214051b5f11a9a64a8c9706c65eff0c6054938044468586e24f3651460ff004987ff00a8a09cd68d04139fd4922a97a8a9ff004f4fefff00ca9453280402010080402010080402010773fcb5ff00253a73efbf8f9d06cd40201008040cde5e5ad95ac975772b60b78817492bcd1ad039928b873f7c4cf98896632ed5d267ca8685b2ee4e1e3770fd50e1deac8ce5a0efb71bab896496695d2cd26324af3524d7892b48af7125d89ad33595366b5ad158cd6626f8b029e54e3871a2962c61d8649832416e150314ca60973491abd694213014d188550eb85461c32392cb49fd3b7aeb5bef29eea433e1d81dc0ae3ddae63d1f5bb3d76fe5b5f6694166971c465c8af99b4c3ed695e96205d18a0a8ccae55e89487c45d5188ec2b2d21cb1b9a7b9036d7d5dc6bc0a184d866d5860a2e132100d08a83c8251611c448041a8ad29928b69535bbda082d02b451a950e489ed0ed4b522545702d140ec1591aca3f9cd8ce22a4f15708b3dbe50e230382cd175190d68519b11eeee30a0143c509153713788d49c782b92c31aea00a9c02d466c12697b73c0fe6572ce14db95a19039b4c2992deacd8d51d67b63e094c9a7c20d6bd8bddf5f7e5f33eef5f19525a905a09e58557ba3e525806a168641352858ce6d4039a695f515060d41c72e6a80965301e93c16688b47dd49893eeec3e103edb873ec0a09830edf42d4814284fe45554fd463ff2f801edff00cab3452a80402010080402010080402010773fcb5ff253a73efbf8f9d06cd40201008af3bd69d7bd3fd23b79badd2702420f9168d359643c035bcbb5132e56f88ff17ba87abee1d1cd21b5dac38f956119a369cde47b456a44ad792cff00a29694cb9d854e254f231415cfb68a1814cc573541150388e23e94cf2874e592d521240f42cd8b9608e79f25024d70a2290fa6a2b519a4a7287a335014c2cf0cc8cc411504620f6a962b64742eea6fad7cb7387bcc346bea73e457cffb1d78afadf57b7da7fd6c2b41286e598c7915e3b1f4653ef00835c29c0ae786e544919569aa91aca1c90d4834f422e4a8cc8c7614211536191d9834af1545cda1768a0a1a7da595b13035858350c78144f08772c69a9ae5905a8b15373a4034f42b85573a41ab5538aa2cf6e94922b851628b8373a59469ad028ce55f35cd6b4c7994586591ba522833e08b839e416b49390192d466b1e400dd4460b498225b3d59fa96a659b1e63a83a43fdce29e26b353bc991f9645ad242efd59cbcbf664f4ad276848a0770e0beac7e7aac2becd3b16c8282a5064114280ae000ed2981939819e03040d4b192d70a9a1cc052c0a85a1ad000a00324903a49d2d3c8a6015f1572aaa29ba88ff00e5ff00cf8ffc2b3554ca01008040201008040201008041dcff002d7fc94e9cfbefe3e741b35008041ab3e2a7c6ddb7a5e37eddb439979bd11e2fb51c3da699bbb1583977a83a8b77deefa4bedcee5f737129357bcd683901c02a9148f7d49c7b94b4324f84919260a51a5315020bbc40f0fcea8566703884188e8295f6b14f943a09c710ae54115c6a96264934e0b2d124d0569e8553243b0cbd4ab2c531c7e8481c8c8c0f0514fba8e6e588e3d8ae0ca5ec1ba49b66e71ddb3d969d32347161f6973ecd33ad8e9d5d9e9b65bfb629e2bbb18a585de645280e638722be4efafadc3f41d7b4da6626c96efc78d7815c5dd1648091423bc2822cb01a547a146a196c7cc508ceaa0531e3501cb146a2e2ce5ad057828d2d58469048ee44b11ae58ea38d31e016b229ee81d27b168c2a66678f0343c39209366f9038370592a63a721a40cf2a2ca46608a495e38b530d2e6dad9ada7001699cb2f8184540a00890d3adc8c00c062b5158f26998a80b51365d74eed31dc3eee52dad2131d0e3ede182f5f44cbe6fdddb124727f506dc76cea5dcac0b74882e256b0766ba8fa17d0d397c5dbcb0cc74e3c974490ba0d4477a0481e1a7d688cd48a70406271c8d1159a57bb8a01a0623b10280f07629f230412d1c55151d47ed41fe7ff9566aa95402010080402010080402010083b9be5b091f057a77efbf8f9d55c366ea4c18152724c1868cf8cdf1b4d8ba7e9ee9c9bfea8786f6fd87d8a8a164679f34c239c6f2edf2bdd248e2f91e6ae738d49273249444191e4bb88c94a1bd59d31cd30300e04f33fd4832694c5021c05454516a2515a389502d98b78635452db88a9a76ab119c82a314a8ae0a0410b2a4969cb31cf257298248029cfeb562538c75387a145c9723dcd600df69d83550b6b28c1a46210c70d95f09fa984772765b9751b292eb52e380766595edcc2f17daebcccc7d2fa1dd8beb5b69eda78ab55f372fb3221ca1c2a787d2995c2310d24919f00a5525d6baea40cf0a2cd5868edf230d29c7151a48b76399811922aded5e1cca9cf928313839faaaa914f7d535d230f5ad64c2ae488381030e64aa872d9a1a4713cd44b52047239cecb48c871aa331676117e960702ae16d5bc6d205283139a619853e3a8a38502b8525d15469191e39a1692e8c34d392deb197ace91b66ff00b549386d04cf353cc34533192f7744c47c8fbb6fb7f0e61f8edb4ffb77c429a56b74c5791b6506b5048f09c7d0bd3d6f0763c54641039d1768e473371e788afa1469800692aa0a784201119398e34450286b820cea1a4a98525f286331c3b724452efafd66035fd3c3964a5152a28402010080402010080402010772fcb67f257a77ef9f8f9d558d9a31532ad6df1bfe22ff00da9d3bee96725378dc418e0a66c8ce0f7f67622391ae6e2495ee92471739c7539c71249ccf7abe110dceab7bb0ed4b509381502312e3c33c55c0c36a01a9aa2e0138034aa1807120f65519a4d6a42a875ada0e1c114b03c597a10648c7f22a314f420c16d54ba92918635f42858c69c29cb229930531bc7d680aea9a94c1833ed2a8915c33f5218396d34d6f3c73424b648dc1cd772231054ab38f0e86e93dfd9bfec50deb5c04dfe9dc332d32373f5e6be3f7f57adff8fd17d5eef7d73f2b07dbb89a3b026abcf87af24b2cda1fa40f11153545e5323b3a34573ec44c9f75907b694c2982961ec8eeb0d271c0051724b2273412c3c72ee468f3dbaa2a9cc6611338aafb985c7368a1cbb956a2ba5b506b4c06745a85619180e01a061cb142ebc2486788619ab1cf0b2b489add24e249cd19ab060146d72ad4ab121e21a40a620e00ad2481b169a869a014c7828d64c484869c3171f0fa4ad499acd6c2db2cc5aed96f6f80732315e1e2389ec5f474e23e0f6ededb5b5cf7f345b4e89f6adcc0a51ce864ae0ef10a8ece0ba69e5e7dfc34b45ec0c305da314be38261191c68aae46141864880b4d2bc298a6570cb4788252315cf8d5000604a06e56b9cd6907115a0e0a5829f7c66930f8695d5f91670aaa402010080402010080402010083b97e5b3f92bd3bf7cfc7ceaac6c2dd3fdcbdc26ff6cf2fdfb49f23ceae8d5db441c6df153fef2ffbaa6ffba357bffd9cf4797f67470a2565e18d6a6aa7c2126ba45799514939ad456056beb56848f65458c8f65024fd9a674c5562b2ea5477e2a429e1a31e7fd335a1814ae0a4294695e34e0a80e7f9d2015425d4a76acd6a1078772816dcc52b5e1dea84db571fd2ababdea21e3ab8ad252b9eaecaf728b1b8fe5dbde3dfb78f7bd1fec5e40f7cf33daf3abfaaf2bfbdcfb179fbfd7d7fb3d3f53dfdbfa796ccb8f74f31fe4d7cbfb1e66745f26f97e8a671c9b67bb6ac146b94d669d02b97e451393cdf2f463fd02ac9a9bc8a63970aacb4852e9af872fa546e1bc38a348f369a9ad6b4e3deac2218f26a6b976a35433caa9d34eda2b1ab9c1e6793e60eefa5572be1322f2f0ad29f66992ae69229a78f15a21f8b8799ccd288b032ba8d6ba30cd2326dfa3df2dfcdff0047cd6eba7e8ea5d34f2c767f9ada1368d3e1ad2987e8d3d3f917d08f815a4fe65bdd7fecbf157ccf3a3f2b4e5aabc2bd8b5f318ae6a82ba1bfd3d6bbb91f15ae19a0cb3277725427820c9af879d11463a855002b8d3920c70407d81cb8fa9414fd43ff00a7ff003ffcaa5553a80402010080402010083fffd9, 'ayakitori', '1234', 1, 1, 1);
INSERT INTO `tbl_empleado` (`id_empleado`, `fecha_ingreso`, `fotografia`, `usuario`, `contrasena`, `id_tipo_usuario`, `id_datos_pesonales`, `id_salario`) VALUES
(2, '2016-11-01', 0xffd8ffe000104a46494600010100000100010000ffdb00840009060712131215131312151515171818181818171615151818161715161817181518181d2820181a251b171521312125292b2e2e2e171f3338332d37282d2e2b010a0a0a0e0d0e1b10101b2e2620252d2f2d2d2b2d2d2d2d2d2d2f2d2d2d2d2d2d2d2d2d2d2d2d2d2d2d2d2d2d2d2d2d2d2d2d2d2d2d2d2d2d2d2d2d2d2d2d2d2dffc000110800e100e103012200021101031101ffc4001c0000000701010000000000000000000000000203040506070108ffc400461000010302030505040608040505000000010002110321040531061241516107227181911332a1b1425272c1d1f0142353629293e1f1158283a208161754b23443556384ffc400190100030101010000000000000000000000020304010005ffc40028110003000202010402020301010000000000010203112131120413415122a1326171c1d16214ffda000c03010002110311003f00db9ee4854ac4252b14c6a3a4c24e7cbe13fd93dd3df028cc43c9d6de0aa9da66da9c061c7b3737dbbdc034403ba05dc5c34d207f982b4547b69b1cf7186b5a5c4f20d124fc179736d3696a63b10eaaeb374637eab78799d49598fca679ecec2aa9f6587feb0e6bfb7a5fc96a30ed77373a56a47fd162cf9a0f00528d0792d74fecbd25f4686ced5f363ffbac1fe8308947a1daae6c5dbbed694cfeca9b7e2ef92a1e19ce06448f08fbca9ac3b6a900fbe3ead51a7d904c47d9296f235f235634fe0b5d3ed3b36fa5519e5419d74e04f4b78a7d86ed1f303efe26901378a4c100e8608922dd08e517557c2d313de6868d38b86ba7131e252c5809b58ee981a83692d9d7eeea87dd7f617b4be8b4e2f6cb396996be9bda4488a4d12de6d245b8c8376f191de2c8f69999817730b85c8f66c6ef3798044b1e3420e9a5a438d7199939b633dc07ba096b8710e69e106e083d75ba49d8a6d421c3bae0490eb0ef710e6c4378f4bdc06945eeec07889ec676a59a01bd4eab0b4922f4593f65d6b3c794a663b5acd48915a9ff00259c78f91ffcba2ad621e0174b6c7de689d468e1d35b701cc5c1709871bd1ab75d24f8c71d3cd17b807b658ea76bd9b70ab4ff0092ce681ed7b36811569cf1fd4b3cbef5159aece39a039a25a7422e08262c458c7ddeb10ccb5dbc0116de03fddfdfd16f999ed9696f6bf9bfeda97f259ce139a1dabe6e5cc1ed69c3bffa59c67f054cad81324017d3a0b83f7272d606b81e22cdfb2264fc63c96bb314174c276a59a17b83ab530037787ea98356173469d133cc3b5ccd5af86d5a7047ec584cf1f8aa9d7abdf71e0035b3d437749f59f4480608de379f1fb9679b09c22da3b60cde3df61ff458b9ff0058737e3529ff00258a9f5eadb481f9f8a62fafd0a254d834922fc7b63cd3f6d4ff00934ff15c1db0e6dfb6a5fc962cfcd7e83ce5700074b78145c81c1e84ece3b556e2dccc362e29e21c775ae0229d4304b7ec3f5106c4c46b0b5195e3fc243a83c07bdb59a5b0013bb569efe86f6731db84749e217a2bb26da2ad8cc111889f6f42a1a3509b176e805ae77ef4183d5a4f1468532edbcba0a2ae85a66c3a0820b0310ac122ca49cbc5d15e40049b00249e402c712ded88a9e4cffb5fda2a74307530c0cd5aeddd898dd6137262f712179e9daf052fb6f9efe978dad5412e69790c9e0c061b1cad7f350612af6d95614a50f28d369d49f209fd0c330d8530e3e2649e53a28ca0c24e9f153b82a2f04585cc0b8bff00448ada2b9e47386ca1a63f56c693cc6f1f08063cacaf9b2bb0a1e03ea00390820c751a04e763b202e87bc09e5fdd69586a21a0001044bb7cf415528e8aeb762a80166c14db15b0cd70807f311657508c9deccb15efda327cd3b3c73a204c7d26ccf9c9d3cf8a846f6755e65be638f30e6fe45d6e70b9b8392cf63e99bffd0fe5184623b3cc4181c781e7d3a1e9c639d93cc9f60ea3880f6c11a18122dc63513d56d66983c1145000c80b7d9feccf7ffa28b97ecd16d3f6755bee9de0e1ac81798e3e16f40ab79b6cb100968802fe24cc9e9d0757745af3d8136ad816384384ae78fe8e5957c9e78c7e58e6580b9bdae639f45175b0ae1782399fbaff0020bd0f89d9ea6e9116f4f52a26bec3d13a8f44b6ad0ddc3306fd09c45ecd1689fcdfc10aed0d2378c08b7d11fe56eae3d745b6d4d8a6720074d7d541e3b6098492d02fd0943e4fe504a57c3322ab49ae24824c7d6b7904d2b53fccad033ad85aad69731c0f4dd12a8f8aa4ea64b5edd3a26456c5dce860e011486f2f408f518de048e86fe891854226649e478ca74abd3a8f617b1ae69736dde6cf784f0244af4af6674691c2bb134ddbdfa556a95cf312edc0c772735ac00fef6f2f2b05b276039fbd8fad8575e938b5e1df52a3bb907a3a1a3c475472df42ae7e4dc9742e2e8462c3a0820846047285db3c58a580c554263768befd4b4811d648534e555ed39ad396e243c90ddc24c6a776e079b80453d8abe99e5773a4f78df92e81f9bae8a607bc7bc807049650890c081d3d15fb653061c458cf3fbac15132d1247e7e4b54d8ac2e84bb95b99e8a5c8598d7c9a664d870d60528135c1b21bf8a7213a78426b962817570232342d802305c0ba8902040a1282d38e1452ba51650b350428a51ca202858c427513273354faa0b268f4ba19230c5e18106cb39daad986d5639ed003872e2b4faba15035a9fbc0f1497c31d279d31b8473090e1a268f9e6aebb7781f675498b1d0ff554ea8a88ada25c93a6362e3cd4f6c6e35d4b134dcc76e925a09e047b461208f207a100f050a55876132f757c41a2c009203cfd9a4f6bc89e1301397226b847acd0082011890e82082c1811cab5da3e09d5b2dc4b1bafb32ed63dc21c7e01595c90c761c54a6fa674735cd3e62112157d33c6dba39fe7aa00008f8ba0ea4f7d277bcc73984722d7107e48ad052ab81f2f7c92995bee387cbce16afb0ef260374e368fed2b21c1d4b85ab6c1c93ef5ad69e3f79f45264ecbb1f46b586222c9709ae11d68e49cb4a7212d0b85d4505751a1400576500842d3001dd174ae20b8e3a8851914ac672088ae7a3b8246a32faa07c0c9d0571486ea3969feff002496f9e281bfb1c909622c14355172a6710fb284aeeb94ba193d199f6974c58accea15a5f694fd25667513b1744f9bb08169dd83e11eec7bdc07eadb45dbe48d64b43403ce67e2b2e9baf48f61795b69e5e2b41deace2e331a34968ddfddb4f9a7aec96df1a3465d0b8ba118b0e82082c1811cb8bae5c5a033cc7dad65668e6d88b002a6e556f56b9b04ff001b5ea9c5bccad5ff00e20c3462f0c47bdec5c0df86ff00767fdcb276b092832763317287383371016c5d9de5750c3dc21bd67e1c1665b39839aac1172401e3d17a2304da5429b5ae7b5b006ae02feaa4a5e545d0fc6491a364ee8aaee376930948135310c681d67d00b955ac476b7816ba1b54168e4caa49ff00640f546b6807a6bb34e9403965188ed7702ed2a5706dee529f5df307d136676c748101ce91cdb4cb5d1220dc91a6ba696e87e5fd303c36bb3619465968ed730440dda8e2e3cdbb82799266ca4b0fb78e2c35053dea731bf7ddf37110d371ef1bf45de7aed19edefa68d0172156f2cdafa1540bc4e9c74307ef3e00f2205829d60e008362b55cd746563a9ec52104987ae1aab7681d30ce49b824ebe200d4c1d07551188da3a0dd6a0f4e513ac4ea2fa2074864c364b3922f6faa8d66d150260bc0ebc09e53cf5f45dab9d516892f104c0d4c93f56d7f240dcfd8d52d0a63342a0315522ea5f1398d275b7849d3f0501983a1c47a25577c0e9e8cbb6ff1fbefdde5f3549729fdb027dbb815004aa61704595fe423c57acfb3ac21a596e118441149a48d3de1bdf7af3df66391b71798d1a6e6934c1351f02d0cb80ee84c0f35ea7013e49a9f205d0b8ba168283a0820b060472e2eb915ce812782d01f6621ff0010b49dedf0aedd6eefb3a837a2f21cdb13cb979ac97db6e89fc95e82dbec5331386a9b859560810d21ce680e12235079ac3b6832b6b6a1dc200e536116307c54b5966eb45ebd35e38dfc8ca8e635a9f79a60912d25ad747561703ba75b84daa66155ce2e755792664ef1d0ea3c3a2b26c7652ca9558da825a4890353cf4d3c56bf88eccb2f736d4f74f386bbff003695ab22e52f801e1df2d98057acc34d81a6a6ff0078d40e20b3deee9a605c58999e235bc070caf87fd0cb7d934e24d690f25f2296e321a0076efbc1da826eb5fc5f65348b48a75a01d43a8d383e6c0d70f10565b88d9ba94731183743dcda8d023e934b4546ebcda42d5911cf0b4d69f636c0e5e4980cde3c64480790e0ac9976ca622a90d6ee03ca5adf904cb1d4310c7160639978b02d13e245d31c5e5f8a63e22abec1ddd35088893bdbba75b853e9dbecbfcfda9d292e953b38ad03da6269804686a17ffb4d9214f604b647b5a0ee5bd4c7cd90e1e20a69b15b24ec56229b2b512da6038d471359a48dd86997ba37b7848023575a008bab7635986ac3d90f694e4090edca8278c886d403c257396970c19b56f54b4532b6c2e25a43e938d276a1d4def732473befb7c41700071d14c6cd76978ac055184cc59bed047eb040786ba375dc1af645e6c759bd969795e59dd0e6bb79a664384111c08e041b2cbbb7ec2b1b57065a0079a7501e7bad7b4b41f373fd4a6e3dbec9f3697f1351cb76f32eaf02962379c7e80a754badac00d33c6e24284cff00b56c161d8ef645d59edb6e81ece0998f7e1ce1633ba0c5a6242f3e51cbab386fd3a551cd1f4d8c7916e20809b319703998f8c26e908e5177ccb6eb1f8c79735c290e01a34e8091c94357fd2de7bd5ab3cfda77e3d070564cc32f3418d63486700d6b0b9c6352e3a093cd47666cc5e19b4aa3aa39a2a1b1b10008b9dd1c8e824d8a9d36dfe25952a57e5b19e0b0b8d610e636a388d3798daa3f85ed20fa2363eae3892fa8e7b09fa949941bfc34dad68d392b0643da362693775d150089ee7c7e8f4f556d6edad3accfd6520e1fbbab7ed31d04794ae754bb32163ae97ecc98e618a02d887f839ce1f33013acb73ecd2a566d0a756a3ea924358edc2490d2606ff4078df8297daea74890fa71baee02f1e7c9558e31d45eca8002e0d7b06f49b16eecf90791e00724cc6d57685e7873ca64ce43827e6b8c661eabfd95421f2f0c040dc6c8964893208b11a8e4a0f35c01c3e22b61cb9af349ee61737425848913a29fecc334c360f1271589710d631decdad6bdce7d48881ba20000bbde204c723157c4631d56ad4aaef7aa3dcf3f69ee2e3f129e925245ba75c9b77fc3b611becf17562fbec64f10037788f5705b0aa1762f928c3e5cd798dfaee351dadac035a678803e2afa8d742df605d0b8ba17181d04105830239275db2d23984a3915c2cb414f4ca7e1b29a4ea659b8d1de20981321dacf8aa67681b0550d3755a3bbecd92f2de3c4b88fc16a0696e9207174faea996d6e3053c2d51632c223c4428dccccedfc1ead65abad2f9313ecdf2edfc5337b8198f0e7f05ba9d1651d9c528c4498fa5e2b5523825e37bdb32e74f429460c72e0b32ed07022866f80c6180c73a9b1f3fb9521c49fb151bfc2b4ea1aa85ed0365bfc4308ea208151a77e913a6f8046e9e41c096cf0906f109896c054a6b9e890ccb24a7558e6968b8226058f03eaaadb1f96b6955aac730ef46b24686fa70b8f44ef63b6c37c7e8b8d0ea38ba4d01fed06efb40046fb7cc5ce875060c09dca29b5d56a54005f42208209d411e0974bf39d0d9ba98a9a1574da299f8ebe252d4291d484f617213f44dee7011da690b10da6c09cdf3e6e1987f534181b51c3831a77aa47525cd678f82beeda6df61f07fa961756c4bceeb69d1dd739848805dc01923bba9e5c513b2cd91760683aa579389c41dfaa4992dd4864f132e249e67a05c999a7a2e787c3b2931b4e9b431ad10d02c001e0b00edc72314316cc4d36c36a8ef4081ed58664f5223f84af40557c0bacf7b4bcb463683a888df1dfa67f79a0c0e920913d50bb50d6c39c7569e8152850aac654dd077dad70b6a0b64219060b0f51cf654a6c740ee878de17969226da5bcd567b32ce854a430b54eed6a3dd0d758b9ad260007e937dd205e003ce343caf02c2f9dd130a64bc6b45be49e37b20b30d88c15cb28526db40ea8d06e4c39a0c38696fe8aa5b5392b9ef0fdd683a4b24387c7e0b59ad95b1c75f2e09b9c9e9b63ba994ebe05cb8d7262d8fc19a61ada8d2646a0117e27c7e6ab799608d4ab468d31de7981afd22049e821c7c96d7b6380a63d9ef10d6de5c480036d2493a0551d9ccbdb5f15531a185b4d934a94c1923bae7022c604dc7179e4b21b97b36e55ce8ac6d8e4adc3fb26b7ea7c943653817540693580ef1077beac2bc768c2d4891c0fcc257b3fca1a283ab384974eef80311ea8eada9158712ac9af8349eca307569611cda8fde1bf0ce803469e7f2575517b3d4832831a394faa9455e25f823cff50d3cb5aeb605d0b8ba118941d041058302397175cb8b45bec6589307cd53b692a3eb576d0d03add3c55db16ce3ea99b708c73839cd048d0c5c782973e375c1e97a5cd32bcb467672e7e0f1d4c6efeadc05e7890267cc1857fa4f0a0f6e702d6b455bc59a6fa5e5a7c8fcd39c8713bf4da4904c5fee3e0913f8db91b4fce1593429c250041866128d4f44ed8db31cb28621a1b5e832a81a6fb43a0f3693769ea154736ecea8997e16ae270ef3fb3c4d56cf9bb78abe351d1b954809c8e785d7d7c190d5d9ace69d998cc73873388a6ff8b84a49bb179a57eed6af8a2d3a8ab8b259d7b8cf92d809452f4978bff4ff005ff0a67d56ba89fdff00b653b6476130f8187ee8755e0e8f77eccdfcd5af7926e749e8bad6195b32a78405dd5bdd33af00d954b3ba4019b0e51c15bdd4cf2501b42cee9e697996d6c6fa6afcb4663b53b226b38e230f2da9f4b71db8e36b9079c70e3f35f0d88ceb08d6ba9d66625902d5e9bbda37a12def3bc4b8ab7e54cef10acb82aad3dc74749e6958eabad8fc8a572d19ab7b4cc703baec1e1c9eb5bd9c793cd94a51daac7d46822960dbff00e80eb7182c0fbff955ef1994d07fbf458ef1682a2eaecd60db71418d3a981f714c6ad7d7ec19bc0fe1fe9942c46cf57c7d72fc6625cea0d3228d230ce8d2fdd697f193ba0f82b2ba8329b1ac634358d1bad6b6c00d00014ad7a5b821a440b428ac419d75b216dbeced4ae5141ed14979a74da25d6007ef1d15ff0028ca5b42852a44c86536c9d2e2e7e32aa795e0ce271eea8477291b7c9bf2255b733c54b5d1a775a3cf5f84addede805b897659f25c56f0e9c3c3829a6b956f22b3429e6395be9e5f8f278f92b91c2e849b4a51a9cd0298a208208468472e2eb91568b7d8084d5cdddd648e7f8a74bab9ad8536e4a9edb576fe8b50c8b445f5323fafa283d93c68330001603c04036f14e7b5cc23ff0047654a66375fdf8e2d222fe06153b64f3171789b08331f72f33d4aa8c899eb7a6a9c989a46bd86a823d13a950395e26402de227ca34f815334dc9d8ef689f24698e1aba4a4dae45ace4df2e056b6c2d47f042ab0eea2d38d4a2e271ad6a14d76c3d3de910b9be6b568901b86a9549d370b20f9b9c212780cfab38c54c1d7a3c8bbd9b9beac7123d2137cd36a180bdbba0c4c750d68738fa1b7814c7fc765b046e93e500e83f3c94f59e25f65f381d4f3259f099db1d24b8003554bda8db5c38796fb56db5e24db901291c66ce32a7eb5d5df49aeb90d7125dd60f1e3ce140e3327a149c06e31e002492e71248e726ff9d50566e34c2c78653da2c1b3f990ae4ba9c9038f0f0bf153edc416eaab3b339a530ddddc14efa0163e5a83d35f1562aeede6c88297bfa0e973c966c2570f6cea8b5e0286c86af78c71175258cab1f354ce4dced91d63f1bd22231d575169e9d540e6389dd6177204f9c5be2a431552498ebf2556da6c6eed32d1aba0758e3f14a4fe4735c6898d8d68386bb7471bf13cbc444269996343f12da63466b1f58fe0146e276a9b470eda74a2605f85c28fd95717d4de2649333d56edf8ad1367b5fc4d6b28b3429663942e5c61a149537aaf166d7079d71b2418e4b30a674dc9cd237563e56c52ec728208258f08e454672e2d16fb3882ea0b4c19e6f8215a8d4a67e9348f5162b19ff0d761312695471326ce1c5a67d345b92cfbb4fc009a5585880e0488bc41833c637b4ba9fd4e3578dfda2af4991c644be18ef26a858c126f6e31a968b8e93f92ac185ae0c5bf278aa150c55c02e0010207bbc6f6eb7f82b1e558981737e3d6205a7fcdf15e6c64f17a3d2cb8f6b659815019ce7429c9898e1a739d7c0a9a63a5822c7e5cd671b4ae351ee6b65dbc1ed0d1125a0169b9e26411d00e69bea32b995af917e9712aa7b0cfda2a955e049dd3f0d623e16e3e696ab52a3daf7364902e49e53204686ca3309b178c712e6b98d17824174b411ba2244252be2b32c3ef52fd1e96e833bcd713337f75c073eaa6c78723fc9b3d07e2f88d6c84ab46a021c0904088223dd1cfccf9378252a5473b424c86f130086dcf5e067c79a9ec2e12b556b5c6ad1a65f00d373482d2e376eb122489163d4270762abb087b1d4cb9bd4898bc9d6ffd16bf496cdf7f1cbd53d7f9dffc0d89cb6afe8a08b96c122e091a1034bc133d40550c631dbcf00f7980bb76fc086bb511f0b74e3a0e299993991bb4a08e0f1eb30b31cd4621af790dde749639ad9718048875ac2da9e11c21164f4ef8f1fd838b227be53ff1cffa0af7eeb890491bc20c6ad26d7e9dd1d2faea24f2dda0a8c7343e4b46bc081c7d3f0f381c263f105c1a706e3a01e3a7e2a5c6cde3dcc9f63bbe2e9e0410445e77be081e2b4136be7f65ef66f36a42a5cc6fdb5903803cf909f05399c3f7564547dab3758e044bdadbea1cddedd3e5046ba133adaf58ccd096377cc180d709b48b483c8eab71e46a7c588cb8bf25486b8aaa2f7d67c34bfc42cf739cc77ea44e800f31a9563cdf3001ae0380f42441fbbe1c967b89ac64cea0903ef4ec73e6273578a3b8ac4ef103d55f362e8e8b3ba025e3c56a5b1acb05e84635c23c7cd6fb343c136c9e3026d86d1380e4ff006649fdc639a653ba06e1306393bc33ae131ae0c97c920820824950472e2eb97168b7d8104105a60146e7d816d6a469bc59d6f0e44755249be3341e28696e5878dead18b56c03e9624d2df735a1e3de92627787788d644c8563a18a3bd1bd111266759e5af97d652bb7591fb760a8ddedfa77019126e351c7ca3554ca38e8a6e904b9a0da63be22ff007eba95e366872f47bb8ad5a34cc162c546900f083e9d3cd2386c8daeaa6abafaee8e5bc64f9aadec2e29c6a387300f1373ef4f23226eafd8710004dc4bdd49d7c13e56f136a45436026d8ac2b1e21cd053a29078f55637a2486d3da1854cba9e85b6f094cab65d4fe8c7ac427398638d3078fc7f3c557ddb40c772e379e13a5922bd4e34f4cf4317bad6f6c926e5ec882eb78e91e09ae32853820689b7f8bd2310664eec4c411f13fdd2adad24340b1008d66e09bcf97aa07ea635c0f5569fc8965d83631f2d68127f3f356c686eedc050d83a50493cec2dc87c754e2be2a0036d6089d27f15937f2c9b36ed9019ce1a9d42f76ef133c27533e33c472553cdb161e20709bf40787a0537b4b9ac0706da3ba79e860cfe75542ccb171bad99337f13fdd49ae78285c4f247e638ab384920f1e63faa84aa4b893cd582a65d2c04fd298f0078851f5f07baadc392278f93ccf536dbd0c709ef05a56cae222167f4a9dd5bb672642664cfe2d68f373be0d5b075a404f98541e5a4c05334d7a38abca764d2f62ed7275847f7878a64d29c610f7dbe2131f41cf64da0820a72d08e5c5d72e2d16fb020820b4c3890c6fbbe89749e28770f82c7d051fc90d693966db7b953e8d6159a2695486ba0441d22784cebd168f44a4b31c2b6ad37d37010e045f4b88ba8f247949e963bf0ad943d95cd98c9800681d16dd81a1f5d55ff000f5c1e2b05ce30b5f05546f58127c0907e22c08572d95dab2f0d61e80f4b38f1d780e5e8a39c8e3b2acb855f28d52999ba33992a3b0b8d0436f2207af24f4e2047e7cd5d352d1e75434cad6d731dbb116d09e024dbc4db4eab37cde83a93e06f06dec6d0c6f74931a1de9f0eef385ad665564cd8c096b4e9bc6c09e7723d140d6c8d8ea66990379ed1a99803493afd27131d79de2cb853b6d1e960cbe309328593d776f89e7a712d71120ce86620f41cd68197b03c82d92081682226fafa8f2ea9bbf67d94c97b41708dd1ce2f247502c0dad3e52994d50044e84f106c66c3c3ee2951852ae4665caaa7723ca94a05f4f92ae6d162836049038c6ba6a399f9f9295cd733680417408b91c2df3805675b5f98440241de122398892de979f0ba664a4f89138a5f6c88cf333113622678e83450980c39c456681f5849e42754c1f52a567c34497701a410b4ad9fc95b46937ba378f789b72b0f25aa7c57f61ff27fd0c333a14da4536b802d161c63ef559cc9d1aa5fb4dc0d4a3530f896921b55a5bca0b0fde0fc142ff88fb565fde1af5eab5fa4a9b57f0ff47979afc9b5fd8a60c6f3a1685b3982800aa2642def2d2b27a8202a9c4a7b679d9d966c1c0524c72ad8c780614b60abcaaf16597c2269af824c273831df6f8a6ac4f3063bc3c550fa1d3d930820829cb42397175c8a8853ec082082e38ea88ff166d4c4bf0acbba9b03aa1faa5d6637c4c13e11cd176b33d660f0cface2378086349f79e7dd03cfe0a91d8897d46e2f1150973ea5612e3c486827e2e2b52e0e5cd17ca052c93a8cdd791c0dc2382a6d1e86f7c9179ce494710d0daac0e1275e47500f059667db315f04fab52909a0d2d7025cdb45da0e9ce399bad9c84d71d830f6969687022083a106c41e904faa4e4c4a90ec795cb32ac836c1e6054243bba1a4d80dd3009f80eb278ab6e173b0e6dcf765fcfbc372f7f3f4559dabd81f663db5074483bec3f45dbec7773a4b606bc35955ac263aab01dfde6b4b88bc880e98f30e820f8a832454f4592e2d1aa6273025e46f5a274d011733c20ee9f5491c7b4037b869d221c4c1fc7e0a81433d90d04cc02090db3b8b74bddb220f113c521fe3a4bae6ce906f3bce0010eb5da7dde9740eec258e51a062738fd5dc8b0dde5aea7af1feea24e60e7189dd322483c625d3e45be3e2aab533d0e8246becdc5d03886eecf2b1208ea3cd8e3f39dd2e2d24dcc1906ed112235e9781238eb9f9d70c2fc67a26732da005ae6991683c4b4ee18239709e63c2d4ec6626a5477b31deded1ba8bded3e93c936a6e7bdc624974971d7424fac4abaecd6cf83df736e2049e8011e7f8aa271a862f7e61b62f2034c17546c13a4f289b4e9209f556ba9c1add4981e764a86802148ecde0bda56df23bacbf49e1f8a6c4ba7a3325288dfd15feda3269cb5b024d02c7797bae3f1958560ea91e4bd5d9f615b598fa6e12d734b48e842f2ce63973b0d88ab41c0f71c40ea26c7d217a74bf14787f24f64ced08579cbf11659660716ea6647f42b43d99c7d3ae201878d5a7eee6bcaf59191733d12e797d92eda877a559b29a9a2af8c13a55832aa2421f4136af9225d962a253ec1fbc3c530a013fc1fbc3c57bdf0551d92e820829cb42391519c14367b9cbe837f5785af887f06d3618f371b044855764c280dacdacc3e069ef543bcf3ee53691bce3f70ea567d9d66f9f626437095f0f4fead369de3e2fd7d21546b6c9664e24bb0988713a92d249f12755dc19aa637da1cfebe36a9ab59df6583dd60e4d1f7f15acf63343772f69fad52a3bd1e5bf20b2eff93b308ffd1d7fe05b3f66d97d4a397d0a7529ba9bc6f6f35c20825ee370bb61a5a2c789a3bc3a84c9aa4d2188c3cdc6bf34ba5b28c77ae18d015d280a2efaa51852772283439b4225b2a3335c9695661616eb731226045fc800a5cd1772288ea0ff00aa50b9df66aad74cc9735d8175374d32e70336037ae0f18f7411ce458f49ab6679262291de7b4806fa1b1bf3d3523fb2df5d41ff0050fa28fc7e5af7020d3267f7654f583e8aa33fd9811a4e68688bef48e1004478c25f05971aa770f39303ceeb47c76c455799149c072dd329f603652a526c0a4e2789841edd7d0cf38fb2bd90e434e9b438dc907f214fd1672b094f86495bf64ef44676555c6945e4f87debbc1fd04b247d8d3d9173831a25c6c02b8e030828d30c1aeae3ccf14964b941a2ddf789aa45e2e1a3eab7f1e29f3a938f02adc18bc797d9e6fa9cfe6fc57432acd9fcf3586f6c7976e6269d602cf107c45c7c16f8fa0e8f74ace7b55d9bc46230c3d8d07d47b6a3480d6c98b830a9ed324661052d87c4ba9b83d84b5c34214e1d85cd3fec311fc1fd573fe45cd3ff008fc47f07f549d1a5e36376da9558a7882195340e3eebbc7915a36169b4896904730642c07fe45cd3fec311fc1fd54d64b95e7d8623d96171407d52dde69f227e48a3524d5e9d6f726e4c4f707ef0f1543c833ecc490dc5659886fefb1848f36eaafb970260eeb87da6969f429fe49a054b4f944aa0820905604104171c04104171c04104171c04104171c04104171c04104171c04104171c04104171c04104171c04104171c04104171c04104171c04104171c04104171c04104171c7fffd9, 'jgutierritoz', '1234', 2, 2, 2),
(3, '2016-11-01', 0xffd8ffe000104a46494600010100000100010000fffe003b43524541544f523a2067642d6a7065672076312e3020287573696e6720494a47204a50454720763632292c207175616c697479203d2037300affdb0043000a07070807060a0808080b0a0a0b0e18100e0d0d0e1d15161118231f2524221f2221262b372f26293429212230413134393b3e3e3e252e4449433c48373d3e3bffdb0043010a0b0b0e0d0e1c10101c3b2822283b3b3b3b3b3b3b3b3b3b3b3b3b3b3b3b3b3b3b3b3b3b3b3b3b3b3b3b3b3b3b3b3b3b3b3b3b3b3b3b3b3b3b3b3b3b3b3b3b3bffc00011080154013703012200021101031101ffc4001f0000010501010101010100000000000000000102030405060708090a0bffc400b5100002010303020403050504040000017d01020300041105122131410613516107227114328191a1082342b1c11552d1f02433627282090a161718191a25262728292a3435363738393a434445464748494a535455565758595a636465666768696a737475767778797a838485868788898a92939495969798999aa2a3a4a5a6a7a8a9aab2b3b4b5b6b7b8b9bac2c3c4c5c6c7c8c9cad2d3d4d5d6d7d8d9dae1e2e3e4e5e6e7e8e9eaf1f2f3f4f5f6f7f8f9faffc4001f0100030101010101010101010000000000000102030405060708090a0bffc400b51100020102040403040705040400010277000102031104052131061241510761711322328108144291a1b1c109233352f0156272d10a162434e125f11718191a262728292a35363738393a434445464748494a535455565758595a636465666768696a737475767778797a82838485868788898a92939495969798999aa2a3a4a5a6a7a8a9aab2b3b4b5b6b7b8b9bac2c3c4c5c6c7c8c9cad2d3d4d5d6d7d8d9dae2e3e4e5e6e7e8e9eaf2f3f4f5f6f7f8f9faffda000c03010002110311003f00e6187155661c55d7154a72003506865dcae72075a4b3d32ee66ca4448ad4d32dd2eaf423735e95a3e8902420ec1d2b372e85276d4f3db7d22f36e0c4455a4d1af0ff00cb335e9eba5c23f84548ba6c43f8452d4d7db33cb4e877a73f252a6877bd3cbaf541a745fdd14e1a7443f8451a87b667972e857bfdca72e857a3fe59d7a88d3e3fee8a70b08ffba28d43db33cbbfb0afbfb94f8743be570db2bd3fec11ff0074528b08ff00ba28b30f6cce4b4eb6b98d0065ad0786761d2ba016683b0a77d9971d2b9dd04d983d5dce1af9278812c0d64b4edb88f4ebed5d9eb702a464e066b8f5b40f212e7299ce07734d42da0946eca8239666db19da9d81fe66aca5990c57686c7258f7abb129c848c6d03aff00f5cd5e8ad5ba88a4908efd16b546b6b1926d2697e584007fd98f3fa9a45d0eef6fcf38c7a16c7e82b56792ea3ef1c407aae7f9d73da8ea576cfe52dc4923f4c2a63f5e2a908b474d756205c723d4f1599796e6ddf0e0313d08aa4f1ead183234a547a364d35649e60036370ea455810dc592a90fcae7a0157e0b44e36caaa7d4e0d4a2c9652a649d502ff79947f3ad9b4b5880d8a619813c8122e690ca0d63e5804bab71d4022ad5b48cbc03bffdde08fc0d5ffecc646df00688f746e86a36b48ee8989e3586e074c743ed40ae322b489a42f136c71c9dbc11f856b594c436c998329ee3fc2b1424d6edf3ee1b3827baff0088abf09697a15120e4af623d454b4523aa8515e13113bd1c743c83ed5ca6b5a1ff00674be742a4dbb1c7fba7d0d6ce95788e4dbca4ab7620e315a9796de6c655f1229189233fc5ee3dc526ae8479f05a5db57351b2367704282633ca9f6aa82b228145399418dbe94a295bfd59fa50070fa80db752fd6a983d2aeea5ff001f52fd6a821e95bad8d96c7437d91a6424550b6b977bd8918f00d68ea00ae891c83b560d9cfbb508d9ba03496c25b1df28f901f6a2aaff006b5ac71a82c3207345676662634b3e0566dd5cf5ab73ae0565dc29c9ae966469f8724dda8ad7b06947f70bf4af15d16e16daf55dabd334bf114023505c74ac9ee51d80a70ac24d7e16e8c2a41ae45fde145c563705385620d6e2fef0a51ae45fdea2e1636e96b186b911fe2a7aeb319fe214ee1635f14b59075a8c7f10a68d722fef517416367148ec1549ac9fedb8b1f78556bdd6904270dd47e745d0ac67f8835105bca43927a9ac287e7cef25bdbb0a65ddcb5c4c5bd4f734d92e1521014600eb8fe2ac5bd4dd44bab7b1dba12aaa47f78f407fad63deebb73772f936f3c88c7baf43f80a8646b8d4e416d6ab861d49fb883d4ff85695ada5b69919fb3c66eae3f8e561851fe154b4dc4fc882d34cb99a3f3af24623fda38269b7132dab1481a28cf4c8193f99a27fb5df48b1f98edea1381f9d579adadac47ef5901efb796356988a734b35cb6d2f2383df3c530c2603973cf5da0f4f63528ba9258d8c3188215e0b37de3ed5723b0dd6cd2cac70bc63d4e3d7daac47333acc24de921ce739f4a9acf57bfb77ea2551fc2c2b427d31f8112e598f4ee2b36f74f6b5b8547f95ff0088fa1ed486765a36b8b7ff00b9cb433af45272a6b75a05bb0048bb265e871d6bcd0dabc6c92c7c3ff9cd75fe1fd6e5f92dafb27b2b9ebf4a87a0f73625824dfb664fde8180c47de1e86a25b7588a15e067287d3d47ff005ab71235b850b201ea8d55e6b24dad0c9c027208eaa7d69ee495a7891a3593050838247f09ff000ad6d2ef7cf416972d965e1589e7f3aceb7c8061b8505972a71d1853306de7009c1182adea2a6f6196f5ed3bcc8f72fde5fbc3d45726f198dca1ea0d778b32de5b857fbd8c1ae535eb7fb1132e0b273f301c2fd7d29495f5408ce00d2b7dc6c9ed58371e2358c951c1159b3788a59321738a4a2c08353ff8fa96b3d0f1561e569959dba9aacbf76b54742d8d29b5813587d94f358aaccb2f1d45598a1cb668f236dc1e3834d231be844ed34ac4973455b118f4a29dcccd899722b3a78c935b32479aa92c39a09311d590e45245a85d24a15642055e9e10074acc2bb671f5a019d5e9b2dcc8a3321ad554b8ff009e86b3b4520a2e6b7d5475a560b95424ff00df34ef2e7c7fac35681029770a3942e5509383feb0d5a8a39cff0019a1482f57ed941a3942e556b79b19de69a9657321f95dab518285e6ae593c000ce28e515cc296c2e635cb39154c9701b7b1c741ef5d46a973088828c73c572c184d3301fc272723f2ace764690bb1bb723682a58f2775472c325c48208d8228ead9a4dbbe4ea464e7df15a16d1c71a191b81eb58dcd8922b782d6d445161235e5dd8f7f7f534d88b5d21102797028e646eff414c8a24d4d9e799bc9b180659b380d55eeb529ae61636f1f916ca3118239c0e848fe42b4466c8b53d5fec2bf63b18d5e67c01dff003ff3f9552b5d3e4babafdf3999d701b3d0b1ec3e83f9d4d63a7f920ddcca4b638ddd73fe35bfa3d98531464664d86573fed3703f9fe95aad086ca926951c0b0215dc412d81dcf6ff003ed52cb1a663840ff57c0e3bf726addcbabea28a0e5146140f419fe80fe74fb1816e2e9e573845f998ff009ff3c51cc161a964b656ff006974532b0db129ae4f59b7314c7cc1e6b39ccbdbdf8aede41e6335e483a0db1a7a0ac1bcb1698b4a7ef1e6a25348d2106ccf8ac56e2d15e22081d0f70696dedc120afc841c1f63e9576c6330b8d9c7665ab5796608fb5c232a78957d7dea5bb956b1a9a15fef5fb2dc7cae3f5f7ad69948f94f51f75ab98b7fddba12791c86f6ae81253716e33f797a7bfb54a9db414a3d48ca2dc2861f2ba1c7d0fa1a82e637922d84112264a1f5f6a7bb3a309939c7caebfdeab184b88b7a927f983557ba2762ae9f724a60755e79ff003f855ad4aca3d46c5d4a92587201c1acc706d2f83ff03f5ad7864200c1cfa7b8a519746125d51e47e20d124b49373066da701f1f7876fc6b1842076af66d734c8751b36dab82c383ef5e61a9e992d8cec19300751fddad9320ca23119aaebf76acb7dd6aaebf7684752d8b7027eef34ab891cfb5491f16a4d56b47cce41ef4cc6da32c84a2a623068a0c8da64aaf2255b6c5412631544999729c1ac5957f7c3eb5bb7478358937fae07de819d468bc2015bdbb02b9ad2a7daa2b525bdda3ad31175a4c0eb5199b1deb35aff27ad46d724f7a4d858d85b950c326adc7a9247deb9a3707d693ce73dea7986a26fdceb390706a8ff6d4ea7086b30e5ba9cd496c81a65cf41c9a9722944d74bd9a488bcad9c034968ffe88cdbb2d2375154eee529108c0c6eea3eb57208f6431a8033b777e26b093364899172c30303b0a59375ddc2db21db0a73237603bd46ad8321193b708bee68b943f2e9d0b7cef87b871d87a54a28966985fc6b0c43cbb084e2353ff002d08eac7dbfcf7a6451bdc6642498e33903d4f6fd79fc0548541842c6b8507ca8c74e3bd5f86002686d108c03993dfb9fd062b58b33688aee2dd2db59839c63763dce3f966b5a1c466775fbdc2aff21fd6b3ecc19b527b9900daaccff828c0fe757d199205ee58163f9e07eb4398b94a4ca0cd2b83cb1d89ed9ff002b5a1b6090a5baf1bbe67fa761552d21066e40c2f5ab72cdb54a2fde93927d076a8723451bbb0d917ed12ed53fbb5181efef523d9298f18ed52dac5800d5ec0db8a8df737b5b44721736e619b238e6b574f55b888c640df8e9fde1562fec96519039f5aa10196cdb72ae4a1c81fcea54acc271bad086eed4d9bec3c231ca13d8fa55bd3ee06ce4e31c1cff09ad5b8820d4ec378e55c6411d8d7328d25a5e3452707ee9cf7f435725d4c56ba1ba769cee1f2bf0dedef55256974fb82e9c0ee0f434e867c90a785638e4fdd6aba631736e636fbca38f52288bbe84c95b52acaf06a56ec14847f43d8d3e2f37ca5cf12c7fad653c6f6931ce400783fd2afc173bb0a4654f439e451cdaea16d342e06057cc0328ff7d4f6ac3d6f498aee32df7980e0fa8adb8db63861ca1e1aa29d3c99428e6293804ff09ffebd6aa466d1e3b7d6cd6b349136783c5505fbb5d778d6c9a1bc69f1f7c7cdf5f5ae457eed6a8dd6c6801fe8800aa91031dc8357a120c001a6cb0a248ac0e6812f85936771e9453c63b0a299ce69b1350486ac362a0931564142e7a1ac79b893f1adab8c62b1ae47cd4866ad849b5473562e6638e0d635ace5454d2dc134c0b28e4b75ab2a6b363980eb5645e228ac9968b94ec81d6b39f5051d0d5693523eb4ac06bb4e8bd4d59d3e7562cfd76f41ef5ca4978efd335bba01664f98704e4d0d590e2eecd39b324e8a4fde6e6b6010aaec00f94002b2211bef41ebb0fe15a484489d7ef3679efe95cecd89ad61e10b0f573f4ff3fce9062d6cae2e9ffd64a49ff015a16c998259319e022d52d513173a75a7692604fd07f9cfe142dc0bd15b79250be36dbc7cf1d5ba9a92d14a8b89cfded871f5352ce0797b3aeef988faf4a00516523678662a3f0e2a7986a23224f22cc7f7a560a3f99fe9565482c78f97a0fa0ffebd569a556ba8941044319723dcf4fd00a9617fdde323e62101f6ef5372ada1723020b60c7ef499269b029964dc4679a65c49e6918e070a3d855eb48fe4ce3ad0b5348ab22cc6b85e9520a414f02b4404720c8aa8f0e1b776abb2bc71292e40fad63ddf88aca12513f78de829348132e5b37d925f2c1fddbf23d2a8788ec1a683ed300cc918c8c0e587a54716ac2e54abdbc8a0f2adb7bd4f6ba825c465739c75f6a57e844a3d5199a7dd2dcda897f880db20f5f435b76b2160189cba70dee3d6b08422cb56240fdccdd47a67ad69c0e6093d7cb3b5bdd6a13b3135745cbeb559d3cc8c02470456541f2314ede9e95b819a2c303946ef54af6c46ff00b442383f796b496a66b42117251f3c956c647a55b244d6ae80e411918acdcee53cf23d6ac5939538edd88a51904918be26b33a8e8f2bff00cb583e571ebe87f95797818041ed5ed324399ee606c98e68f6f3dbd3f99fcabc72ea331dc488c30431047bf7ae9830896171e4a8ce29919dd3852738a6ca4adaa9151589325c67d2ac2fee9ae063b51464d14ce72fbb55791a9cef5048d5a104333706b2aebef5684adc1aceb93935231b153dc5411b1cd4849348686bb102a0699f3533735115e69831a0bb77a7ac59eb4e55a99568b80c5880ed5d3682804327a8031f8e6b05456ee8b2ac6c01c1cf07f5ace7b170dcbf68bf3e7bb1cd68a6d897df078aad6cbb249081c2f4fc6a45732a9901e0b044f7e7ad72b3a0ded3d0b5a409fde3b8fe359fad3a9f12e9f18e91ee247e1c7e95bb628aa23c0fbabc7e55cb6a8e5b5f8e52d9049c1a498ec6c2dc6fc9f419fd3fc6ab4d72441142a7a9e6a2b690ec704f51fe3542f27f2c2fcd82e485ff003f4acf72d22c2dd34b236ceb33003d801ffd6ad78beea81c9036aff5358d63e54611e47543821466ba2b316cc149906efad2b365a45bb7b7dea9c56ac71845c55780aa81b6ac6ecf35ac6c818a4aae49c0acdbdd6eded32a1b7363a0a97528659a1fddbe077158f1e94a8de6dcb6e3e943609158a6a1af5c66495a1b7f6e335b967a5d8d9001225661fc4dc9ac5bad7e2b23e544b92bf90aa1ff00093348e774c13d863fc6b48c64c4da5bb3b5648dd703159175606da637500c1fe25ecd54ecb5c46902bcc79f5c56fc2c2e21e7904544a3d18230ae1d1de17cf04e33fd0d5f9180963900e248f0df5154f51b3f95e2031fc4bf51535b31bad3d7fbe9f37f8d73ecc725d4d3b095593c97c63f873fcaa560622508cad65dabe7e527e75fd456a2badcc582d891470deb5ac657d0c251ea62dc7ee2e98af2a7e614d07c80ae87e46e40f4f5156afa2de01dbf3ae463f0aa168ca3741313b1fe607d0d31176f246fb2acab90ca7b5793eb808d5ee89183e6b7f3af5574c4325bc8c70c9c37f235e67e268654d4e5791836e6c647a8ade9312dca4e9bac3a74a6691172ce6ad42a1acbea29f650f951fd6b63393d0b0578a2958f145066359aa076a5690540f20ad48192b5519f9ab323d5498d48c6275a9b03155d4f352eee290d0a40a6114a4d34934c072d48b51ad48b48648b5774d9185c2a8e84d525ad4d1e10f3827d6a5ec35b9d04cc3ca445e370cff9fc2ac40019ade151f2a8dc47f2aa5bfcdba278dbb828fc2af69afbefa5910fcaa0ff0087f5ae467558e96094476cf21e8a86b8fbe66f2e29c750723eb9ae9a5936e9d2af7208fe55857f6a4e8fd3ae707f5acd329227b7656dae3ee38ca9f6a85ad126bb50ea1829f949a8609d934d8ce0ee03a8ed58f7dafcde70820525f2000bd4d118393d0b7251dce9ae74fb03b4c920181c7cd8a96d2cedf20c5724e3df35c9b69faaf9f1c373225af991191778c93d7033ea718fc6b5b47d36e1f7ee95a368a35762f81827b641addd1696e4c6b45bb58ee2ccec815376ec77ad0846f5ae6b4f9260a433062a70707a1adeb29f3806b15bea6af62dc91ed8f26b9dd5e7748d82e471d7d05751290c801acbbfb14ba5d8d90b9cfca6b571328c8e0af7c3f7935b2ea3741d6059006890fcdb3bb1aa1a6691a7dc6a712cbb258833170a1b3b79c03efd3a577ffd98a991b0b03c7ccc4d4b6da5c11b65610a7d862b65348c9d26ddce6ec7c1f04b79e744268210d909bf391ef9aee2d6d9608c2a8e052c51ed1daad22f149be62ad632355b7cc7bd472bcd6569f279770d18eff32fd0d74b71186460475ae6278cdb5e238fe127f2ae4ab1b3b9b45de362ec96ec920922cec3f9a9f4a9a3660be84feb4b1cc14023943fcaa6f2d1c7ca40f6ce2958c99179d1b9c4801c7af6aa5a85b205f3632381daaec96c7a9073f4aa9736e56366742063d31549bb6a4bb5f42b5b5df988d04a3e651c573be24d356ea3720ee64e4e3ae3d6b5e295259f63fcb226707daab6a21b04b7de0b9561deaa1269835d4e21c791698fe74fb4977c439e94cbe9bce89813ce704fa9a874f240643dabacc9c7ddb9a5da8a8d4e07268a6645066a8998d3d8d44c6b5248d8d41254ed50c95232351cd49daa2079a7e4e29021d8a691cd19a43400f5a90544b520340c916b7b42199c01e9faf15800d6be81305bf89091f33639f7a996c5477368a7928e78054337e3daade869b1646c73c7f3a6ea31848b6e3258e58af3f4ad0d2610b6caee71b88007735c4f63a8bb7a0a5849ea5467db9a4bbb5f334641820ec278fa52dc8692190118dd8e2b4a4887d9021c6360c5668b395d26149add63917b723a60d07c3714177e7dbae1c9ce5b9ab3a045cb29e4a923f5ae9520522ae2da668d2b18d269d26a56f1c57a11953a363e61f8d4f6da35bdaa7970c636e7273ce6b663b6c76ab296fdf15bf34998f2c53b997f66f2d06d50a07a0a9ec07ef71566e502a557b3ff005f59bdcd16c6b3a6e8c5204dcb83530198aa30c01e6b73022310f4a4f2f69a90b0ddd69dc115058c8d7279ab58016a152053cc836e2a93426ae4323704d73dab2113061deba07ee49ac6d5d32a1b1deb1abb17133d6e0c48e84165439c0e0f6e95a56cc93461836e07a7622b29937cf2a0ef1ab2fe4c0ff21562d1bf71f471f87158ec2dcd69e1985b663ce7d9b15992412246d25cb6e20138dd92462b4e4cb69cccac41c66b0e2661729e61243b119fc3ff00d75a69632ea654e5a283ed446ff2c72cbd4a1e87fc6a9ea9abc32e93298db795c1e3838f4fd6ba45b558643148a1930719ee0f635ceea1a37d92730ed91e1906e42c3a7a8cfa8ad631ea4f31ccb5b466d91f2ceac491d8fe3496d6b22cbfeaca0fe75d0db182345c40ad183b48c9c839ad39b4bcaaccb90bb4f04d6bcda837eed8e49d319cf6ed4574726981b1904e47561938a29f3232e5670ec6a3634e635131ad999884d43274a909a8a43c521918eb520a8875a93750243f029a7149ba909a06381a7ae49000c935a7e1ff000d5ff882622d902c2a70f2b741fe26bd1b4bf095868c80c5009671d669464fe03b5439245c62d9e749e1fd5da0132d84c50f238e7f2eb5a1a4f85b56b8b8cb426dd07f149fe15e95e4cb82597029a3cd3948d7a7526b3733454cc25d31acadc4734be711c0c8a974e466b88c39fef1e9d07f9cd6a3c0369dff0031ef9aa513ac0cec4638c573cd9ba5a13ca773e31c55d95f30303d5507f8d66197730231cb62a5bbb9d9653ca0ff000f07f0ff00f55628a666f86e4dd24dfef1aeae100d705e17bd55d4a6b72df7be64fa702bbc81f815aa5666ab5897e38c102a47608b4c89c6da8ae1f2a79ad6f6463cb7654bc9b3f2af269d629d18f5a88282c589a58ee444f81c8f6acd357bb346b4b236e3e98a63c5b9b15586a2bb3e507355fed972ef94418f7adbda248c7d9bb925dab40558124138c546b7441c13539579547987247a543340197a56527add1ac7b32c4732b0cd3cb8aca123c2d86ce3d6ae4726f039a14ae3712663915435150d181fed0abe47159f7efb7629f5cfea29cb62114922c5cdab118f323287eb9047f5a481361743da41fcaac4c84468ebd637047f9fc28bb5f2e573d079a0ff009fceb292d098ee687979b274f58cff002ae68c88c4724107a0fcaba6943fd826f2c032088ed07b9c715c75f6e127da625668e46cf1d55bb8c7eb5b4237898b7a9b21dee06d0ebbc0c83d8d481bed11fd9ae5046dd33e9ee2b0a3d562890492b953b41c953819ab7fdab04d06f7954aff000b9e95576856b9662d12dec83b3299431c9c9c834dba9fc81bce149e003d719acf935c5863664983a819f94f154ad755935098baaae01c676f3f9d26db1a47470c2ae44d80015fca8aaef7cd6ba5a31c1666c027a1a2ad2d0967929351934d2c69858d7498d871351bf4a09351b138a402679a78a879cd38134012d74be0cf0cc7af5d492dd122dadf1b80e3793dab952c6bd03e195d810df5b13c86571f8f1fd2a26ed1ba2e0af2d4eeb4fb786c53c8b68562890fcaa8302af9c30a822193f5a954e0e0d725cecb210be54a9eb4b1aaae303ad238f9aa488517029dda0e4fad7357723adc88f1f2e4927e95d65d47943c718ae56ffe4bb4047cb935122e3b096f21f2a276ee33f8f5a76a7291a7794386d9fad4392218fd4e31ec3a9a4d43325b80064b0cfe19ac96e0ce3f7cda76a36f7499cc58cfb8ea7f9d7a8e9f769736f1cd1b655d4106b87d474d2f6e2451cf5fe9573c11a8b18a4d3e538684e533e9dc56ef557141f2bb1df472102a09e5cb041d4d311ce29c91fcc5cf5350ddcdb42458f8c502d973d29b25dc16e3334aa83d58e2a23ab444030a3480f420706a92442bbd8ba96eb8e454ca98f6fad660bebf90911dbbf1d82d4b6f6fa8dfe5906c1d09735692e80e3d64cd3ca28f9a451f8d51d4753d3ec22324f748aa3dea45d1522845c5e4fc2b7cfb8e00158dadd8c3aadf8b48e15fb341207054f0cd8ffebd5d9b334a2dd9327b5bc8b54b779610db0f42c315a100daa3229b1d925b40a918002803a5480e05616b334bdd684a5b8ae7b54bc07538e007a8c1f6ad3bbbb5b781e59182aa0c926b8cd2ee4eb5ad2dc0c94625c7b283f2ff009f7aa6ccde876d2ae6d9891eb552fd8305e7f855aaf1db2c7e531eaa462b36f326d6273c30cc6c7dc1e3f95296a8c93d4d59243f679828cb2c45801d4f5ac074f397ed96c0491cb8f3623c671dc7a356a999f648f1fdff00272bf5e6b1e1985cc864b4658ae4ff00adb590f0fea455c25a12d6a54d474c2f0334686446e77a0f997ea2a85c45198445bc3141d4f15bab3047ca992d9c7556195ff0a64e04edf3d8c128f51c1fcc55f38b94e48dbcb2a796634c1e3e5aded2b4d30400eef909c97c71f855e8e058fe64b0b78bdc927f9d29bc0b1996690148fa1edf852731a896dedaccc424ba0044bf2a2934560dc78807998da598f2a9c671fd28a69b158f372a2985454e6334c319aeb2088ad30a558f2cd34c6690591014149b6a6f2cd2188d01644040f4addf065ffd87c43129384b80626fc7a7ea0563188d2c61e29164438642181f422a5abab02d1dcf7781be506ac67a11595a2de2dfe9b05c29ff005880e3d0f7ad3078ae23a8791934e5ef4d20e01a7a0a6209177262b9bd66dff78180ea706ba9db9158fac43b622e0671532d8717a9ccce4999635f40a05383896e9d3b2ae0545bb37c73dc9c7e469961203765cf719fc2b245b2fdcaafd8463d0f3ef9ae4e39a5b3b89eea0f9658486c7e38fc8d74d73305b2de4fca9926b94ba2cb6124bd1e7976a9f65e4fea456d032933d1b46d520d52ca3b989810c391dd4f706b5d70462bc8343d6ae346bade84bc4e7e78c9e0ff0081af4ad2b58b6d4ad966824dca7a8eea7d0d2947959ac65cc8b1a96956fa8c1b255071c83e86b2f4cb8974567b6f2fce88636c64fdd23d2ba00d91546facbcc61247c38a22ec689ada45eb6f14d819489209a038e4b26413f866ac0f13d9c6ceb0432c84f230981fad6123b2fcb3400b0ef8a952e173c443f0adb9c3eaf064974f7dacca45cc9e4dae73e4a9e0fd4f7ab76b0c6250912e1231d7d4d428259b8c6c5ad082211ae147e3473133b455912b8c8c0aab3e1075ab8c302b94f146b7f618192120ccc0851e9ef59346499cafc40f126637d2ad1f93812b03ebdaaffc3c4536134dd70446a7db1ffd7af39b92f3e64625999cb313dcd7a4780a411684b8c7df63c77e83fa56934a30b19a6dc8d6bed59ed3580abcaa264f3d7fcff5abc5a3d4ac2592d0f2fc81dd5c7afe95c7ea371bf57cb12401b587ae4559d2efe5d2af89cef47037a8fe2c71bab340ce8ad6ebf7513b1e0828ded54ae2d2099c838de848e3823fc2a4b89a291cdd5b156b69c6d939c796fdb3f8ff003aa62e229a631c9f25c271c1c30fad4b4d6c52d4b517da917649224ca07ca6550580fa835604acabc945f65078fd6a929ba1c2e1b1fed03552eeeda2ca4d32ee6e9145d4fd4d34db15916aef50133fd9e26f98f56eca2b9dd6f5525960b652c23e117b67fbc69b75a8ac5134516d0efc311d875c5615ddc6e501792477e49fc2b5846eee3e83d679cb9392cc7ab639a2a7d0747b9d4e52426c880e4ed1456cea28e838c1db62914a695152e2936e4d6a73111514d29539514ddb40c87651b054fb69365202b98e90c7ed5676d26ca02c767e02bfcd9c966cdcc4d951ec7ffaf9aed50ee191debca3c3d7874fd62272708e7637d0d7a9dabee5e2b92a2b48e883bc4b3fc38a92314d1cfe352438278e6a50992aaf1556f631244ca47157471552ece14d37b02dce0aed7ecf7ecbc109d6a1810c53020f182bfd454bacba8d608eeca011ea327fc296dc2331563c31f94d60d58d9ee54d45e499a3b48792c46eac8bf78e6b948a327c987e44ff006b9e4fe279ad5be49b4e129700c929c237b7f9e2b312e626004d1007d45691bd8c9ee549adbc9255c650f7ee3deab43a8de68d7426b49483dfbab8f422b66e536c21948743d08edf5ac39a339200ea7a1f4ad62efb91256d8f44f0f78cad351090ce45bdc103e563c37d0d7569b6415e1f3da9653e5e41001c771cd751e1bf1a4f6212db512d2c1d049d593ebea2a650ea8d14fa33d2becb9352c766839da2aa59ea96f770acb04cb2230e0a9abab72b8fbc2a158b77274b751e95210aa2a935f2a7561546ef5808a76658d573244f2b64fab6a2b696cc472e7851eb5e69aedd33ef666dcedd4d741a85dc93b1776c9ec3d2b91d4df7ccca0f038e292d58dab230238fcc3b09c67a9f4aedfc2572a964f6c7e531f4fa115c74e8237c8e3755bd2efa4b49c3a9383c30ec6b59ae6898ad19a1aacf25a6acece72afc806b42d2f60ba08d9e9d89c153ed514d35a6af0ec9e64423b30c11f8d556d02d203c5f228edf362a159ad771eb73a5b375b794b0618906248d972ae3f0efef4ebfd36cb5255749583a0c02a7e651e87d457221acad188f3da7c7f083f29fa9aaf75adc9b0ba3f95b7a2af02a941dc96d1bf2d9f921845744281967604f1f5e9fad6599c994c16acc5db879e5e091ec3b0ac84bbbabb71f699a4981c1d8cc48356bed50da29db8f35ba9f4abe4b094ae59b83144de5850e571977ee7d877a9742d18ea73f992872a4f27b1aa56293eab74b6b01ceeee7f8457a6e8da4c7a75aa44a324753ef44e5caacb7358c7ab2d697a6c1676e238d4000761455d46543f31038ef45628a6d9e3db6936d498a4c5769ca308a4db52628db40c8f6d284a936d18a0066ca4d9526282290109520e457a67866f7edba6c5213f301b5bea2bcdc8aeb7c0b31dd71013c0c30159555a5cb83d4ee97902a68970dc540a485156edc657358c4a6c9318159f7e7087dab45871597aaa91672b2fde0a48fae29b438bd4f2df11de799a91b885beeb1418f6fff005d6968b76b770fce3049e47f5ae6ee0f9e839f995b3f9f5ad6d250ed65e430181cfa7f914a515ca09b723a578e3bb53657607cdfead8d725ac69c6da6689d4ae3a1aec2db65fdbf9127122f20ff5aa1aaa19e2093a8371103cff007c5651762e4ae71c269201205cb21c1c7e383562d2dbed2c64c7ca07351430b1bef288241cf3fcaba1b6b516ba4970397248f7e6b593b19c75310419dee3ae703f0a8af6d44726e09f237208ab5aab3d969ca62215dce067f3aab6fac43776d25adc0f2e551ba36ec4fa7e35714dc6e27bd89b4aba9ace6fddc8db09fe13d2bb3b3be9668c132b1fc6b84b57477de84115d269d314c63247a7a565346b06741b9fbb31fad31f793de9d0b7989d69ed11ed599a9997a0aa6d1f7987e55cdcb6dd4fa9c8fcaba99a32f2b1eb82a2b327b711190f185f9c03dc74aa4ec4b47237803cdb476a85558738c77ab70a79f24b2638ddfa5432c6230403c7ad7427d0e76ba958dc11c4a0d3d1a3720e48c7406aacae58fcca39a729453c9c7d2b4b195cb8f858cba8e1465b154d03cb2024019e83d2ac34b94d99e0e370fe42ae5bc30c206f1966eb9fe545ec3b5cce964f286c8b393d5fbd3ecac65bc758c9f99cf19eb8ad79b4b6ba8c1b299524f461d7f1ad0f0d5918ef4bdc125e3f979e99a4e6946e8a847ded4e9fc37e1f834d814aa032b0e588ae991446b93c62abda8c203534c59b080707927d6b9b7d59d0fb112462f6e4b3a9f2d0602ff78fbd157ed6258e203b9e49f5a2ad225c8f1dd949b6a5e2835d673916ca4231521a4c503b0c07da971cd38004d3fcba416230b4bb69e07b5382d03b15ca5747e0a18d4653fec7f5ac4282b7fc1cbb6fe53fec7f5ace7f09515a9dce495c0eb576df84c5524e48abb0f4ac22364e6a8dea6e8997d455eaab72320d5b12dcf14687c9ba951ba2bede7d41ff001ad9d1d71179afc376aa9e2288c1ae5cdb818df296cfd79a9e07f295006e5465beb59cf62e3b9a53ddb4373108885901c9cf4cff009cd4bab37daec45dc1cc9136e23d40ea3f2cd603dd194bca7e6dfd3f0abba15fbcf2bc07919007bd472d95c77d48ae2db65d2b28397618ad2be38f2ada31f2aae4d4fa9da08ef601d006e7dba5559ae14f9b74c700e40fa52dc6735e289b7cb0c2a73e5a1381ea4e07f2ac158ce71d7b55fd5a72f7aca40df8c83f80c55181ca8226e24e8a7fc6bb60ad139a4d5c6477325b4c248c9cff00129ef5d9e87771df43953f30eabdc572eb6bbc1620071d69f6770fa5dd2ce8fd0e0a8ef4a71525a150959ea7a35b48f1b637609ee7bd68098a8fde271ea391593a6ddc7a85b891319c722b5216f976374ae2b599d846c8164249fdd48304ff0074fafd3fad676a50996de4c7df453b7fda15a6aaed13ac9f773ce47d78fcb151cb67ba0db136e001c03d41fad0819c568b1248af11237f247bd50d460284c646081c8ad58ed24b2d51d429501b7a8f553cff005a9b50b2f3dcbafd54e3f435b735998b5a1ca183cc8b239e322a1319675073c0ce315b8b646294aedc2b9c807f5150dd5898be741f328e47a8ada3230712844c23dbfc47ef114fb7ba9bcef9a36e7a1c75a112443961f2f6cf4aab70a9e76146d3ec2aec993768e9ece4059436549e9915bb030c29cfcca79f7ae2b49b97fb6c4818ed66c11daba88e6d9371d3a115cf35667441dcef74e3be056f51568aff00a5807ba71f5cd56d257fd123fa55f9133871d50e7f0ef528a7b8f8ce1714528f5ed4551363c87c963da81193c714c133fad1e6b1ef5d17294112088938e294db9f515179ac39cd0d3b923068b8f91130b72076a511107155c4d26393479c7a934ae3e445af2b8e314863aac2724f0694cac3bd171f2a2c08891d6b6fc2a365f4809eabfd6b9cf3dbd6b6bc2d313aa11ea86a65f089c51dfc4726ae435461e455d84d628c99633514ebf2d4a39a64bcad590796f8dad7cbf1045363e5922e7ea0ff00faab05aeb62c859436e523ad76fe39b42e96f3aae7633027ea33fd2bcfe504647039ef53d4d073dc950b0a00bd092b5d1f836d3ed37c1b6fca9f331fa572d0c0d3dc14c31c370319cf3d2bd3f40b08f47d206fe2493e67f53edfd28959220a5af9d84c8480ce76a0f7effceb98d5ae638a058baa275fe66b535ebc33eae6307884600f435ca6af2b0768b008f5f5a508dd94dd919b25c1b9dc1c0f30ae41f5e6ab87f34ee93efc7d7fdaa6c99dc79e703ad2311260e70e3ae3bd75a399976dae9b80fc2d25ca05ca024e7a1f5155d15b20e338e08f5aba231246013fc39146c349b2df85f5a7b2bbf29ce54f18af49b6923b888488463ad78fb2f9373bd3820e6bb8f0bea0f776d7102be0ac0ee3f015cf5a3f691d54e4ed666d9d49254b865c80b26c5f7000e7f3cd5ad3e7322ed2dee2b2746d3de690dab36e6c2f6e086c0c823a91907f0353d8f9914db5b82a706b16acf42e12be8cb97da6addb02b849623f29c7f9e2b3922e5a29536b83deba51109220fc6f1fafb555bab749d7791871c671fce90da39fb8d3e3990ab6149e87dea83db95c24bd4700ff009ec6b5ee508cc6e48f71d6b2ee670a1926191ea3bd34da21a4645dda9b72cc870add88c806b12f669233b6485573d195410df435d2c8e1979208e9cf7ae7ef41b695a4465f25faa11919ae983b984d5b621d127ddac5aeec01e60f7aec2da2f36e8f5e4ff5ae63448127bb33ec00274f971cf6ff001aef742b2df7d10233b7e76fe95159ab97453b1d9d945e54089e82ae819155e2ab482b34548644b8054ff09c514e3f2c80f66145508f14c934a0e0d19c76a4dc39ad4e8486b31269c8c4364d22819c9a5c65b8a45587b3e46714ce58d293838a4069890ec60500e3ad34939a53c8c5030c8cf06b57c3526cd6a219fbd91591deade912795ab5bb7fb605296c268f5384f02ae4759f6ed9504d5e89ba5628e791713a523fdda13a52b0e2b43339cf12c024d36438ced20d7985f5b1dc405cab1e3dabd7b5387ceb5963c7de522bcd2ee31bb1d33d48a9668b544fe16d297cd37939d914472bfed37aff00857597d72214323602c4a188ff00d057fad6378791e598bba6cb7b65f941e0337a9f61543c4dad0b80d6d037c80fcc47727a9fcab3d5b0327cd7b89e6943fcecc4e4fa552b84594b64671d41a9acddb6caca33ed48c1651b90e19783ea3daaf611877f6e54ee03b0c1fe959e06ee718c75ae9248965ca30e0fe86b226b22927c879ebb48ae884aeac6338d882090862809e79c1f515a5048182819057a7359aa56272d8cb6781e94b14ccacc381e99abb5c5176dcb17b85b96000f4ab5a2ea0fa6de25c29e0e51d7b152307f43542fa462e09230403c76e29b0a90bc738343575a97092e6b1e91a3cd25b888da31667218e40e80e739fae38f6ad5b4b47f34bbf249c9ae43c3fa8b2bc40b1da4631e95df5bb878c115c525a9d50b245a8f0100a8e58f3961c1f4f5a78e9d6937e41ef401c2789eee68f574f20e042a1587d79e7f4aa57172b71082e30c476a5d7e477f135c478c02e00c1f6150c8a4296c0e0e178e9c568d24918df5666b4cd14ad131200a81e192ee61167af14e9722620f2055fd2a326d9ae1fef31d8bfd6ad69a905dd3eda3b48542802343c9f535dbf87a0db179ac3e66e6b84b998c9aa5869b1fdd56f32423b9ed5e95a5a2adba81e9594d6a6d0d99ab176a9d4e2a0451904f6a919f6724669a258e932cb8079a2a359e3607079f4a29058f186a4c523364d04d6a74a0cd394914ded403ce2801c4f7a168233499c50098ea307ad2034127140c0f1525a3ecbb89bd1c7f3a8fb5111c4a87d185023d5ed0e6353ed57e2381599a79dd021f515a71d608e7917633914e3d2a38fa5486b5464ca972bc1af39d52dc41a9caadd158903f957a54e322b84f14db84d4d1c9015d38cf4241a99171665cf7ce9a79b788ed5c65bdeb9349248a474918b063907d6ba1b98e464caf24fa5733a88961903346548ebdb3f4a705d026eda96e290c4c5837046335632b310c8424c7b8e8df5ac68eee45f948538ea31826b402b2c492ba950e3b1a728d8952b961d482372e0e79a8751b226291e3fbd1fcc3fad4f66c6e008f70719eb9e456b0b5dcc49e8cdb7f0c62a6f6655ae8e27cb4c3b705cf61d3350c615e4562dce7073576ee3113ba80300e2b2c31926c2e7e635d71d51cb2d0d09e219c161d29d6a859b6871c8cf5aaf34dfbc23a8e9fa52da4eaaff37a62aada0e2fdf362c59e098a13ca9c8fa57a268d73e7daaf3dabcd2de40d76b83d462bb4f0edc155db9e86b8eaab33ba0ceb07dde0d315304e0f1d7f1a6093bf5147999f51591470fad2e3c4b7522e3e403a7d075a7c96e16c95dc80c46fc9ee4d3afa189f5cb862c4233ee603b8007f9fc6ab4978d7f75248b85861f947a67daadbb98f530ee11567e4fcbfad5933f956b105e141fcb9a6ddc6a8090413d49350db4c0ab45283e59ef5a2d511b335346b679f5f92e187caaa369f5cfff00aabd22c1f6c6ab9ed5c5e8b6823891bcc7dac72ae578c57576514981b2ea2ffbe48feb58ca5766d15689bb1bf14af20c75155047215c1987d40a5f2e14ff00592994fa67fa53bb15865c85b821612778fe2e805156624663b8a6d5e8168a2c173c6e9739a422815b9b8f18d94d3c51bb02827205003d082a73d69a0e6901e68a005cfa500e693802941c1cd218a41142f0c0fbd2b30229bdc5311ea7a5736911f541fcab563e9593a3f36311ff00607f2ad68fa5608e7916a2a96a08fafbd4fdaad1932394645735e26b5125aacb8cec6fd0d74e47159da8db89eda48c8fbc314d8d3d4f3b7568ce63e3dbb552bbd461da62bcb25743d4af15b92db1c952391c1ac8d42d32a72284917230a5d221f33ed967705e01c98cf55f63edef4dfb599df071e5a0e38e2a9dcc971a65c89e063b41f9973c11e94b77347e409e1f9526190076f5156e2d98dd2d8bfe1b8d65d41e700ed88176f427fc9aedd2d0adbc0186198ef6fcb3fd6b99f08da49f6377618699b6a0f61dff0033fa575fab4cb15b3ec3960bb178ee6b19bf7ac691d8f2dd6328ced8c7999c7f5aceb65f2d4ccdc6785fea6ba2f13d8f97710439036a6e63e95cddcbe5f09c20e07b575c1de273cf4771ebb4e0919cd242a4b93d78a6893e5503a77f7ab16415836720fb55954d272458b6ca4c8e3fbe05769a1b62435c7a281346dd06f193f95757a4bed9715cd58eb82b33b14f9a218f4aab2967611a92a4e7247614f825c2528c19815ee2b9916ce1ee6502eaf76938f3362fe7ff00d6aa17174b0c690270a3923d4d58b953199b39dc2624e7d6b9ebc92472ee993b8e07b0ae88c6ece594ac587be40e5db323761d8516f24b777b1c23969182851d066b311b60e9c9f5aea7c03a67db75bfb4b0ca5b8dd9ff0068f4ada49463733579491e99a5592db59450281b6350a2b4d2d61392615271e949044028c55a8d315c891d77231616c7fe590152adac498da807e15328c507ad55911719c74c8e28a5c739a2985cf1200b362919181a7a900d3c804735a9b906d6229d8207352b32a0c0a8db91914ac3b89818eb4acc36e05308a4c31e82818b8cd069ca8f9e94a63607a5161dc6670293a9a90c4c7b50b0b923228b0ae8f50d1f3f61840fee0fe55ac9593a5f169101c7ca2b513231ef5ce8e796e5b88f35383eb55a226ac0ad119b16abcc9b8559151bae45512723a9dbf9578dc7cafc8accbab6de9d2ba9d5ad8490ef03e64e6b1766e5f5a65a679f6b36a373a30ac4b78249618ad88c0f34f3e83bd775af69c5a232a8c81c915c8f980dc84438cfca07a7ad527a10d6a76de1a48d6012e3e445f93e8381f99c9fcaaddc4c8f3f9d21c470e5dbd33fe7f9d60c7a90b2b358d78623247a0e807e5595a9ebff006887ecb11c21eb8ee6b9941b91a4a492286bbaa9d435095f38047ca7dbd2b0933e710ddfad5892260cc70482a6a1400e33dbad77c6c968724aed8e9212aa0afa525ab947cd2b484647635662851e018ea6a874efcd74580dbe3cf7c6735dde8fe1ed46f205bbb35599303233835e76acd112b9e315ecbf0e35546d3bece579c0239f6a8714f73a2551a8dd100d2f5954da6c25fc314fb4d1b5c92604da18d075323015de0b94f434c92eb3c2a9fc4d47b0899fd62478a5ddab3dcdc06232e5ba76209ae7d62db38552bc75dd5e89afe93b2ea74036365a68fd1d4fde1f87f4f7ae42fb4f5955ae615cba9fde20fe759fc2ec56eae67dd5941320729b1bd50706bd0bc13a38d37474247cf31dec48fcbf4ae3347b53a85fc3688c4066cba9e70075af59b588222a81800600a9937b17156d4b510c0a9c0e2a341dea65148a6c4fa529fd6971c5069d8434fdda291b91d78a2803c6428ee286407a1c5339f5a33c56da1b6a2f9408eb4e08a3a9a8c71de90e4f7a340d4b0044076a03229e955c7d694e714016bcc4c669be6ae7a5570327ad2e2802c99571c0a412a9603dea0c0c52aa8dc3eb401e9b6071020c63818ad28c9c56758ffa95f4c56827ad7219b2d466a70df9d558cf35616ad10c9050c322901a5ea2ad10cab7118652315cfcb07952b276cf15d33ad64dfc3c8703a75a634cc6bab759226523208af32bd8069fad4c8c318391f4af569178ae07c5ba799b515963e1b6723d79a687a9cf5ddcbcee541c0279c567c9ba37008e0015a02178db124647d692581255391ffd6aa565a19b4d8c5d92c6304671c8aa1326c271c60f4a73a3c5f74f4eb51b3ef1f30f9875f7ab48864520c9047435342ec88076f4a680b901bbd4836edc55dc2365a9695a39a22ae3a0e0f715db7826f7eced01cf046d35c13472247bd0645745e1abb3f671d8c6f43346fa1ed71c9bd03039069fbab2f46bc171668739e2b4b78c74aa39d95352b08afe10ad95743ba3907546f5ae0b5ab7934abc3e7c610b8cee4fbadeff004af452e3d2b81f89572ef3e976512fef6476208ebd863f5fd2a2705245c26e2ec49e0fd322f365d4020064f957e9dffcfb576d1263b566e8f64b65630c0a3ee2807deb591735c88ea1ca054829314bd3e94c071a613c6295ced5ce09fa53339e6804231e3145318d148678c2e697049a53c75a0f2322b734b88149ef47238a5e45041f4a02e30861cd00b1a902f14a076c503b8dc7140e6a4da070682a09e0d02b8ddb8eb4abfeb178e334fc7ad20e187d6862b9e99663f74bf4abca71d3a567d89cc2bcf6abcb5c6265843ce4559539154d1b15690d5a2192834e14c069d56896230aab3c41948c75ab7daa2719e2992604b1ed2c87b571fe254c5ec67d56bbcbd8b0db87d0d715e2b8889607edc8ab89717a9cf4815942919fad675daada6241f718e0e7a5681524f06a2bc805c5bbc2dfc438fad558d1aba312fa30a5644e87a8aabe4f25979c75156a1491a1314bd626c52c51e433f6fe74ef6d0e56ae5192322751dbad44588e73deae3b02247f4f947bd55382bd3bd5c592d17ed2e30064f18ef5a7a4c89bdd0000f5e0562c31928769e08ab1633182f90f40c08354c9d51e97e1cd48c5fbb66aeb92e95941af28b4d47c895581aeb2c35c5641961426125d4eacdc7e55cdea7a71d4bc656370e331dac05bfe059e3fcfb5591a906190735a1a7fefbf7a47278fc29547688e9c6f22fc2980062aca02053116a51d2b90e917da8c714a290d31884e78a8d8e29c78e6a366eb52c646cd45318f19a290cf21da0f5a54000c51457494f6241d28a28a64899a54393cd1452284233d69540145140741dd694751f5a28a093d134fff008f74f715a0a38a28ae22992a7415653b5145522192ad3a8a2ac81ddea37a28aa2594eed4188d719e2f402ca36ee24e3f2345154b72a2726cc48c5230c0cd1455b37466dda819c0c6f3c9151cdfbb448d06168a297539a5b9997470760e9500384268a2b55b1916ed8e381dc5365389051453345f08e499fd6b574eba9463e6a28a6627436d75310016af42d3100b5871d947f2a28acab6c8d69753497b54838a28ac4d475309a28a0686b74a81e8a2a4657b824271eb45145340cfffd9, 'llane', '1234', 2, 3, 2);
INSERT INTO `tbl_empleado` (`id_empleado`, `fecha_ingreso`, `fotografia`, `usuario`, `contrasena`, `id_tipo_usuario`, `id_datos_pesonales`, `id_salario`) VALUES
(4, '2016-11-01', 0xffd8ffe100344578696600004d4d002a00000008000201120003000000010001000087690004000000010000002600000000000000000000ffdb0043000302020302020303030304030304050805050404050a070706080c0a0c0c0b0a0b0b0d0e12100d0e110e0b0b1016101113141515150c0f171816141812141514ffdb00430103040405040509050509140d0b0d1414141414141414141414141414141414141414141414141414141414141414141414141414141414141414141414141414ffc000110801f401f403012200021101031101ffc4001c0000010501010100000000000000000000050002030406010708ffc4004410000201030303030302050205030203090102030004110512213141510613223261710714234252819115a1336272b1c11624d125340843e11735535482b2c2f0f1ffc4001a010002030101000000000000000000000000040203050106ffc400281100020202030001050100030101000000000102110331041221320513224151331423426171ffda000c03010002110311003f00d0570b05ea71498ed04d46efb800053030481837439a953e815000625cb7393daa74fa4500397eb5fcd580327039aaebf5afe6aca36d6cd003e20403918a7d715b766bb401ddadfd269d1a90fc822bab3065ce0f15df74783400fa911d42004f38a895b766bb401d538604f9a9f3838ef55ea60e1dc63b0a00752a54e11b30cf140130e94a90e94a80258ba1a88291331c704e01a6bee1c83c78a74732fb48198060d939ae374070c6c7e1b7e9e77766a96305649091804f14e2db5ca9ff003daa86afabc5a6c592e37f403cfd8516aace5fb43ef2f44192a4122b25ae7ac2d2c773cf2f7e54554d635490dbbcd7537b51b0cac60f27f35e59ad6a29772b4d2b1f89e23159dc8e428f9639838ee4ec27aefea76a7797063b6531c38c807bd03ffd7fac5ba917128249e3f142ae5ae268fe1b033fd3f6143ac340bbba94fb921676381b6b2de7f0d0fb497a83c7d4b75a94891fb4c509dccd8af46f4ee9ef776c890c6132bf291ba50ef4a7a32216d8b823206e24f515ab8f518cc9ecc5b62b68d797e94b4f27654cb611765dd2bd23696ee669e53339ee0f028ca5de89a5a92f18c8ee79af36d73f500da93144a0463e939ffbd79eeb9eb3b9bd9248a39b69270d83c62969646be2311827b3e819ff0055b43b225044b211fcaab934fb4fd50d12e955a4b59230dc81edd7ce7a3ea1ed4cbee6dcf8ea4fdf35e8be99d5609af1556d8efeed927ff15cef3fe13fb28f63b2bcd035b21e196303cc8369abb2fa4ade45262ee3218502b0d3ed2e4c6cf0c60b73c76fed5a0b4d267b37f72cae64d98e524c11fd876aef69bf1a172a0d3af74b830ac668c9e55c723f1f6a86e74fb5d4644de5a0917e968f8c7f7ad659eab1c84437a821909c297390d5cd4b4189a4322a95c75c573ab030f7b1dee91c5c46b77627e99be93fdc5563fb4b8195051bae3b56b27b792d54c73665b761870c3381f6acedee8e9a7166819a389be413a83f7156465282a4055b2b97b69be0db79e95a8d33593290b2100f9acb85324071f2cff37714db769ad186492a7bf8fcd3d873b8ec4f361efea3d062993db3f31d29ebf23c7ca80d95e8907d5c76fbd1ab6b9403efe2b796594d192d38f8cb28c1321b83f7a901046474a88ff11c63c548aa5460f515645d3383a9572954fb203a013d06695391f68c1a693924f9a8356ed01c240193d2a3918301839a7b296181d4d4254a9c1ab405b49190322b8791522b858cae3934d58d88cf1cd0033da4032082476a9232158e78e29346ca4038e6b8c85719a0098303d0d42df537e6984be7e2702bab9c73d7bd00365fa0d4553382ca40eb5118c8ea450072a06fadbf3539041c557932a493deb89a6035fe835132073c9c62a57fa0d475d0120083008a54a95006024fa0d448bb9b1d2a671b971e69ab1146c93400e71bc0078c54a9ca8a6a2839cf34f000181d2801e536a2b83cf8a980e14f938a6e01500f4f15df1f6a007233072a0023353107907ad32138dc73839a792595d89c9f3401ccfb687b8aec65646c0dc3f35232284240e6b919f9f27b5004889b33ce6ba6966975a00e64ed53e6a48bebfed4cc7007614f8bebfed4012d75656543c0e29ace10e4f2076a92311ca9b82801bb5003e325d493c62bac7009f15d550bc0e01a6a7c94e79e715c6e804abbd8127b74ae8f6986481ba9924a211c75c50ebbbcf623de4f5fa513a9a837d809eff565440a47c8740bd4d66b51bbfdb17b9b8910c807c63eb8fbd3e59886f76e0fc8fd22b1faede7ee267452077f9525972f5548630e35276c17ad6a6352b87696438c703191591bc9608dcbb7273c03c66aceb172b08d8c41ee3693595bdbb9afa6200dc14f06b1724d4bc3671c7a32d9d4035c14446762368095b6f49e95edd97ee2eb22527e287b7dea97a3fd2022856e6e1b73939506b557d7896e628dc02b9000a53ba2de8c2faacab65e969511bd9bb954127edd2b1dea4d4df4bd2ede00c04af867c1ea2aff00adaf8b48464edda001f6af3af566ab2dccb64a6424ecda73e2b8df6f1128c681d75aafff005011ca24c6dddcd2d1fd373eb37bfc35255db712ddabb2694d3dec4efc92bc39fe6adae9728d25218ba1ea48fc545aa2d4acd77a33f4b2c001737c50ec5cfd55ea7a3c1a1e9b104b6863ce319c035e0571eb19a243142ec3230707ef52e93ea0bfc0285dc9ed8347dc4bc38e33fd33e99b3f665943c688a7181851c55f8f4c9a47dd0b80e477e86bc6743d775808380bf7cf4af47d07d417ae91a4aa1b3d706bab2a650e2d1a09610ebecea71a273f09547c734adaea5d1ee7dabb6f72d5c7c24eb9a296d32dcc27805471b48cd24b25914a05122673b0f38357579656dd0cbcd3d6e6169210a5b1f11e6b3e2d5598c2d1911a9e15bb7e28e5b49fb09044c4b424ff000dfc55fbcd3d6f537a9dc7193c55719767447ba3cef50d124b194c806d46e432f6aa4e85a3cb9dce1b6ffd5f735b77b51216b67dc030c291e6b33ab69e34ff00e26cdb129e73fca6a537d3649345249dd181df850780074a2d653fba581e181ebe450c31238c119153433fede4dd8dc5b826b4f8fc8bd8872211fd1a7b672a477fcd5dce79f341ed6e0074cb6ec8cd11490b3b60e17b0ad84d3568cf71a27a55ccd39006639e98ae911bdebb5d7501b00714dc558a54a80ef420d4528e73e6a4c5325e83f35d52b0188bbdb1d29ccc632546081e6bb128e4f7ae9456e48c9a937402909237771daa3672d8ce2b858918cf14a84ec054a952ae80aa29d72179c734f9090848e0d42496ea735c6ad01c55c77cd41292c48e9834f91886e0d33ad46316980d906085cf06b9edfdcd38e09c9e48a6b9c630715301ac8c0f0463ef4a97b465e7af6eb4a80300480327a521c8c8e949c1652075a4b90a0753401247de9d4d8fbe78a902161918a00e28f9afe6a7a896360c0f1530058e05007369657c0278c55bb5651c138205451a950735d4f83313401601181e0d3655c81819fc5257dca831d4d75a40a70450045b1bc1a9a318400d256dd9aed002aea3046e4e2b94d752d8c50059dca4f5aee2a2404907b0e2a627249a00971d36fc57c1ae498c63cd35e4ca10383e6a9dcdcfb48dbdf03a1ae3aaf4eaf58a59fd956078a1171746493dc754089c063dea2d47568e28b97f8f6359ab9d4a4bc9c42adfc01d5c56765cb5e446f0c1596ef75179b314041c7ff9bd8d6575a956de0511c659875c79a34cbb8ed4fa4f8a15ea4823b3b6ce4990f6fed5939aeb63b082ec79e6a84ab3190fc9b9c78ab1e91d185f5d7bd3f16e8718f35564827d4ef920500a939663fca3ef5e9de98f4dadb247184ca8396a4e3a1fe88216f64e02aa82362707ef59ad7a268e5ccad8c1dc0119ad9eb7abdbe9cab14318248f96589cd79d6aba94f7d2a2896329bb69e781541738d2b086b5edc96d13c73a1f7502b718c566ae3458afed76c8b9789fa8ef5a7d1ac55cfb13c82404e4285c8ff3464fa7a6b79542408633d939a9274722acc0dbd9181d527880dbf4ec1c1ab4d6524b727db3d108c78e2b5d7fa273b92321873f2638a82db4f4795a50a4313820d4273765f082a30b0e972c7382d91228e73e3c516b4d46585b16f1b0238ce2b572e89ef1dcb195ec4b53934248fe8247e07154b7659d1036c6fa4870d737b243f87e7fb56d740f565b2948c5cb31eeecf926b0fabfa6e548c148c6f5e477acf347a859cb9da001f6c556a6ecb278d38b48fab743d5e378d1e394487f3cd68adf521752e3211bcf9af943d3feacbad3660e971343283c90bb971f7e6bd9fd2beb47d474f13074909e3dc42300f8c751fe2b431e7af1a33a7c7747a55ea2943ee0fe1f7a9b4ebb903fb12fcdd571130fe65f14174cd662b921666e5b8da7bd5c940886013b73b830eb5254df6424a0ff0065fbbd3cb299c0393d7ec682dfc313c44c8bbc11b644ef8f35a582ecdfdb8ce15b1c8ed42ef6d07bc0803695c11f7a69fe71f4a9c7dd98a86d85a48601ca30f89f355ee20f65a263d3a11e68cdf5afed676872064ee52dd8ff00f1514902c96a8cc39ce715443f1f111c8bb2b636dc7b8994e4761e288d95d66231b1c01d28558ceb0cecae70319abec04129c1055b90456c61938a423382a08a29c838381dea6aa504c5383d2ae6f1807cd68943543a952c63ad2a088ab86ba06481e6bac85719aea74037fb521d2bb5ccf04f8aeb936026c0049a8a46040c735210cf131c6d1f7355d5b70cf4e714295008b80704e0d741046474ae80b9e464d349519c301f6ab53b5603647528403934c520139f15ca5d89f0335d02bb0c39ae6e1b58f65ea7c539cee607ed4df900e3790acb823140104a1838600e0570aed5651c83cff7a9d81283ef4dd8df6a00628f88e0d2a7676f048cd2a00c08192053c7f0db239edcd71c0552470453dd46d5fbf53e2801cff50edc5491ff00c31506727ae40e87cd38310300f1400ef79bc0ab312ff3542225c74a7862bd0e28027a54c8c920e4e79a9d114a02473400d8f8641e0d3f67b996271cf6a4caaaa48e08ef4c466dc401b85004a89b33ce6bb5c18cf0dbbcfdaa26660c79ef40165a3daa4e4d46ec5718a76f24609c8ae150dd450038314e9ce79e6a553b941f35054534ce9b42b10280269ee12307278ee6b39aaea472551805cf5353dfde2ec6de7e38e6b2d24a6e670186e8c3641a573655a43118ab21b89df50ba117276ff8a8ae4adb39897001ea055cb9952cb748a0024601a0a826bbbd89547ba4b608359593cf46f1a499a3d22db0119b904f7ac6fae6ea492693614c7d2bf9adc4affb7b3cafc428da40f35e7773baf7517651ba146cb29ff19a47236fc343125564be8bd09679d0ca4167e5beff006af4bbd9edbd3ba592ec039e8d4ff45fa7a1b4b5f7e6c33632091d2bcf3f56fd47fbad5134d85c85539661d878a51b69d22f87b26995752d652fee417b8f89e823eb5369da741213ed33a679ce067fcd67741d26eae9f23843fcff00d55e97a2e8ab1c081d413e696ecc7faa2ce8fa6c8db10c46503b9ad859e87c29285703e9ec29ba45b24457e38ad3da819a9c5b641c52d011fd3f1dcc677aed5ee40aaebe91859fe1b40edc56c9635f65b81d2acdb411be032838e4549a4c8db46362f4567871ee0fb5138bd0f0ac4a046c31db6e6b776968af1e42818e2acc918441e7f356ac36aca9e6eae8f32bff0049c736415047802b25adfa161756db1e39ef5ee13408f08f80dc7be284dce98b216c28a5a581a5686239d59f32eade89b8b7577b67f6c8eb8343b40d7aff00d25a9abbe027d2cc07515f43eb3e9e8e4899446a09af2af59fa47da490aa804ae7fbd2d538ed8c297ddf11b6d3b578b52b182f2de5578e4fe753ca1fbd69744f50fef01b79b3ee01f13d9abc27f4f3569344d51acae06e8251f143d0379af5406449a2ba848510fd79ab31e5e8e84f3e2503d2f4abadc88f900a9daea3b0f356ae5c48ace3a76acde917612485c48845cf18fbd6804aad130600f6e2b5314fb3ff00e190f602d5edda6024620b27208a6c4ab3c65c743c63b54f74ab873e1b15169800f87f2e738fbd5fd515cb40dd46ccc33b0db9e319a515d7b89186001076d68b52b4599e26da0e4726b34d12a5e3263a366af849dd0a4f4124916585141c32f5c55d893681c9340a194c128dcd82dd4d1a4955f015f3c66b620ed0acf65c6ea3f14e58f728393cd32001d496e483deba58a9201c006a640718f60dc0e714d672d8ce2a473fc33f8a8a801535f2a9e7753ab8406183c8a0064b187190369fb1a63a10c0918ed53f4ae37cfeae6802248f7739a6328048da0fdcd3dbe0d853814d3df35d4d815e9acbb875c54ce8aa84818351d5e046c8646000c055ed5172473d6ac8257a1c540df537e68038abb8a2f6cf5a91e34f75d5189407827b8a8c120e4706bb0285638e38a004ca14e3686fb9a55294563922950079b28f90a9d080dcf4c542bf50a92801d2105863a62b9129de4e383d2b95347d10f61400ea745f5d3453a2c8932067140123e08da3eacf4a71e1b1d09ed4deb2ee04114f639903761401c055482dca83cd4ca771c83f1f150302548ef5244d8e0d004986cf0db45717e591f5377a7020f4a8d9c0fa47cbbd003107c87e6a7aaea7041fbd3ddcb70a39ef5c6d201b3ce10601ce6855fdfad92132b025ba277a6dcea291338c3487e9010679a1a2d1a46925b8562d9c807b551292b2493295f5c19d18b7031f15f1545148393b94791566760f1fb9f4af834225b8fe260b617b6292f8bfc8b926fc43b5994c6638c125b39c1eb4cd2f3242703e44e31f7a82ff00e737bb9c003761ba9fc559d02d3dfb989031dcef9fc52399ad9a78952f4d1dcc420d283166dd8e01ef43bd27e9b5babc124a87f6f1e5a46ec0f8ad1eab02ce91411a92738347345d3d6de7834db75de4fca66acd430589dd748d067badbed9752114f715f3badb9d7fd493cd2fc82b9f8f8af6ff00d5ad54595b2584470aa9ce3cd795fa4b4f08cce7976249355cbc76c7306cd5d8e9c9691652255f0de28cda2bb11f2dff006151c10968501c62afdba088800734bad8e05ecc2fc372127cd682ce441293d076a0b691b103a517b689b3daae2b9e82de2ae5bc9c809f23dc0aaab192993c63b1ea69d016590e38e2ac8b485a5b0e417242e3a1f1521bac1209e686c6b26724835602338cf1cd5840b6262e40c75a936e3a8c5575ce571d6a645766c64571e8ead9435483dd1fdab17ea1d23de8f85c9f15e872c59e0f5a07aada0c1e949e54e8671b567ce7ea7d1a4d2afc4f182a54821abd2fd2fab8d52c2de5030245d8e7ee2877ad74a325ab10997c702b3dfa777b25bcd7ba6b9c2ffc54cf6f354af36339ff0028f87a5692852696d5860a9de335b99642f6497007cc0e4563125459ada5404e08573e462b61a7a97b5789b93b720fdab478e6266f2202b960d2ba83cb0df8fbd4964cae5954e5b1d2a374f9ac87aafc187734c07da943a71e7f156274ed8b062e1d56cb7171f0eabde815e88eee1f7e320a1e723b51a54f7e275c70eb5909ae1b4abb920604c79e9da984efd4426ad781301248c363287bd4b6b2b452ec6f913d0ffe2aa58dd46d1b020eded56eed4ed0e836b0e706b4f1c956c526a9fa188d8b8e4608a7556b397f8084f248c9ab087dc381fef4dc64a8565b1e14a9048200a937a7914a4c81b7b9a8d90ae3353222620c848e98a6aa95404820576a3943b2800f4f3400e122938cd366e83f351a7d4b524dd07e68022aed3d1900f9024d31b058e381400c97e835154b2fd06a2a0055c9398c01c915dae1e94011bb29420119ae4642b1cf1c523137dab85187deac8b497a0292521be3c8a55cdad4aa5d901e79d0834f5725b1c53060b006a40a01c815203b5345f40a86ba188c8078d99a009e9d1e77f071c53476cd3509009072d9e079fb5004cedb180000e29eac5901ef51c437e4b72ddc78a900011b1c63a50031652580c0a7b2eeef8fc570228c1c53a801464c6081ce7cd70b6e676c9daab9fa7f9bc571ce1783ce69c47cba9e3a73400d9494c639fcd57bcbaf6c6c43f26183f8ab12608c9e4d50bd450e580f963ad553d800ae5d92f210320236ec83d6acea576563088e496ea4f5a86e00371267b1e2a85e3b07cef5e3a669696cba3a29ead396b711a614b7193423dd517091361940c96f06a4d4e7127c7b76a13ff0e190a9c1f34b679219c716dd96f502d2cc8727da43c1f3f6a3de90caeac2471858c6ea0317f1a68e066711e371dab9ad37a2edd6e7df94f30fd0199b049fc566e595a1f86cd5ac896686f1c92cff00427deb4de8fb4961866bf90e18fcb27c78ac78dd79385fa950fc54f4ad6eb3a9ae8de929a5076c81400a2952e4add1e5dfa8179fea7aacec1cedcd07f4fb989f0307b7355bd51aa884873f5b6370fb9a93439d7d90d8f963ad5393f2f0730aa746eeda56f6938144ecc65f71f1d28269ee5e2424e68cdb9231838a5978c6cd0dab6ec70063c518b498aae7682abc1cf5a076072bc9cf3462d87cf3dc74ab54acae7a3416900930092c4f7a925b62b9c76a5a74ca40c0c379abf80d9cf3c558a362d3d95e18cb202dc1fb54c06d503ad722e41e738a99514a0c819ab52a4407244372f26acc7100fd4d436c3730cf3cd5c55009c283c7f8ae815ae1761ce73c506d409909078fc5189c839c36ea15771ab76aa72e8b71ba664fd416ab3a7c06702bcb9613a5fa92199571b9f6367b83c57b0ddda330201ea2bcdbd65a7bdbcb0cabc1077923c8a4a516d8da95c68d36853b5c9b981b01d5f67f61debd034663205ce391b38af25d22f7daf533647c2e205941fbf43ff6af58f4f15f6e3da72bbb8ad0e32a32790abc025e485750954e06e39c0a681b8e2b9aafff00bea6e7a3605496d199133fcd9eb526ad50bb8b5e8674f5f7a1f6f80579cfdab3deb5d21de04bc465589f83e41fbd686c54a3052783ce2af5cc11dedbcf6b2a0d8c9c55b197554c89e71a444595549fe27707a51c8e525c2c9827a645724d112295fdb6c1f02a05431bed6e714f61927e0b65837e97ad668e395a2258e79144603b4061dfcd04854a4c251c76a3113fb90efcf26b4e11ede588b8db2c34859b3815c672c4038a732284240e6a3eff007ab8ac5dc8f148f4a58a47a500400e083e2bace5b19c57295002a54a9500719772914cf64793525472b10060e28018ebb5b1d6b9489c9c9e6b87a50076903839ebf9a699148c01827bd3a8011393d31f8a54a95007993f32a9ed9eb530604e0542b36181039cf7a94cc5ba8007da9801c23121e7ad4d1a6d1b31922a28a401b38ab11fc98be400d401ceb5dd87fa4d74215c31c60734a572c06de0d003e20403918a7d431395077734f3283d8d0038e1b2bfe7ed48c617956c1ef5c3c2007e95e479a4b20638c50022540e14a9feaae991d14e4640fe6a6c8d81b7fbd75dc3c440efe6802bccea65033c8eb43afc8313e0e7fbd5a94ee919b191e0d08bcb8122b2a26d39eb554f600fd41824d963818c6685ea3226c1f2156afae0090ef048238c502beba661808a7ee4f34b4b65f1d15db134a02b77ebe2b8f26f98c71a976c6378e82a1855a485b20a03d18d1458d42aac437315ea3cd66e695b34211eabc2ba308dc42a0b4ee36e43639ad8e970fec6dc5ae7248f71f9e86b37a6c462bcf724507db1b893e68b69d7324ccf2b91b9be38149cf45f0d9b1d06d7378a14e189e2abfeaf6a62df4e86d1792a01723b519f4c4425773d197904d79dfea5ea4d732cacc0952e47f8aa0be1f23cdbd5da817d52289ced589411f735a3d11d5a3400f3b7a5617d44ff00b9d5adf28ad2380c1b3d0568b4dd523b593e6f8181daa996c7b1fcd9ea1a1a90a090704f19ad25baacb85c8c8fbd796afaca68d145b42f330e802f5a8e7f55ead6a7df369347e702aa58e57e97b748f6db451148a09a2f0bafba1b3f11d4d7805afeb4cb692c7ef26e51d770e456e744fd5fd37528809a558b71c63238ab96348a9bb3d6ad1c261874144d6ed0c7866c5606dfd516d76374172853bf34520d59260007c8f35df895b566905d082652642b19ec3bd587bc0ec4a7d27a66811b912803bd4dfba20903b0cd1dd91e88396f7814609c54ff00bd1fd5fef594935858d464919e94075afd44b4d2a3625f73aff2e7ad1dd91e923d245ca3649602abcb750a96264503ee6be7ad7bf5d6e26cc76d16d00609f06b38bebcd735cf8c72ba7e334772518b5b3e8cbdf51d842e419630c3b16ac27aaf56b0bf824d92a338ec1ab2fa4fa66eb52fe2dfdf2203d79e6aceade8ad3638cc91df48368c90a304d5725d8661a3b6f74b04ba0de1f9842f16e1d07dabd8bd253892cd643f1cb671e2bc2ff63fb4d16c7db9fdc8d2f0fd7d4702bd7fd357246848e0e08dc4e7ef57e1f199dc9db05cf762e75aba909f887eb5a0b262634d9c926b230484dddcb6d201391cd69ecca496aacc4a94c118a8a936e8a5e83d2288da127b1e7ed53c939b7b8b6907233b5cf81e69af17bf600afd4803127bd57b99716a77750b926a65208d7a49b4fb992e23532287f9c58e07e2aee87abd96b2313a18a403a771516bd2c63f88c4b44e3a86ce4d642691ec2e048aa4213c1cd4a32717688b5d951bcbed12108591f72e72327bf8aa9ca1c10411da855a6b8b7c0248a030185706ae4124b35b8904c7f07ad6af1e4e5e8a3824e825b8e3728271480e77773c62aa437338e18064ee56ad2387e45682936c55c690fa69751919a7544d1b16278ab0ac652208ea315c6ce38eb5c5dd9f974a00eac8c8e703231d69ab92c848c71cd3eb87a500365fa0d42485eb4d3bc385fa81f14e04ab23819ee33d2801020f4a44e064f0291259d98800939c0a4f96400751400b8aed7074aed00359d54e09a54f0a0f5623fb52a00f2c5fad7f353d40bf52fe6a490e31834c01347de9e090300d3500038aec7cbb03c8a00b61cc8c50e00f2293a6d1d735189573f11863de9c493d4e680394f09b9015396ee2946a0839e6b9928e769c7e280246e50d324530b0dbf2cf9a6ee2475348bb1eac680133876cfdaa098941907ad4c142a923839aa570c703e46a12740452ddedf88c1cd04b99cc72367183cd11bac47f2c72282de5cc7c97506aa6ecb229307deca64dcdd957341ae1fda9495f903d8d58bbbc6604448c509c10b4c82ca5bdb80a217c78a4f349ad0cc62a88aca169be53931c47e88fb9a232116707b80624e8ab57ff00d3e3d2e32d3ba175190be6805f6aeb26f28a0c87e20f8acc6dbd8fc765ef7cc56654b6e9e6e4f80288e9720f7a240412bc91409599b1bc6180a23a4e1240cbc379aaa7a2ea48f5af4e4612c19f241c1cd797faf0136c4800a976c9f00d7a5e98c53d3d2329c36deb583f525afef3d3d72c797571cfdb34ac9b44e1f23c6a687f71ea38d57e4122e3fed4451d61721f0ca381915774ad204fae4ae8305414cd59d63d32e1772f19f14b4a4ecd38a4bd1b67ea48ac0873d179c038ab971fab5636c446e04921e3629ddc579ffa8606b689d4920e2b08babdd5c4ff00b4d32d94cac71efe39ad2c0bee78c4b372161f247b0ea1a85b7a995fd8d2a7773c931c27205637538a0b06ff008b25b61b21268d918d60aeb5ef5069d7e81ef2f1115b0eb1395e3ec456bfd3f7dacfaa35a5b5d3a49aee09398edef86f381d72fda9c971a97866c79e9cfa9a5f4e7a8ef6c9818eeda44ed83ff7af60f46fada6ba48e3998b1fcd78d4fe8bb8172dec23e9d7e3eab37390e7fe53e28a684ba9692e249a228ca70eb9fa4d64ce2e2e99b58bf28db3ea5d32f4de15e368e9475a228991ce571cd61bf4eef46a30404f3bbae6bd4ef6c45bd887c718e2ab3af679a7a9af4c713aeed8ca70315e4bea692398b7b930539e1b3debd27d6567717b76d040b91fcc4561f56fd3db8922966b990c50a2ee3f7aa93765e99e5f73adaaced0d85ab4f320cbc8dc28fef5cb0f5ac56b21379aedb5831e088a3694a9fbe315aab7fd34bcf52db4d1c6e2ded0038d9c1724715e25ab7a5f55f4bea7796b6d02b492830ca27190983d706b5b0618645f9193cbcf3c55d4f5d8bf50609311587aa2d6e24ec2689a324ff9a579fa83ace9ee915f2028e7e32c2fb95ab07e8ffd326d4adaeae67873008882fdf7f8a19a758eafa16a6b691b7ee2d8927db90e48ab32f1a315f8061cf967ff0093dfb4bd63f77e9313bc8cec6f4003c7c56bdaac262be9f8c270ad106af11f4a69123fa2225688c4f25e99307fe85af6a2cb0e9f15ba0da521507fc566fb0748bb3ab56d7a0fb250bb1c0f96fdbd6b4291f0ebb8803143b48b58e630a95072e28b0416f248927c98bb0e7c544aa697566c3499527b20839dcb83427d4d30b48150e0061834fd0ee4476e8546d35cd66d63d62558ddb2476a67cea98a198f51b5cb5806b523319e23cd6365d7649a2904f1720632ad939adecfa648f71328e7b81bf3585d6746782ebdcb4b7de55b2cabdbef512714990e8babbdd41ee2a3a7b67a37535b9d027692d493fd58c1ac6e9054165552993f353e6b59a43b09a450ca171bb07cd6871db15cde68d229f90014283d853d22d8e5b279ed51c1ce09e6a7ad9491996ced44d21048c0a96a06fadbf3523872952a5400aa2690824605291887e0915d440ca091927bd003217f65812037e6917063541ce0e734e911761e05461403c0a00ed2a54a80152ae104f03835c0dbcee1c0e98a0045727a914a91ebd18fe295007975763ff8829ac76826a480166c8f14c013c5d5bf34f8ced724f02980ecc83de9e0e466802c715d52006fb8e3fcd7074a5400e94869091d302b9b49c601e7a57550b67152282bb33d873400c760b12a29ce7ae299de9aadb88182335218d867a5465a021988c63bd51b8610c0c73f23daae49c9cf61c550bd3bd302a97a27175b331757cf7f330018a8e840eb51cb6b0b46048c4b13f49ed572e7498a26c2b30cf87343ee596dc6dce71f6e7fcd24f15fac62125a1c2c6cecd73b0b93cf0d8a6cbaa2c11e601eca8fa803963439b525646de8cc41c0f962a95e5dbb5b620832c7b13cd2ad53a45fd59475ed6ae667db66a659bb85fe5a6689a2c96e249ef67124f2302b127d23ff00d6ae59e87713b2cd249b82fd413e2a9f6fbd5c731da3a2c7f37cf5ec2a99b5d58d47632780c93924e4eee9e38ab3a3b2a44573df1fef51ddcc7e078de0e4e2969a416e3fac363f159f2fd179ec5a2b28f4e4cb9f91e82b3ba6c31dec77566fcb484e17f1c8a3de9e9164b2950fd2c848158f1a8ffa66b2cc58a6e3c11f9a9644dd51663f7c467342d2bf61ac5fc4e70ecf9da7b1f15b88f4686e8057424e39aabea6b05d3b5e8a75f925caef0c3b1a33a5481c29ce49148cb668637714613d6bfa756d7b6b2fb7193267200af23d2bd2afe9cd51dcdb8770dc2bae6beb73a625cc25c807f3598d67f4fe1d5776c5092f5cad35825d0a64935f91e1773e99d235bbc46b8b2b8b691bebfdba86c9f3cf4af46f417a7343f4acb24b6305c0b975d867b95c91f81da8f587e9adcdbc8a11c83dc9ad1da7a25e06ccb365bbe29a96693d15c70e193d501ae3d3361ea68e45b8963865ce629bd9cba0ed83e6b9a87a612dec196edc5e48a8156e36e1a4e3f9ab776ba1c36e9f48cf9a05ea7655870bdc74a5e72728fa589ad2047e9bdafed494008c1ce3c57b65c5c1974c48c0c85515e2de8e764be65febe057afc7262c541eb8aa23e225a330da7eebf590a6e563f2cf6156b5ed3ed6e2c9239a17d8a770f68e327eff006a93dd0b3b03c7de8d45662ee20c58050383e4d492bf105d1e33acdb476f7aed6e925baf6f91e7ef59abfd39aeee5a730d84efb71bae21dcc4fdcf7af75bfd01663ba55575e9b714327f44e9f7030d004ffa6ac4e58fd23da1ff00a5678a2681713a246648d013cadba6d5fee2af68dfa5f1a6a0b75300e40c80c2bd9edbd1f650b295855587422ac5e69e91818190a3a63ed5c949cfd0ed1ffcaa3173e9105be93668b18c8977616a5b895656213e0e3ad17d5a0119863c708bb8ff007acf5c4bede180f93540ada6dd9a7d1a245f64e4641a66ad73ec4d1ed60093fed8a669d3ed890e0d0bd66e0bde4183865f3d0d02d4cd3e8d1b2da6e73976c95140ae3d50da7eb263b88cc91af403c51ab1ba4b7d3a596461b954b63fb76af369f5392fd67b8930235ca863d7ad0d34712b37767eafd32f42ac5b838fe599727fcf6aab24f6770cdb6568f71c08d4679af3bd127cdd36d0a08e720d2835c637520120c83c0f1538b491deacd7dcd89b12d3290e0724818c0fbd59d22eff00f7cd2020c6ff00156ec4f8a1b65aa0b88764c731b0c363ad374d6f66e7f6eae0edf9a1f35a3c7684b3c25fc3d120999d5971cd4f1290c7208e284585d3958d8a30da7e47cd175b80e3201adc4d35e192d38ec7fcb3c36d15132b6e3c13f7a7fba3c1a783b9735238414a95359b6e280116507048cd70c8b8ea2a376dcd9a423665cf1401cd8700e0f34e4f836586063bd3bdd1b5463a535df7018a00e3905b8e95cae0e4e052276a86ec6803b5c242e33c576b9804f3401dd84ff50fc52a67f13c8a5401e5ccbb863cd4d1fc08dbc8c77ae9555e40e9e2bb128ce36b01d79a600e9258e4d489f40a5b17c5740c0c0a00916424818152540bf5afe6a7a0072b95ce315df75bc0a65722f93303c8a009d8055c803239a8ccd8ce700573713c139150bf29cf3cd56e568089a6dc4818c5519e452cca4e3153cd88dc05f88233c50cbc277920f27bd5600fbb9897049c0a07a91c9ca924e7a55ad42690363dc5d9d88ead41a5b9657c9624555925512dc71b90bd93230fe573c0cf4fef44340d12eb5ebc5671ecd947c063deb9a25b7fac5d081919909f9115e862d174bb758ed22c6d4fe7f3e4fdab29cd59aabc466fd4f0c5636a208888829cac23ab7dcd65adf4a7b746927725cf207815e93e9ef4836a77b35f4f209e75380cdf428fb5677d56bef5dbc56e36c111fe248071f8a5e5a251d98ef745c4ad1a9f90e79abda2c623943b670cd8c1a1b6d6e1eeddd06230d8fcd1eb750986c071d769ed4ab56309d1bcf4fdd2acf6f1b9da1cece2b1deb78cd8eaa14725598734527b87b4b34ba43f21b597ec6a97ae17f71b2f18fb825457dc7b1239a9b76189f46db0b25e9f50fa56321835d4182bfdbb577d3d7e23982bb02dbb04563bd37ac7ecee2644f8c5d303ce2afda5dac57c7db2705b39a4e51b958fe195c544f63b0bb1fb75e334422b6577f97d58cfc7a564343d5048a077ed5b1d364575031f7aec64aceca0e8b296c08f88e9fe6a7b7b42ed870557b1ef56eda18c7c828dc3bd58cefe4f26af52b2871a06ea082d636dbcf1debcdbd4123191fec08c57a36ac490c327a57957aa2f764d220e1bc8a8cf64f1c5b764fe8e25f515270003dabd7616f72d3ed8af2df445ae555ff998f5af4c825115b6cc74e2b8a365b2d816e652b72460106b45a4bb3c4aa4e17c0a11a9d92a2fb807cb775a9346d4086099e45107524c8ca34acd9fec3de88018c79355e4d37e4de6ad5a4dee28e7b55861f23e29bb8cfc62e065b0f90c938a1fa84222c81ce78e68fdc1f6ce474acf6a1721a65046413554fac5d224a36663d457016e5f200da831594d4ee238510f24814635bba12de4dbbe5ce39f159dd49f7b42b9f891d29594d596a548d3e9ce65b319e38ed407562cd790367049a2da539fdac796c02ad9341ef097d461523281b834466ac5a5a3437f72a9a4a29c7b8ff1c7dabcef56900b492d97e0319603cd6db5188c9ece0f00e056275c8847732ae3f88e7afdaac94ac843654f4eabc5a7dc5e10cff2d8a077a0d33985e692350ae8d9901eb5a7beb36d27d17668720c92ef2478acacb6ed24b7454e01f91fbd40b4d4fa57508ef5946e04370435686ef4db8b1b88e44899a307723af8f15e59a7ea1fe99751c8a189ddc85af60d075f8356d39a3f74600e8dd6bb0c92848a327e5e1a5d2a66b8b4058ed63f52d128dcae071436ca48a48924002fc724838ab914bee3602e00e8dbb39af4d83226a8c5cf1699748c115d1210318151c64b0e4e6a644528090334e0a8ca8e6e83f3525473741f9a008eba242063029b8527e4fb4f8a431d8e479a00ed2ae121793d052deae70a31401d1f13915c61b942f615da5400a953642421c706a2dedfd46802462d9e36e3ef4aa0678f3f36e6950079f54aaca500cf3517538a72a90d934c00e6754ea715dce46454734664000c7f7a78185a009a2659236662030ed4e0eac700e4d4099098feae054b1c6c18f4e9400e39cf5f8f8f352a3a051fcbf6a8836735da0091dd4a1c11503489823229d237b7c3707c55660724f6a5c0a378c0f39e3cd09ba95946307144ee795c0f3416fcb292dd8d04a2ac0da8de0dde286fd32fb69f22fd0f83536aafed3720bfd969ba23896f63046e63c014be6d0c635523d0fd15a647a5d8cf77c0ba3f0563d8f73515fddcdab6b0b670a9f617895c742689cebfe97a4c71423255369cf93c9cd65b51d465d12c01465373336d0476fb9ac87b3423f94a8d46a5ea848ad1748b1215ba48c3c56475726eedd2c62efcc801e4d52b3f76393d944dd71270cddc7e2b69e9df4e2470991e1f91e4c8dd49f155cdd45925b3252e8f0e9511046148c84fbd55d3833b9497e40738fb56b35d8238b72c8a589195c76acb44855db0304ae32693eec662acbf23bc5a14ed19c3ec3b4d577dd27a56dc383234676e451182126d6518f7136f00554b08c45a6de5b31e13e7cf9a9c5d92e88c6097dad5582a15c8e95661be097111638c71fdeaa4cc24bf69002307bd0d9ee3648a77062ad9205552d8d635d7d47aefa7efd415f90ff35b8b1d4708bb4e4fdabc83d37a8a3952142fdf35b9b1d40b280b91f7a593a197ea37969ab32dec218613b9a3b6b75bb91c83585d3ee7a339cf38e2b496977818078aba137653382a085f6151c1eacd91f7af15f5c328d4a47ce154f5af69b9ccb075cb01c57cf9fa93a9241ea49ac9dfdb253383df9a9b764b1aa46fbd11aac52ac19c3103b1ed5eb1a76a9a6a2a99e30f915f13697fa9c343d6c5ac2f282a792c38af62d37f524dee9c25055998641cd754a8975b767acebdacdb40488caaaf8cd0ab0bd56bb1244bdf0715f3efaaff0051f53ff548c5ad9feea0561b9c9c715ebbfa65ab9f51cf0b22955c6e71d876c552a6ecb2705d59eafa7ead90003d6899d6369c13834027b636f2109fcb55a5ba68dbe5d4d5ae4d8a4609b34171aa6e6c1c60d00babd0ab2b93f4f22aade6a8814ed7cb63a0acf6a5a932d9be5bebe455729345ab1a40ad42f37dc4a41192d922855eccea892a0cb27040aa4352125d4ca5be47902acc1217844ca0e09c32b79aa9bb253828c6cd35adc13a5203c652841e2ec1c0233deae19449a7c7b0701718343a142d3e4ed5c73d6bb1d88b56129a6c9c658a8e727cd00d6612f7705c819127c1bed5a0b680dc49b78c1ae6a9a4b5b866500a8e99e99ab88575f41beaf90be9b69028cc6140c8ac8de41ed45336386e86b79a8db0bab100296310c923bd65fd53a5c92680f2428d9460c71d715351b39dd990b4d3c5d4a0b291dc356b747b5e02a9dae072de68658d962c4ca9c2f60dd7a511d1df63e4c8a33da9dc58a32d94649b8fa6f7d3d773c30a46ca2453d55ba1ad1413bac8a480ab9fa4741593d15996e096e507415ab858b20200e7cd6be0c692b327249cfd614472f9269d515a81ed0233f2e79a94f4a7058e7b8be4532460c060e6994a80398aed2a5401ca718d82072b852700d359b60dc7a0a426660233d073401da54ab8df1504f7a00e19141c123351c9b24c0c8e2b92a124371815ca00698d47439a548b60f4cd2a00f3ee8735ddedf6a603fc4719e00e29ea406f90c8a6005bdbed4f8f2e4835cf8338c000539008a5627953d0500753aa8f06ac02474aae87e43f353105ce01c50020b8cd7696c2a873c9f34d5394ce680148bee72dc9f355d89c91daa456258649c66a37fa8d2e00cbb72bd283dd9322e0d16bdeb426f788c11c1a09c4cc5ebb07da06e27fcd59f4ac4ad79002843fba3e46a0d45429c81823bd41e99bb36fac4396e371fabcd2f9b4589beea8f53bdb92d6d8c032492907f0062bcdf57bb9351d7e5030b140b904f427ff009ad8cf7b2ffa6b5dc6048cbb871d8f9aca7a72185a6b89e43b87bcad83dd8f6acda46947cf4d7fa3b4192ee78739370c3dc663d857a4dfda8b7b658d7038c003cfdeabfa774e4d2f4bfdd4a163b99be44f8141f5bf55420b2c5227070697969938ec05ae9cb90d8dca304567cc06451f1db4512e3fd426691c87238045704266fa783dcd2524968bee8e5bc5b6260a4a8c76aa3710e21b8083e720eb45c443db508bf23c63cd54d46dc69f6733cae5495393e05763a2d8bb3cd7539d2da0b87ea233b73e6b036badabeacf9605246c27e68d7aaf556bc8cda588c43925d87f357945c6b4b6ba84214e3d89771a631e1eeec8bcdd5d1ee3e9fbf30cc133c67a9eb5e93a45f2cb1019e95e35a35ea5c42b2a0c6fe98adee8ba9fb2235cf278269092487f13725e9e9b657202e33df35a2d3ee7dc2327fc579fdbea8aa4638a3fa3eac19f06a30d96b566f45c0c726bccff00527f4d2d7d532a4f2332ceabb5244383fdeb5aba81c8f91c53da55b9264dc1148dbcd580951f37ddfe93cb6d73b725d81c6f2324d14d33d0fa8d8bac60c8632d815ee92476beea091e3c7f5138028ac7a2477ec05a98e551cef575c0fc5074c468bfa6b63776aa6e2125fc9e335e93e95d134ff4e5b2c3676e22cf5c544d7561a65b089ef229266e311fc82ff7a921d56d8a811cab211d85729049ba0e4b32ec627ae71423574324598c8cad57bdd6522838ea4e6a98be1771310704d724e8aa2099a42b29e07159cd62e2464da31c715a19c0f73f3d681dfc218b6062aabb188a4f6622457b799e407e406467cf8ab7a47aaa39ae7f6bf177639620fd07eff6aafea066b7438382016af02d2bd60d61faa6b2fbadedbc82275cf0cbe2adc589ce32651cac8a10491f5709ff0067611b4aadb07522bb770911a4d0b650f27343343be8f5bd1de162870cd1903ea07b66b49a669cbecc70b37b8766d6cf7aab42ed2a1fa53485e2600153deb6d6ba726a10326371ff009ba501d2ec23b4b8f6e73b60fe53e0f8ad6e992ada931b9c2b7d2de455d8fd7e8ae56d2f0ca5c6993584eea154a1e83079a7de68e12d1084df1b13bd48e39adcea1626fadf785dce07181cd676d75648d65b1b888975e72de2994ab42d6cc26a7e8e64b2636c095c6428acb5ae972daca8b2c4c246ed5ec90dcdbc0dce114f00374fff00ed55d4f408352759e20eacbdc0a670b699c7f96cca6963073e6b476f3b88c60038aa506911c129895dd197aef5c1abb1a088ec0e58f7ad6c19535465e5f1d20adbcbfc140bce054a656fb5538fe0b85381f6ab0872832734e1412b47852734ca458918ce452a0054a952a006b2ef523cd20986cfdb14ea5400ab8df2500f6aed2a00e32ee5c544e9b40c548f92a429c1a84ab0237312280106c7f216fbd2ae100d2a00f364524838e077a9e98b98e36cd3d4e467b1a600e021ba53d1d718cf23b5471a95ce7cd25055d89e8680261f26723a79a7c5c482a38640c8c31d6a484ee627b74a00924048241cae791e6ba0a946da300f414b6fcb7771dabb927938c9f1401c3c0cf1fdea394ef5c00a4ffcb52382ca40eb5185319c9a5c017710efce782282dea88c907815a2b904163e79a01aa46c413c50065754191c739e9408cc20b989f3c83915a0d441f871596bd6da558ff2e45464ad16c347a41b94bbd013e792ce182f638eb55fd250ecd4a0490042ccf311ff006acb693ea08d4e9f0be428760c7ec456bb469162f50c6cafee6ce589eeb59535d5fa68e39269235feacd79ecb4b48c314f75b048ea0579827a84dedf1b28a1c267687eed46bf55757967710c04a22aeee3a8143bf4d7d3d2157beb96de9190c2471c303e29294950ea36ba1698f1468a508423ea3452682380044604b75a1b79afc4a896eae08639529d49aab3eb4d258c92120056dabfd54bda677ab09df5d5b6956db810aea091cf7af3af57ebb757ba502cc1e4973b81ec2aa5c6b12eafab344b2318d7ae4f4145e1d24ebdb8aed6840d991d00a2d22c8aa3cd12dde5d0ae65914428a488cfdc8c16ff0015e29ea7b63617ed139fa4e77791e6be93d73471a66af0db491b2d94a3db507a7e6bc97f52fd22d672c8c1326220b79643dc53bc4cdd65421c884a4fc44dfa6dad9bad3bd9638960e1beeb5e996777fc253dabe74f4c6b6da3eaa0b12b0b361ff15eeba2de2dcdae43704707cd4399869a9a1ce1e574e2cf45b0badd6cb8e78a25a7dee03e4e33d2b19a4ea2623b1ce47dab4767709819e14f426b38d54ef456d47f55edb49bb7b69037b878cb7415565fd536b884324b98c1fe4e7151fac346b4882dc7edd6557ef8a13a4ea56d145ec2c1185fe92a2ab9ec670c149fa126fd4d8bdb266b9f6d4f7738a769bfa8d6d228115e061cf471dbad1dd37d35e97f50aa45a8c2883bb18f771572f3f477f4e0b868af162518f8fb0727cf7a928c1ab6c75e377e203bfea4da421515d6e2671c888ee38fed5127a8b5ad4599acecee0a91c67e22bd0b4dd03d07e97b158ec6c9ef2ee33912390148f140f58d6a19ae8b4282018c0894f155748af532cebd55b052dbfa9351b078a6d412c83fc711fc9eb51e9c3a9e9d0aa5edc7bb2630b2118aade9f819e5f7e6fa41e14d17bbbb49a5dca0802b866e4f5f85d96e1123cee193d284dddde55b1c9a82e6f321467a50ebbb9d88cc580ae36914f56623f513566d3f4c9e51f52a9c0cd7caf0de3c3ab8ba61861216c7f7af6ffd52d49ee6d278cb36327a74af0b96168a442dd3c9adee027d1fff004c3fa87938d9f49fa4bd617161a8c17980f6977024bb09e0923915efde94d7edb54b48e55712c47e927aa7fcb5f237e9c5e2fa83423a4b155bdb67335a3138df9e4ae7fed5e9be9af506a1a0ea114e81b639f9c4df413e291cff008cbd1ac5ff00647b4b67d40447243958c49b397889ea3edf7a743782488b8cbc6bc6d3d57ec6b1fa2fa922648e7505508f922f2051c9a68e677b8b17c38fa9477a5ed1c9c5d07f4dd65d703dd19f143fd63605e48efe0f8ab8c1a19697e011c147ec1a8f5bb8d434dbab420b003209ed9156c1a7e22a69ad9e78facc914bb5ff00891ffd8d16d37d4ed07f0ddc48a7a30fe5ac9fa822c6426e496338c1ee2aa69ba8898724a1cedc35391c717ffe95b924ad9e9336b2972a4a90ebdf150c77f087f9111fdcd65652480f14cc8ddb6f6a8e3ba69e66b7925dc71f17fbd4afeceb453d7bf87a1452a48a0ab061f6ab4842c049e01e9581d135c92c2fbf6f23ef5ce3f06b791cc18027953d856b71f2fdc546564c7d247150ee1c1eb53d717e4b91d05769b2a152a54a80152a55cee079a00ed70f4a5dc8f148f4a00af8a54e74319e715ca0054aba149e94a803ce986e04521c155ed5dcd3482c46d3823c530024259413de9292cec0f414954c7c13f8aee00c91c1a00ec436118a9e11b588edd6abc1f2e4f353838391c5004f4f58f72039a8622483939a90120601c0a00e0a6be08e4e3c53d40dc076cd3a48d0b28c0c66970054e58e777f6a137d18718271466f4945525018c8237fdf3d2845c8207cb8340196d4ceec2e060563b578382013d735b5be88383c73e6b29aac4509c9ebc505b0d0024b98ec0a90ad2315cfe2bd0b4a985a5d417182e8d1ae483f6af39bb9562c8ce588c6df228f7a635079adc2c84f0cabb7fa57cd677222d97e29252363a822eabea531a3346e46d50dc9144fd41abfeca1874fb5c2a2200d8e3381557462b6fad4f7120f7279e0795597a205acedddc4b77316de4e48cd63e48b8af4d8c7f97a32e6ee48a36504b5c310232a785fbfe68c6a093d9e9eb1b7fc40a1f07b9acddb5b993d43636ec3292b726b65afcd14b989465b1b55bc01544365e79eddc8d6e3f6f6d96b9907f15876fb7e6b49e8ef52c3a0de4160706d8b7f16663921bff8a0b7fa58d2606bd32120a98c7e6b0da26aad63ad00ff003859b0e0f50a4f51f8eb564a2dab22e547d23ea2d1adbd5da5b08084bc8c7b88be2bcef5ef4d1f5468cdb509d4ad14a3c2460cc9ff00cd1ad23589b4b9a0496546317cc480f0f19e868feaf27ba1352b3c1751bdc28ede2aa864507e9071bf4f8a3d57a29d2b547b76ca06dc559c632076fcd6c3f4dfd50ce86c2670648c6d527b8af53fd62fd34b5f57683ffa8f4b550c18fbe8adf437718af9d7481269facc52a8f6f2c4003b915b725f73053d997da58b376fd33e8184bacc093c7dab51a64ed241c1dfb4700d79efa7b5737f6fb4b1f77ab56b3d3da984b8119e9dc56234e2e99e961f141587556995adee86e5e8aa7a0a13aa687b65335a96dbd6b5179a5c3761668b00f7c77a31a668226855368e6a99ecb13945da301a7ebd3e98c0b44f9fef8a31ff00ad1258be71bef3df1c8af4487f4fa3b964f723c8c74040a3ba7fe906913231963c378eb8ae28d8cffcaaf0f1f8f5cb8bf458ade264278dc4735abd17d3ce5a39665323f521abd0e3fd3bb3b621a3872a3ab11d2a45d13f6ce3636474c50e3471f27b2a338cb8ca6020c630b554afb11b64e42f4268f5cdaa7bccc546070680eb97091a9541b573d0556dd1152b04b316941eaa3ad667d45a8ed578a36cb9e3144b51d596da36f6fe3c76a0569a7b6a9706563b89e99aa9bb247997aed1869aed2f040ff2735e68da749322155df81d0d7af7ea759016ad191d1b07ef58fd1a04915a2da0bf63e2b678995a85ff000c8cf053cc94c1fe99d32e6268ae52711c911055476fcd7b1e97abc1a9db9fdf2bdadd1600dc0198d8e382476af3b6f4ec9038bab7f8b7591074ad57a775336ea0dc2eec9ea696e54d4a568ba189c551ea1e9ad467d28b453c8af0b81b4a9cd6e46a82d1c7cc3478e48af37b3d46d2f6d808dc4ac38f6947c87dff0015a1d3a48eea1581e5070304375a4bba3b283a37f6eab7e85d09df8e39a37a43cf6e195c04638e73c11d2b0765a74d630a85b8dc3f9403f23f9ab71ebb790cc15dc903faaafc591276512836a8a7eafd2eeacb529ae8a19adc1c144fab07bd043080ead1a8241dd5b8b8f53c12055bab70e3ff00e22f63436e2cada76325b1e5b9ad1c79237d84678e55d4a9a64a1e3077e557b354d7f1c2aa92aa055660ae074c1ef5043698700714eba6df68d11e5891cd6bc638f2aa33bbce3248a3ea656b36b57807527667be2bd274462d69048dcb320241fc579f6a11b5ecd696e4ee311c8fb67ad7a2e98822b78d3fa540a8f1a35375a3b9e49c57f4bcbf152077aed2a55a2222ae1e95da6fd1f26e41ed400c5918b01c549dc1f15c08a30714ea00e7727cd46d2306238e0d4b4d31a939c50044ee643ce2b952488a1090306a3a00e8623a52a6ef51c100d2a00f3361918c6efb53d5a489a52bb82b7000eb487c483907152ac818e314c00d64cc6ac0b171d8f5a9012dc91827b52033dc0aeec24718a00936955c91803bd70302700d3487231c525521b2680278b9078e73d69e3201c9ce3a9a89182e72bba9c2501586dc67b50049906b8d8da69bee8f14bdc0d918a8744050b8e149ed432e549008048a2372bbb819dd9cfda86de172c7a0fc545c68005aa0ebc564b5218df907a56c7528d8124e2b29aaf56a81252a31376a1246254838fa8f8f14ed035116eec806c8c7c821fe634fd53a1acbc778d65a83303904f4a5b247b6cb60e9d9ee9a2dc9974cd575143964d3d9635f19eb59bf4eeaa9a85b471920caca3fbd58fd35d5a3d42d750b763f06b52983f7ac7299b43d5e5b488ed6560f083fcd8ea2b2b26353d9a78b2b4e8f4e1a77edfdaba51978c1207deaa5a4ff00bd9ca3f1313c7dab6de9cb05d6bd396f768bb8c89f31dd0fdeb09ea1d3eefd3fab9b964db6ce7e0e3a1fb567a552a1ceec2975a2a6ab6925a676a463e287ae6bc6f58d1ae74ed6ae126dcaf182464638afa3bd0ef69ea5b480b944f7380c4e307c1ace7eadfa47f7f014dc1355848f641c29910755cf9c73fdaacbf288b76637d3571fbff4fc336d2ed10da5fca1e315a9d03d491d98b68a691445bd9086e31d80ac47e9abb1b2bc8a5dff000665c30c0ebf1a83d6176969a14f2caa54091327a6d6ce334ab82ee97f4b63f06ff87a67a857ff004add8d4ed3e7a25eaedb88472a87c8af9c3f57bd231e87af41a9d8fcb4eb922442bc8427b7f9af53fd2ffd444d52d1fd31ac4def34a1bd8127473e33e6876b1a0c8a2fbd2f74cb244d992cd9fa81e33f635a9097db4233ff00b3f479b5a99ad95248dbdb901f956b347d784ec086093a8e87bd0c1a33dbc3ed30f9a7c5b3d72285de5abdbb8652508f1546471c9a35b1ca5d55a3dbfd39af874f6e460cc7bf8adfe877c0b0208c62be63d0fd5b71a7491a5e1de80ffc41d47e6bd4bd3beb28ae6247866debd383494e0efc198b8bf91f446997f134606ddcdfd43b5682d2ef000cd7937a7fd4b0cb18225c107907b1ad6da6b6a7044831f9a12a5e90945b76b46ba4bc0108ee7b508bfba21093c0a0b71ea4815b2d3800566358f59c51897f8d95c707355b9584612bf427ad6a42d2266660a7ee6bcdf5cf51159981619cf9a0fea2f5b9d42768ed9bde27824f4150fa77d3d75aadc8926398cf207354cf434a345cd22cae35dbb57395873f2fc56ece95158da03121dc060b517d1bd39069f095d815bb52d521315bb81d2aa24783fea35bb5ccd1c6a3272588fb579e3586a5a7dd34f690492a67f946715ea5ea9b77bcba9a58c6562183f7e4e6bcfb56b76be7307bef692e7e1b095cfe48ad2e34a2a2e3fd33795194da6bf46bbd35767523b2eed2582e17ea90a1c0ad4dd7a16ea4b4fde59a23a7f32a8f9e3cd7917a7e7d7f42bb9035f4ec91f3b77ee07ec6bd07d29fab9a9449224ca4b46321f14be5c5f978cee3cae4ad9a1d27d3a4ec7583f6d36787c6189fbd69e06f6ca4574a2daf80e254fa641e0d646cbf5b6d9ee3dd9628e5078963906038f3f9af45b6d4348f586929756720997f9a2380f10ffe2a9963943d9175a97889b4fbaf7d16391f0ebf4b0ae5edf5c5a12b36c9d4f46fe61f8a0502b69779fb77c90466327b9f157eeeee39237dca10a2e49a8a74424a8b7fbf8a7550ac3601f2ddf566a337063915ade4dc9d067ad62750d54da5d9c3ed6071d78228968f7ef785dc85215b3d7ad4bbb3aa29ab35d6e0ceeb2ab7b79ea0d5d8e4491b732e5fa66a968d20f60fb808346ada34b4525c025870be3ef5bfc6eef1a9330790e09f87746b711dcbdc3365f3b40fb569ed8ee39f3402d89ddce393c628f5a295e0f6adac315185233b24ad04d782b9e94e95d4edc1e734c1d2bab8dd923357141d652840618c8c8a6e29cee5d813d862b9400aa39412060669ecdb4134cf7478340090ec53bb8fcd744a846770a648fbd700546a08503bd004f27fc3351a9009cf8a7349b908c53002738a008c0fb52a76ea5401e64232cea2339e7bd5948f67520b781502c6f1720902a4880f733df1d69802464dc739229ca4a281d714c27f880678a79ef8a007fbaa7a0393e69d48b94daac7259296d2e700e280128cb63ed4f44dc8093cd47b4c6792727bd7431518048140085393a9fc53f62ede82a053f0639e738cd00579f824d0cba393934418ee27249aa9751ae071509e800b7e37a926b29a9c1b8b6335acbd195207159fbd84c6a58f24d54060f56836e41ac6eab08ce73822b7bad4464248f1591d4a04030cb93deb9499db65dfd37d69ac35868739f7536819eb5b7b2d2e1f5348b29c7ee2d27284776fcd790d9bada6ab0c8a426c60735eaba0eb4961a83cb1b462da61ee337fcd59d38a52a1dc126fd67a5e81eadb7f4a7a8e0d3e76f72daf1764857a23f6ad97acf41d3fd49a5b2ee50acb9551fcadf6af96bfd4eeaefd51a84170d89a560f1807e9c720d7b2fa4bd746f34d5479036d6f6fe5d770ef59b96294bc468c5d98cb0d427f4d6ab35bb175441b2719c64ff50ad0da7acdbd4c5b4ad4b13dec43304edd5d474e7c8e29febad1e1be825bb560249e131363b1f35e4da55f4965acd9104ee493607ef91c1a5a5e46d12ffd51e9ba468b1e997579b14fb72233b6e3fcf9ce4550d5e0d3eea316b7fb765d0c6d6ee7ed5a9b822188c98f86cc91e78e6bc0fd75eb61773cf6ea9940772b7f411e2a9c50966978fd43339c70c2de98bd63e8ebbf486a16b731b30532011c8bfca472bc8adfeadabbebbe9cb0d6a223f79032194f920f3fe683fa03d6161eb0d024d075a3f2440d1ccfcb16edcd11d074d9b4fd1b58b1b88c7b28ec13fe61838a7791f8a69146149fa437500b8be32019597e60fe79aa1ac6881c9280e49e94674e4334766bdfda033478e91bc7201359f06ecd94974478ceada5c96f9f8923f143acaea5d3a606da4785bb81d2bd6756f4e19091804d646f7d28dee13819a6a19125e944b1b6fc25d33f50afac8a2bc4651d4b2f535a6b5fd5975e3db9971db3d2b0bffa7260d90c4628b697e9a96503dc381fd5e68752f4ea94a2bad9a5b8fd47bbbd04409f13d4bb66a9b35feb2ebee3315ce768e957b49f463165dca08cd6eb43f4988d972831e2956950ed81bd2de8f324aacf1ee19e4e2bd7342d052da3455880c0c74a9b41d0160400281cd6a62b75b70001861c122aa6ac849d026e4476918470ccedc063dab33ea4998c2638cf2d5afd64a88989190066b1c223aa5c975e029e955495045d99b87d30af136f520483e5f9ac87a8bf4f44d33944039e463ad7b8dbe9a2488260673566dfd3dfb9b808ca1bc922a29b8e893946a9a3c3f41fd2c8f4ef4e5e5ddee619666c8dc73800718fcd79b6b5a7b691a7cd3fb527f1c94403b0f26be9cbe920f57faaec340b69248addc94ddb320edfbd73f507f4b2d747d1eeec50b4a1e3f763f7472187071fe6b471c6525f77f867755548f8cd2c2e3db6545c003049e7ef5a9f42ebd7da1dfa4913b2beddacb9f8915aa4f4795558979909f91f1f6ab72fa066d1d4dc49f0ca6500fe6a865cbf7151386370766cf46f52c1ea780fc48b846e093d1bedf6ad149a67bd006d849c60b1e86bc5f4986e743bf13959047d319e315ebfe91d696e5e2803178a41c03d9a9392a2ea4ccb5efa4ddae638d7e09938079c55fd2ed174e758918cb30e0a85e057a2d8e8897572269b2ca4e540ec28f268f6d0822281157fe9e6a20632d2570bfc4b6751570334cc0b138ed9eb5a99f4f19c0503355db470c79515a10e6e582514bc33e7c3c72d3f4ab611e5947279f35a0b7ddb8fc09fbe6850d214364b1561d314edb35a138958af6ad5c7f51a8aef1159f01d1a206964d03b7d7e684e6e225917b98e8b5a5fc17d0068986fcf2bdc0ad187331e56a31465cf8b3827264e0e691e95c148fd0e7b8e94e68493b22672c30715cae66bb41d152a54a801640233d3ed4e65280303c1e314d5386069aac59724e4e68016da55ddea3822950079a021864722bb4d8d4aa106ba4e3ed4c012c2b907033cd49d2ab472e73b7a54ab2e07239a009315381941819a82a68e600118e833401244b807231f9a63292471d5f3fda9fef0c0e0f34bdd1b94e3a50043c01934d620f4a730f89a8fa1ea0e68d00c2ebb48c8aa375c824741d6ad32956e7bf355a6cb2ba8eb55c9a6005bb53e0d06d4119d70a33cd1ebbc9e0fc4f8342675299cf39f1558192d4e0dca723040ac96a7679cf15bebbb73286c8acd6a96c17231d2803cdf508c4127b98ddb4e71e68936ad34696d2c67e08a329e4839c53f52b3018e464507793da84a39e49e0d2cf45e9a0c35cab7ac61bc520215f7245fe9c8a39e81d7a49757d46d0874886245c74eb5e7f7774c5666563b8a6015f1477f4cec6637d34cc582fd3b8ff37d852d38ba18c4ea5e9ef7ac5c09fd3333464334415973d09c560bd3f6963acdec574ebffb84399141e0b67ad6ab5abb5b3f445f4c64f6f01429c7535e73fa679bcd6d9e20e63cee641d0fdeb22709757e1ae9ab4cf53f56ea306956364d3395b676d9201e0d789fea2fa1ae6c35398c29eedbcc165867c707be2bdbef349ffd4b0dbc73ae6d6325cb8e9806adc3a6db7a82ce4b36c9853e31b30e40aa70e47c7fc913787fe449afd1f357a5b46b9b36663b6375e457b3699ee5c7a7647973ef489823ef44b54f445b5bca7db4014f8abb736b158d8c28e312b0c2c6bd6b99b37def597e1c3f67c46512cded6e23553b446140ff0019ad86944c8793b9b1cd521a5b4b6c8ccbb25efbaae6984db48430cfe2941b08cfa397058292078a0d37a6165959b0735bab180c83af1565b48e7764b03db15d49b03cc87a4c2c9ca9a39a67a5540191c56c5749467c95a2767a62eeda0631572d019cd3fd30b0e370c1cd69f4fd212329cfe68a258263763205118ad516352077aaa99c3ba7d908e2519e9d6acdd816f1ef1c8a9e18709f1a86ed4ac4c17963e7a544134ccdebf765e2c2fc8f8142b45b62ea4904367a62afea2092095241ec2865aebd269cedec58cb2483a6e395a0e9aeb6b758be4ec1542e49341b52d79afa4ff4cd2be7239f9cebd0501d46eb55d55e313830a4ad8f6a3ffcd6cfd2fe9b8f49b4f7026259064e7a8aed3396893d33a0db681ad692ea36cc670198f7a3dfaa86382fb479a74df15d48f6ce3feae9fef412ea474d6b481d3ff74bcd10ff00f1070337a62d278cb2c96f78ae8c3b715a98d5f1e4846524b2a4cf26b4f444be9fd7e58658ff00710fb85e307a75ad3ea9e9f5bc896e2f915157fe1c43b0ad25a2aeb5a55b5d28cb101b2dd73dff00deada68afa84cb2dc6303a28e959ab0a63ae496cf2cd63d0f0eaf2048a20883a102aae9dfa61a86872c7710ff12346dd835eef0e8691e3760afd854f258c51263682be28785239f7bae8c4e8d64c76caea15c8e40f3457f6fb89cf0ddc5136b78c16daa17c62ba2d7dc41bb007915ceb5e22b6fb3b2935a7c338349e208c08e4118abacacd185dc4e3b1a82589b03a75a3ab2168a72421db3b54fe6a068f0480a3af6a22b6eeddc0a77ed38e719a3ab2d8bfe81ae2d9444c0e01a0775149138785ca383d56b4f7311dc33d2874b6e19b18c66a5193c72ec766a338f567348d65ef24f6270a8ea3a8fe6fbd150e3032704d652f6078df319dac8739146341d49750824dfccca7a57a4e272bef542479ce5f13ed2738e8292e15083c1a8e9f2c9ee6303151f703cd69996769573b91e2ba1772e722801bbd7cd2f7761caf34c2a40cd72803aefbce48a55ca5401e6ab2316038a97255860e33c556638191c1aeb39debf23d29802650416c9cf34e3d29911241c9cf34fa007432b3f5c54c0e33f7aaf180ac31c735633400f4248fc714ea6467ad70b1dc79a007baee523a66aa1ca3f073f9ab4c7e079a88a293922a32d011331639355dfea6fcd5994056e38e2a195005071c9ea6a9f7f48e3696c15771e0139dcc3a66a8b404925a8c5c2283d2a8b80ccc09c0ec2b9696dd1d8273751401bc8ca9f88cd67b53b5de0923ad6bee206707e3b47dbbd0fb8d0ee2e1032a3b21e98a5e5c9c5174e435ff00172bd23cdb53d341518ce4d65754b02bc15e01af6c7f424b738249007daa2fff0064c974fba72ee9e17cd2af95892bb2e8f0b2dfa8f9fda0218e232723185ad97a05cc77599f31c5d5571d0f9af526fd2dd36c4074b76cf726aacfe9d86de5511c040f2075a4f2f323255143d8f89283b932a7ab7dcd7b4116582b1cc46e55e318aefa5bd18be96d3ede1811a4bfbd758e20092403dcfdab75e96f4e36b216468c2dba725b1dbbd6f7d0de951737371ea2b9502de0568add08e1621c171f91cd53894a56dbf0be4d6900aeb42ff47f4c43a6c2a05e4bf16f9741dffde814367368e583c584ff00939ad8c57a755d525bdc0f649c4591fc83807fbd4b7f0c12dbb31c0fb78a4734e33f228d1e3fe29366464d46d5a42b3018142df489350be7bc720c44ff00080ec289df7a623b89c156c03d6bb6f6777691a47165910e3fb52aa565ee34ac6cf60fb17e3507fa67b4edd735a383f88007e4f7069f269dee4c180e1b9a9112be8fbc101c01cd6b60b52500450c48e73da82d9da056048e86b5ba4c7b8fc7838ab61a22e540d9348f61779c824f4ab31d9fc01e8715a09acfddda1fe431de9bfb200600e2a656f225e022de16c74e2ac244430c9e2ac8b7318c8e829c006619e7f35c6ad1d724d12aa148f2bcfe6aa5c92464f5a2064114780284de5c8c9aa64bafacee356c0fa926ec0e9f7152e8f6b1accb950df91556f2e54f6c9a92c2ed52453bc263b9a8a765ad51a91a5dbcd2accc837c7c8c54c97a918daf8005039bd4623052226463fd150dac37baa4ca5818d1b902ae4fcd1538fb764dabcc25d56c3d9c3fb732b123f35e8feb2d1d758d144580e9bd5886fc5656d3d3c9671348c80b70727f35b8bc76ff004753bbb026b63063ac6e2ccaccef229231ba6e9034bcdb9fa7ea51e28cdba46103639342354d5d62d52d23e8653b2a79aebf6e324f1e293b8bd1736e2ea4119a75fa001cd51b9b95da173ce6a192ec01b87d43a1a1b2dde6424f26aa9ecbba32e6e427ad74ca42809cfe686fee86fc0e95620b80379c743c55658bc45d8a212672715c0bb4b77c0a64774aa400319a97dd8f3f4f5a0afad7a73db0d83d323b52310c75353c45241c0c638ae9b72dc8e86ba959dee81335b1122f7aa7716e4b671d28f5d42506ecf4aa170176f271ff009a8ce2ec927666ae2dc01216ea466b3d6b7aba6eae8f92aaff0007c74c79fcd6b6f46518b2e0d6375c8480594e0576391e39a71fd16b829e37197ecdca95684303c9a5dc1f143f43bd5d474b8661dbe0df735758f7cd7b08cbb454bfa78c947ac9c7f83f0796c8c7715113b8920902bb939ce79a44e4e4f5a9901162462b94bb8a6827dc233c62801db80eb4a98ec81be4a09fbb62950079a1201c1e09ed5da64b9dc1bb0a783919ff006a60074722ae41383521914679e6ab9525c1ed526c2ff218c1a0073032292461874153427039e314d1d2baa719fb8c5004c083d2bb51ac800031d29c1f38e3ad003ab84e0d2cfc41c75a63be13791c633d6aa73fee83d7a3ad228ebe33432fb56893e310f71878a1da96b0f7d27b368c045d0bf93f6ab9a3e98a301fe43efd6b2b93cc5857e0cd8e2f05645db20e4b792f31ba4c66885be8a800daa19fb93442decd02f0bcd1382c9b031807ef5e7a79e7377d8de862c70aeb107c3a347c7b8833f6ab89a521188c7c7b51148303e5c9a7c2a15c80462a35dbd65afd29c7a5a0420f06a58b495dd92a585144855949f071572185428ab156a859b7fd02ff00a1c3370d1902aa5efa5eda05322c791e6b5b144bd3151ea712ad9a83d59b60153fb6995f6608d33474b4d3e2b758955a7214e7fe6ebfed5a3f5a58436be9c4d3e24f6ada5511e13aed155eca533ebfa7da1030b13484fe3a577d757fb2e23898e5563c63c1a7d2e91f057a2fb899e64ba33dbe44329541c2ab53bd9be031ee6451b87db9072c335721b64785484273e2b25c159a5da8cc18eec0c94523bd4bfc42803205fc56a934b0cc014201f352b689190781552c4d3b2dfbb17e1908990372b9fbd5c8644dc4f41da8ac9a2857f8818a7a690020e054dc3f875f5fd156c61329002e479ad469f07b4a33d71432d2d76302a381d451bb70481c62a514d2f4a66128a21201f6357a781360e686a4a508c74ab0fa8b140a00e3cd4859ecaf730267ea18a1b33ed7dbfcbe6a6bb998735477334993cd05a3e54723e271f6a13a858cce99ddc9ad1449bc72bcd4eb6487eb5c8fb54271725489c65d5d9e7917a7aee594e25e0f7a2f67e9092e080d9c8e49f35b3b6d3223d1707cd1182d92dc8e3af15d862f3d393caeccfe9de998edd955548f35a4834d8ecd15890294924680e3ea143afefd8460024fe29b8a8254c564e6dd8ed7f564d3f4fb8748b79542703bd1896e8df7a322ba0a55dadd58a7835e7badbbcb6f28cb60ae306b77a437ee7d076db47125b023edd47fe29ac191c9ca3fc2bcd1a5191e55afde333c1739e237071f7ad9effded9dbcf10c80a071436ff44593499a3650491907c1ab3e8e27fd19227cb18db69a463fb2d92ee9499dbeceddb8e4f6aa33380dfda8e6a16b9cb0c7140ef21688f66fc5579254c660bb2f4aab7213201ef5623ba26138ef431df6310413f8a72c8760c74a59e569967441c5ba20a9ab293191864605018ae0c9d38fcd5f85d801c835c5959194151a1b75271815787028459cac0513597e3c8e69e82f2c5dc6882e17dc381c83de865c5ba8279a2c7a50f9d0bb71db9ae4f6761a02dcc5ed039e9d73598d6e3478df0c324f4ad7dfa1319ac86ac0ae477a55ec69688bd1d705a3bd84ff0024bbbfb56a0ffc41f8ac37a4ae0a6b9320fa5e204fe6b75f51dddb18af5fc6939618d9e53938d432ca854a952a684454ab8cdb4135c59033018eb401c794a363ff00f1cd2ae966048001fcd2a00f2f5918b0e075aebfc0ee1fe2a3cff9ae924f539a60091642ca7fabb53e3918200719155c7072383532365412724d0058624213de9cbca8350162463248a41d8606e38a009eba188c7dba570e063f14dce55fc83c5003b7191421191f6acafa8b5830cbfb2b5c838c33e7b78a2fae6b0348b09650b9933b17f358bd2236b9c4ce30f212c73593cfcbd71a51f2cd5e0e0fbad4de9077d3f64c14ee5da33c015b5d3ecdd5415c63ef41b468b6801b9e6b59651218b2579dd8af2f93f2d9e952a548b3696e4e062882438e3181e69b18c150bc1353ed70c37364552925a03896fbd88078c558b4b64c7c941352c71774e3ce2a68e3542831c9eb4c47456dbb234b52808e704e4d588a319c678aeee27824e2ac2c6825e83a54e3b156d9d8a11d726866b2aed24037018932a3cd19002f418acfeb85c6a56602646fabd6c8bd17fd3b1349eae9e4032218123a0feba76bad6ef307001038edc568bd207ffa86ad21fabdec6efb0142b5bd3ccf2dc4bd599b24f9a6b236a25581b9647679fc4d25bce7e44fd8d1ab0bc64c1dc7f1d853a7d291402ca0b79aaeb6857a7159a3ab46b6d6f96e1396e7c0ab9bc2282bc93c73598b46f6864718a2f6d741b83cfe6afd907149781120291c03919e6985412781511ba04f3cd48afb901f34255a083765886d8060077aba9095e08c0f355adcf20e791d0d1053b93939a1abd84a4ecaeebb5b19a69e95d6396e4d40ce771e4f5aa5ecea49ab2b48e66e0f1f8a78b7114836f391de9dedaff4d5c851480c473e6b8b675f889ada3cae48e6ace703a0a8e23f13cd5844528320669a8256556cb36f1ee5c0eb51ceac48048c03dabb1b6d619fa7b8a6492c7bf85e6aeea8e376569e36009049cd5230b739e7f3454307fb0f15c2898e8297925676d99bbeb6f72de5dc300293c56bfd1916ff00435a47d4088ae7ec09ff00e6b3ba8c89ec48a171918ad1fe9eb96f490049214ba81e066a7c7f9c8ab91f088367502c594a8dc41a01e9895a0babf8001f021d41fbd68256c26e7f90e5467f359cb02f6beac9576831b460e3cd54bcc94762dfdb61e9c6e8c31ef42a4882ef1d73e68d5f2aa10aa303c506ba386eb49f21b53a43987e098166b50b21c720f3cd42620334426916363c76cd50dfbc6eee6942f23488a71d8d5fb64da4739a8c7c3e2dc9356e044e381528ec8cb410b76208028a212501a1f022e47028aa46bed8e3b53d89b7e0acf42310c75aa52a0524d5991d821f91aad21ca9cd593d843409bdced3fd358ed73824af426b5da8b911b00d81e2b27a9a029c0de7c1ed4acb634b467bd384c5ea0e39ca15e7ed5be85cba8ce2bceb4b90c5ea38b07030722bd02ce50e31f6af4df4f6e58a99e6b9df3b2cd2a59a55a6659c65dc08ae2c61581cf4a752cd0034c618927934a9d9a5401e4f8327c9b823a0a7d2a54c00aba012320715ca665813ced5ec4d0059122e3ad20e18e01c9a8074a4739045005831b7b83e27a53cdc88f82401db9a8448c7e59e83154aeef5e243ca6d519c95cd45b5156c924e5a32deacbe3a96aa96c3958060fddbcd5ed0ecf746081902b3f63bef2ee699ce599b35b7d2e20912ed5c0ee2bc9733239ca91eb3889c61e8774b80a63032335a3b352cd803341b4c46653db9ef5a1d3e228727159b4c6a4ac269197238e3b9a9bf6ebe4572dfe9a98b62b8d515d3391a08c103bd22ea24404e0d2df51be5a40dd85589a483ab2e7ee33c1e055a49918001813435a40ac403bc0eac3a576098484ed38c79a95a20f41769a3047c874a0d78c2e75db540721466ad292724b038aa368c26d5a5947ff96b8cd5d8d5c8a5a691a3f4c662d32e25c72f239fede6874e9840cdf51cf144f45630e81b987d4b9aa5261c0c8e00c5379534d59462fd8167844809a1770983b40ce28ddc003381540c4092714b8ead159217047c0d588d087076f03ad48a772e476a7c632f9cf20645048518f9938e0f4ab62ab282ce5b18f35641c8cd0424bf810824110c9e08152dbde6320914363919d9893807b1a991f680f8e0f1415d309fbdee725863c54648766da3fb5321395269c994624f4a0b568e6f4f22b81d76c7cf41cd4429552b648216b2a6d2370ce6a7c8c50a457dd90462ac7bad81cf538ab7b2212561237081721b2476aae0afb85f23269846d5c961c570302700d1d915d3266913691919a8720e40e4d359c2b629467077763553f596ad0c986f8d99f8228dfe9b5c13a35e46dc0599ff00de83b8dc841e98abbfa6d2e62d4e1c1044a1b9fb8a778cfabf45b227d58eba182c08c104e4564b503fb6f54d84c780ff00c326b6d3c61e69811c86acafaae0585ad660398e5524d29c84fbda258be341dd487bf1abe39159f9d87b8077ad1b299605038dcb9e6b337a4c5292dc738aa3929a8a6cb78ff3681b72eab23293827b53154ac6b95c50fb6bc17b3cad9c6d62bcfdaaccf718403762b253b46ab54cb8f3c6060b0c9a9ed887236f3f8a110b89064f5a2da7101f92071de9c87c90a4b41ab7076818e734654fc07e283c3200c0039fb8a2d037b91e4718ad086c567a2365238239a8677558dc120123156dd4bb291546f233c0fbd13d9c8b4801a88ca79c75acd6b6e9b3835a7d4418d1b3f8acaeb71911020873e075155da2d4ccb4181ea180ff00cdff00835b7b428ebcb741c56151b1aec0dd8b7fe2b696876aafdf8af41c1f6368c0fa8ffa208a924f231e2a78fe81512032938ec29cb2008062b50cb1e64523ad46c55b0150861d5bcd369ca763649ce7c50031a3c9e7834a9eedb8e738a5401e5db8ba929fe0d75581183f557339546fe6cf5aeed1bb38e7cd30076b9b7cf23c1aed23d28010e29546a731b1cf22a3333273f50fbf6a0075cc9b07e6b35ea2d4cc1a7ccab8cbfc01fbd16d42e576647231cb78ac6fa82e5679ade107214fb87ef4b7225d71b93fd0d71e3da6a2bf65ff004dda6f652d91b9726b7ba6420c230338358fd063648e339fb7f6adde9bb6285703a9c5792c9353768f598e2e0a985f4f879c1e28cdaf18aa36b16dc13c934451420e062aa2d2ec6e5480318a98b13d6aba1f92d4f554f607086218a91c0cf351bbb2923834e9942c4646e573b71552473b9b048150012ca537760dd6bb14ab09243139f3434dd961b72466907391f23528eca5c6bd0cc775bb3cf5a8f4291dd6e9c00779233e2a948765bb329c103ad19f46db7bb660919079ff007a770fcd228c8ea366a6451068b12631c6da1572bed818efe68f6b11a88e24006d1da814ff0027c1e4537c8f950b625f8dff0041b3c64b6074aa8d1302451590056e38aacf1b333107834a8e2d142350bc1e87ad48eaa30549cd38c418600c134c6da005c7cbcd43ba2439642cc0600fc54a18af03b555dac5b2ac454f183b06e393dcd1dd01600dcea7a7e2a6da76851d339a801c6315760c2e188c81d6a49d916e8b1082ab834f3d2a5440000dc91d4d2fdb96191d2ba73b2291385350a4ccca4f1d6ad4f1e0ed45e4f6a845ab8e0a6d15538b44c7452b60f4a9d72c8bf9cd5709ed9c1ae86211b04f1d2a005861b811934907b6720e7f350076c7d46bbb9bfa8d004e4963935229d88a4f20f8a823390727353c780d1e38c8e6ba039977aedfeac0ab3fa78db756d5213c7c51c7e391ff008ae2aa820e3a734cf4930b6f55dc01c0960240fb03c0a7317b342f96570618b840975360f56cd66fd5902cba64e413b9487fee2b53a9c7eddec9d8100ffb567f5c80b5b5c7f495ce2a39e34991c4ea89ec6e44f6b0b8c7d0bfef41bd5d06222f1e769c73577d3522dc691030183b79a935ab6fdc69f220fc8a8cd472e14463da399b479369772238dc83cef6ebf9a4f7c67ba3183d281dc5ff00ec6eaee1071edb1343342d69af350925de76b1e0579e97e12eb46ea4e4acf47d3dcbae4e3fb51bb1386e80fe6b37a6c855339268ed8cdbd8014d45d34c5e516933456ea1c838dbf6145e01edc0d8a0d01c15c1c71462d8ee4c1391e2b471bbf44a7a25ce00c5529c97273db9ab8dc0aa339c679c5767b2b00ea24b9653d3ad66b54184761c106b4ba9000127e231f50f3599d5c9f69b3c1d9923ef4bb8b6c663174998ecedd62dc9feaffc56d2cd84b160560d989d66104923774fed5afb398c51020e33c57a3fa6ff009b3cff00d4bfd107a0728bc63818a75456ce242bd815e47dea4ed5a8659ddbbcedce3351c63e479a702a391212de29b26140dbc127b500399371ce695314b11f52ff007a5401e6f5c2c17a9c5769aea5b18a600e90d9e1b6d219c72727cd74f38a54010aa90c320e33515e4c0200bcb67a0ab44e01a1d72ea1b2580a0009a95c9d8df6eb59157fddeb0ec7f917028eeb973ed07e0e0f228368205c5e3b1e093d4d65737238c1c4d2e1453c8a5fc379a1401115bfc56d2c07c178cd64f4442f12af420f7ad7e9c85405e335e64f4edd2b3476c36c5f218c55b8d818811c8f350431b49f2046df15692122220118341c8bb2c5a067909230e7e91e6a147769483f0da72734ede5b006e53fd43b547732c9180cedbfb7155cf64ce4b72b87d838cf3f9a1d737242fc86e5f02bb7330da59781dc1a0d757c3206793543953a26a29a1935e0120e454f04ad2b641c2f9f359dbcbaf6a5552d92c33c517d2a7dc307c54d3af41c1506676db6cc5570cdf1c79ad8fa46160d0201920722b1809b89e0897b9c9cf6af48f4844a2e95f1c0ed5a3857aa466667ff0092f6b2e23bbf6c1ce1769fb1a1d210179ab57ce26b999c8e77f1555d4b018abb34bb4ad95c3c8d03a6837b648c71516028c0e957e54ec5803551e2298e41cf8a51c9a65ea54539fea151118ea3156258c93bb230299ed095803db9aacb08b2319ede6b8ac1fa73525c86332285f863934f811031c02479141d1d6ea76e4838a236ecac7008cd578a3f6d7e5c8fb55bb68b7b6546de3bd5b0d154f65e442c410b9152b29049c714eb70553069ee0b2803b530a09a2041b43f1e69b2da8c0ab1ba3c71d69b2306031553564fb32a080a9381915032925885c8abe0e01fbd557062183cfe2a1d1128bb29046271b4d3e3b7666f902055b60a0e00e7cd256dc335092a26451dbaab75a98a75da323b1a54f8df236ed3915c2b72a6485772138f88ea6a7f4d697b75f7b95190b19c9fcd76485829d84018e8688fa3d667176efb5b903e3f6a7b02bc890ae67506cb9ae42bfb9f749f8b28c9fbd01d4769b67c72319fed5a9d4a31716ec0724565afbffb77c0c65718352e5c6a2caf04dc9c6c0de95f8d8ec3c6c671fdf3d289dd29318e3201c91e681fa74bc33de46c770599b18fbd6825e501ede2a9c4bb6348b64ea6d9f34feb2b1f4deb2f779db6f386c67a671d2b15e81d7535094ec60557afdabd9ff5fbd376fae7a4e62e85941208ee3ee2be5ffd1d5363ea7bfd36591e4119043f620f4a565c78b5297f0d286792eb1ad9f5269722e01cf06b4da6baefea3a564f4a3ba28ce7033deb49a7aef6f8bae4567a56332568d342c1586689da9c9cd0683391920fe28b5ac8060629fc4ff4664dfb45e719523bd50bc20bb63c55c670e30738354269b20803e20ff7ab27b2003bc8888d9b1ce78159ad6093136460ece95abbe947b678ac76b659f7e0e0118e69772698ec3e28c59907facdb6d3920631f7ad8d9c84aaab0c1f1588209d6a20bd777fe2b5b66e56456639c0c63bd7a3fa6ff9b3cdfd4bfd107a2752a306ad270833542d5b2a078a23dab50cb229887918af39e94ddadfd269d1a127771814f791630371c66802064933c1da3c52aec82295b71931da950079cb305524f414d59439c0a899e461865f89eb5d85555f818e298027a55148c430c1c714e4994200c327b9a008a690fd27a1ea6826a57022ce39e71cd14be7d90865f90ee6b39a848b2a9e39eb9a0001ae5c930b9ce580e01a6fa762dc46783df154759621783d4e28e7a5e347da586491d4d607d45b36b80959e81a1202b5aad3a10d20193595d27e2060e2b61a4a82413c9c75ac337e5a0cc05d7e2a0102afc630801aad100a32383566339404f268210d9d76c21e05579a4050efe0638c5497276a9c1c71432f9c9887c8f5aaa7b2d05de48ca5d41c83594d52ecc77eb1e782b9ad15ecfb54e793d8d79eeb5aa01aeed3c80b4b3d974745892e1e7d555739545cd6bf492046189c560f43b9fdddd4d29e416da3ec2bd074ab637091c68bc31c31f02af8fa513935166a742b232ccf311f1d9815e83e99884733649da1722b3da55a2da40910e46319f35abd1d162826723a271f6ad7c315d4c49ce4e7b064ce4ca7a7c9b26a395d900db8fbe69e406393c9a64a71b707a9e6a96ed8da5488d88720e0138ef51491870bb7823b53d400cd8f35dc05248e0f9a8523a0e237020d7163da720d58f6d7c0a5edaf8a3aa2e6fc2070cdc0008a9edadcac6a42d3e3877371c0ab90c2c095cf03a0a3aa2aecc896d48209e9442de05029b1c4c50963903b1ab50a2fc78aba115472ec66190e17a546d73b4952a7238abaa002c00ef51381b9b8ab52a385311f1d4d2e22393935d738438e29c0e1010403e5a953a304bb9f00607de993aee723b0a97ea6c9209f229322b6491927bd009d15df24e475a4980b8ef5d31b2cc9f238cf4a7cb10382bc1f355cf677b31f032aa9ddd7353c6aa3e43bd538d086c31dd57940540074aec5268e0a69d9463031457d1a243672b9e03bb038fb505bc3f138eb8ad27a46268b458c39c924b56871926d328e4f916822ea158803a8e6b31ac40564901e109e0d6ac28681588cb79a11aa5afee617c0e4533c9c4a71f04f036a5e181d1c98757bd8cf52fbc67c51db9053a77140ad87b7ea8995b925319a3f280cbcf359b8a2e29a63999d49518ef58580d4f45bcb5eaef192bf9ed5f16fa155ad7f52f53b76187071f8c1afb93554504363852a7fdcd7c8d71e9d3a27eb66b28400b3289801ff0031ae65f31ca8b30c9bc914cf6ed11cb46a08040ad4e9ca19c0c05fc564b4c3edc49b4e0fdab53a6b1c03939f358cb66ccb4686d976b11d4514b7eb422cd8b483249cd188400f814d41d311ca96cb2c768cf8aa738509f124e4d5b9706320d0c998824038ab5bb2b8a4d03afbe903c9c564f58c84c8ad25e4fb4e09cf71596d5df76ee78f1544b6351d1851337faec18c0ce4e6b5f6ad960303a673deb251a29d6d381c2f1f6ad45b93c106bd2fd37fcd9e6bea5fe88396ee57a510f75b1da86da60c793c9cd5e8ce5064d6a19648ae541031835c762f80537d729afd0fd850070c5b8e4285fb1a55c2a8402cc41c52a00f34f717c8a41d58e01c9a818ecdb9e7753e2faffb53004d48f4a55c2c39e68006dea9dad952463a5673559b642bf2dec53191db9e946f509ca8619c922b257f31070dd81143f3d001de319a62719f90ad6680870bf13d2b16e44da8463271f6ade682bb76850718ef5e5f9aee6da3d1fd3d3493375a5db064c83c56c74b83645191cf3595d20111edee6b65a582d101c0c0cd669a05e0a4499c1c559122edea2a156f70e00c6077a4a72335c7e6c9c3632e481c9e942ee412ac71c513b865df82781d6845ccfb59c60edc714ae576c660663569fdb0d8f1cd796fab755f635289c1e19700f935e8bea5b8f6e0908072457867aa2f649359b5809c956cd4b0a6d93c924a28f49f482ff0fe4b915edbe86d0d96c45d4c30f20c21f22bc9ff004eb4b9351994281b1082c4f8afa02c625b789228c611000056861c3d3d66472737bd593a2fcd405e4719f146a09d9348b9527248da0f9342e35258b76abb2ca1b4bd8a086693193d29d4e8cf4ad951ce2239f15103b8e0726a6393b947d43cf4a6e5e3397000fb52576c7d686ed6fe935c3dc54c8fbc74c531a22589c8e683a33f6c1464727c53590b0185cf356376d278ceda6c44f2bb4f9aeec07229dbd2a68e252a093834a0899db764051d8d5d8e257e00c7e6ad8269fa5731bb5993804d5c50405e38c53e05528460d4b205f6c003047735695955c12dc0aad27d4df9ab464c02706aabb6e2c7a668028dc5c9cf4a6433fb8eb9fa7ae6a2b8946fc63ad45bf6aa804640c527d917966421e6caf23c8a9c48b8eb542d25c8607839ab0ce06467fda8b4ce89bf88e0afc87da9fb5bfa4d2b742a9b891cf6a989c027c57406c4a7078e6ad223041f1350c472c0f9ab8877657b8a00a57b808db8e06319ad5e830fb5a3c0bfcc1391fdeb2b7a864503fa881fef5b4b2c416a8b839000ad0e3268473b44cac1a3da3923b55274259be26ad4726c24919cd344658672306b4de84d6cc56b1a70b6d756e63e2074d98f07c54ce3e63f144bd491aa24471fcfba87ec2ee08c74ef5953d8db69e811adc41e3e4e0e2be7af5e699127afa1bf4d8cd241ed9fc8e95f48ea16ed22636eec67915f3cfea346d6deb4b5465213da27fb8acfce98df0fe6c3da23a9850679ad65a0dcc08191b7b565346dbec8201e6b5fa68254565537e236722f28336631d4628dc2ca225e684c1110ca32324668cc48ab1a8232477ad1c5e2a33a4ff4477328539072476a157655be40fc8f51442e3ad0bba7d9db3529ec21a03ddbaabf27191c565754398a5fcd696fcee2ae3a2f6acb6a92fc1c60f269596c6a3a31f6d81abe4ff4d6a6cbcf6acb5b82756c7fcb5aab23f102bd2fd3bcc6d33cf7d4da7341883a83daae839504735520fa2ad47f40ad431cb0245c75a5ee2f9150d2a007b8de720647d852a6870bc1ff00fbb14a803cc186edb9ed4e04a9c8a6921793d052f793fa4530049ee36d278aab33b6376793daa73327b67e23ad51b87caf0703c5000bd41887049acb6b1286572a7915a1d49896c6eacaea9208c3679078a8cfe2009b5246a817b57a568076ed181d2bce748093ddbb919615e99a146a0af1e2bc9f2e55267ace1636a091b9d2e31c735adb08f083079ac9e99bb032800f35b1d3fe2060ff002d291d8cb8d16433070480063069c31838e9daa58c0753bb9e7bd77db403000a32e91d86c193c45959813b8d0cbb9024583f5515b83b5b00e0504d5002a4f7cd233d8d43464bd4204d1119fb5786dedb36a1ebeb6823f9b8190a057b5eb6f888a8e09279aa7fa53fa7e4eb175ea7be8cec5063b7c8ea47534d71ae4e9147264a31f4f43f43e8b1e8fa6db5ba82262b9949eb9f15e856ccac383f23d4561a0d480bb257e2c4f5ad668d769752485401b462b61c68c69fe5ec82a6431af18ebdead139b3842f24bb31fc815500f75b6781baacc48cf651ba9c12cfff006a81186c639c02dd73d4544504cc0636e39e2a53130192d91dc52f6f270bf13e69758da198687018c576b801438639a914031b13d6a5d19611818627cd5840300e0669a235f02a48c02d8ede2baa0d3b026da1718ef52dbfd46a3a7c6008d88ebe6ad232565a4253a572572c066b9c62b8fd05054d50d918b27200fc5516918161c55d60361a1376c518e0e2ab734bc3aa2d82ae6e19d80c019a6c7867c331c5569a42b2024e40a724a246c74a476c63ad22e120b02a7a55d8998c2a77552b4019c83c8fbd5d82263d09dbd855d083b22597f93295fa45388c823cd72dc85439e478a9960f70e4703c55dd19172a235f8edff15762ff0088d4c6b421d40f19abb6f684b648c9a3edb23dd15920f72e6dd17960dc835a69a40aaa3187efe28758d92fef5dd941c77abf8dce41e401c569e28b8ec432fe5e9d8d8b039a789182e38e29a005e9c52f34d3d0b81fd4ff00f0a1fcd0d0c55931dc62886ba77cd12b1cae7a1aa262df8da4291dcd66b8db2e868e5d0658db6f4af0dfd62d3d86aba55d15c2ab32b37e7a57ba1dd8f6d98316e722b01faafa11bcf4fc9281f2818499fc74a57345d0ff00164a327661f4325adbf1d2b69631fb71a90739ac6fa74030e08ad9599ca2f358b0f923767f93b0d41231653c640a2f0b92a0bf00f8a1368a091919a2e8018941190074ad086cca9fc8af71d684ded15bb38527a506b86c93939fcd4324a99386809a8395438acb6a472b935a7d4802a6b21ac2b84cab114ab9ab1c8c5b465eda56ff00575e9ca9ff006ad7590f8a9f358fb400eaabe72456b2dc9000cd7a8e07e50b3cd7d460fee20cc72329da318abf1fd0285c1f2239cd5e048039ad432fa32c5719c2b2839e7c544ac4b0c934e90edc60e0d01d18a4664623e27fb52a8581dc70b9fbd2a03a33cf2b858a1ca8cd31660ca4e0f14bde1e0d304078941ceff89c7142ee94f3c77abb2c9fcd8343aee5ce4ef0b9ec680026a32296c839c5653577527af7ad15e48082318acbea8db8123bf3509fc585fa912fa710fbe4ede0b75af4fd1b632a858fe7ddabcefd37030da723939af48d0e2640a4915e33349e493b3db7155248d7e9601001e056c34a8d54ae0e6b25a5c4dc722b5fa5a15db96033508ec9cb41100ee6c0ef55aeb8c83d47357550a3303df9154ef0fc98f918a96456884360abb3f13416e64550db8e323028bde4a029e0d01d4ae0244e71c9e06692947f248bd4a81769a4ff00abea49096da85be47ed5e996ba7c705ba4510db127c7679aca7a3acb396233b8e49adbc1098a2c673f2dd5b5c6c6b1a5246372a6e72716666f34c22577fa1ff96aefa758c3752823e67bf9a2ef6665467206450eb7d3ff006f7beea939c720d32d594395aa34167219256f20f4a38912be9eb267947618fc8acbe892992fa4cf033d0d6cf498d2e12e61c718dc3ec6a0e1fc3b0d828a90b920e29aff002200e4e6ae3c4d1b156ed4d316f65da31839e6a0d35b2f4e8e229dbd2b86252af93827b53a50e24c0ef4f585f1ce335c3bdd8c07381deac27d2001cd48f6db10b0ea2942a4b1ed81de80eec66d3e0d4d18f80ae23efcf0460e39a70e94128cace3f2a6b8ec03827a6314e2702abcb700f1b4d572951d71b3b3c8bb7ad07d4a45d9d455f9a6078c1a19a8c65a12c08c0aa5bbf4ea55e19f7bbcdc1152c3700c98638acf5c5d325cb0efe68959cb9552793f6a5232b950d4a35134f6e412b8a296ea4738e28459b6e0bc628e5b1dd181d314fc36292744b05a8039e09ab90db18df76320f14c8be722a8ff003449222703238e6998ab179cdd8e54381f1ae4b23c4aa1172c7b55a48cec27238ed4c86dd9e732310101e869a8a5443bb2d410882dc06f8bf835c8be8271de9f349bc6714c56d910e3393daac5b15736d51c20fb99c714f62327c52ff7a6170031cf4ab9e8e4558175901f500a7e945eb55a08d47c94823a536e25692e267fad738dc2a4b70563c1f3487ed9725438b053cd0dd5ed23beb49e29182acabb79f1441feaaa97f91013e2a8c9f978cb212eaed1e2ba4db8b2bf9e06e3db91ab5b65e7b563ede6f775dbf7560ca26ed5aeb2972abc1ac14babb3d0766c3b667961dc818ad0a6360fc567ecd08604e31475261ed8e0d3f05e599f3f903af86636a0d76eab1f27146af7e1c1e7340ef54b2902a8cbb2dc71b401bd6088e1b839acaea6720d6a7501ee97238fcd65f5452a083da9771b1f8aa48ca44c1357427819ff00c56b6d5863f22b1cb20ff5788104866ad659e4b939c2e3a1af53f4dff36799fa9bac882d6a706afeee050f8261bb001357e36f73a0c7e6b50c7eecb1229f6cf1509f88c918a7aedc8c6ecfdebb3f2b8f34077645b852a9a2dbb3e47914a80eecf2d51b46dec6946378627b52aec63692071c5304085c92a73422f7ea3c0a253b000fccafda835e39ddc3923cd0003d42565dc0631599bc6dae549e31815a1d58e15c83ce2b353e1e55ddcf3de96ceda83a2cc494b224cd17a7410101f3c57a368ff427e2b05a1c3bca6de00af43d0ad8b21c9ce3a57909fc99ecb17914d1add2fa0ad659388e30c4671d2b2f628a846062b55a772a076c5723b272d17cceac81c9209ec6aa5c36e5cf9ab9728a5578e82865cb6d5001c0f1539e884360cbd2a54f3cd66f5852ceb18e99c9346af9fdb42de283ac135f4e4a9dd819aa3edb94d344a4ea26bbd2cb1416c883b8ce4d68d395e3a563f468ee2d2454619cd6b6da55002b28c8ada82eb14998b37726d93fb2b1212a327ef5088db76768ab63a53240c54ed3822a6401d60425f36ee0e6b67a1dc086e083c2b0c6e6ac4aff000a4323f2777535a2b4bb5bb83007d3d3ed516daaa0ba3517b66b3912a6771eddaa934586008c1a92daf5ed5033b99603f4b0fe5ffaa8998adeed03c7b19ba9db57bc7dfd3bf73aec166d91181c93914fc2d5836a49ae7b40704648aa9c127473ef21ad10086a35883b63a7e2af7b68460ad210a0390b51ea8bca82d547426a23185dc3273daadce0201b78fc541201ee93dc74a8c9248edd15ce71542e0b2b7157a5f8b800e050fbb97dbc9cf5a5b26acb62ed15de6dcc31f835cbf880b66193505b30926c638cf4abf728ac982320d50b44cf29d51bdabe746e289694c8760c9c1aa5eb5b7fdbde891463ce3bd77469448abd88ef49ad8f3d7a6e2c483f4f4cd1db4e82b3da5abba6117249eb5abd2b4e9dd57744cdc75ad6c50ec8c8cb3e8cbb656eb12e4124fde885b299307be714eb4d34f1b8fc7bd5891edecd4046c367b53b08755e89cf2767e0e861037339230715c9089b72a703c9a8bde91c1dc48079c79a910031a83d2ad48afb31c46462ba3818eb50239321058e2a495b0060e3f15728a2239576f7cd53d40ac1048c09dec7807a54eb3050d9e4fde816a170f34aac58945eab55e46d2f0b21b21c6c4f6bc9ce455a8e2013ad40800c01d0d48cc54601c0fb52a5e31c9c13deaa5d13243b4f00f8a9a6621782455299cfb6bf23d2a896c16cf1d16cb6baedfaa150bef74c569ad18aa291422ed777a8ef13b17e78a3767005c06e478ac367a0468b4efe2601ff006a2fb768c0ed41ac0ed03071f8a251c8cc1f2c78a7a1f1119fc8ad77217605b81f6a0b78ce0fc40db45af3054fe2825dc8c30371c67a52f9765f8b409bd50aacc0e4771593d65c7b6ee1c03e08ad2de121db93d6b2dae3b6c233c1fb5523b1d18fcb8d62dc903eaffc56be01fc3073d6b24ec7fd5a0e7f9bff0015a9b663bb04f18ce2bd3fd37fcd9e63ea7f30b5a26c3d739f345611b5411de86418db9ef572373b07c8d6a18a5a0704115d672d8cd333c0e6a4792328aaaa0303c9a0085e2de73b88fc52a7e6950079863b1f9b7623b5260ec4841961c919c714e048607c5453e392c0907818a608da29de4cfd36f22825e1249278345e452a0e7183e2835f498723078a0900753957279ed40820965857baf5a29a8cbbf2402287e9d119eec60e3f359fcc6940778b1729f86d7448b6a26de6b7be9ff8c273c76fef58ad1632889df3e2b73a2465e20b9c1dd9af21256ecf5b18ba34fa7a861b5b8cd69b4e91a30140cd66f4d06475c71cf7ad2d8c655b27156ad9c7a2fcf3865e4e08e282de48bb8f3446e5f6678eb41ef5c01b8ff8a3234d118a6982351b8f6632eb8271c03deaafa66f1c4cf955084fd43cd0df53df18a31b4edfb55ef4f9531215e33c9cd59c6d8b72346d60814b16cf06895b44806777143209c040304d14b75cc2a720715ac65ad172d888e660dc55a775ce33cd53854e58afd27fabad59c191c638e3bd0496ca7771074e7839a7e9d72237280f02ac4b10dbc905bb01436426ddc90a41ae3744e5ee8dc68b70264f64e0ae3237743578db1b672d6b37b4a7ac646549acae937c58a484ed283181deb6514b1cf0a3a82063907cd5b069f88adaa234d5044b9b98e48c67190729ff00e956e29a0b927dacbe7b230a886dc93b0104630dff00c55636311248050ff547f13577562d2d840dbb2633203f6a76c61ce0e3edcd0c8a1bb8986cbc24787406a4fdcdcc2fcc4b21f28c41ff001474bf18c37d55924b048ef908718a67eda5e7f8669e9a948a0992d9ff002083522ea5b972239b1ff48aaa7863443ef303cd6d2b9f8c649a1d77a55eba36c8067ec2b4afaa610910367f02a31aab3647eddba7e2abff008f096d96473b48cde9da15fee1be20bf9146bfd0ae25e0848c0fab3fcd579af9c281fb725b1d4b1aea5d4eca0ec8d49ec739a3ec45785bf79b331ac7e995beb79375398877f68e2ae68dfa61a4e94b9589e620609909345b377fff003207ff00d02a36690c8c7de958b1c905b03fc0aeac58d3b5138f2646a9c8231d9e9fa726d89608ff00e5e0d77fd52384651589ff009781438aaf511c60ff0056de6ba10900ee1fe2ae179a6d16ae2e67bd18665841ed1d3a2896303804ff005773509c91c71f7a746ccad96e47da8082a5e963bd2a8fdd19e8691980ec6ad4d24583c90a3278a699829caf349d8143cd54bb7f6c63383d6bbd9115243af2ef111cf1414482766dbf23e29b777ad2380338e98a489b395c66929b5dac91657809f63cd30c86390915d128c8e0d412cea1f9c8a87640492c9bc7de86dd7c236cf19e952cd365fe24e31542f9d997a85fcd55375e9d8a727e1e7f34722fa8efdd9b31eee078a336fbb68da09cd672da4126a77f2125bf8840fed5a5b19772a2e3ad61b3d0634e31f431a7a889b93d79a2b2c8ad1b0539268640857fb559130f0699524e342538bed64375da85dc90b92688dc4809030685df36d5e9554cbb12a406d408642473597d4fe835a8bb898c24e473592d6a378e3670c08f03ad56369aa31b1a91aa43c746e6b5f673982604742b83c66b289ceaa9f9ad3db82e7238e3bd7a7fa6ff009b3ccfd45afb89052dbf97279fc62ae0f93ae39c75aa56cc0b01dfc55d8c952491dfa56a1953d161388c83d7c5380c9e2b95c6cff29c505471caa9c32f34a9e89b865b934a803ce39c37d9b155e572e4a9e839ab04707fcd539c9563838a60ad45a6549e56c1e9406fe56f71ba5159dce0fc8d06bc39639a0b0017b9da71d6a3d1a271286ef5cbd72240031c66af68c85f18e0e7ad6473e692ea6a707e46d3448f6c6808ada69236722b2ba4c5855ddc9ad5e9a00e95e6d1eafb51a4b04f6c82bc9fbd682dee36e08c6dc7fbd67ed588190cbfd873476de353074fbd051d931d75705c6462806a12b3311c0e68acc4853838a0ba87fc276fe6f3509e89986f5b5d299218d5bf89ee056f18fb56834050912e58e0002b07eb3badba843d80707fbd6b7d3da8801564f906e003d8e298e36c4b91a3d0ac4a151c9cd188dd42ae18edc73593b2bbc4683bf7a37697219369e87a8ad632d683b6d2b7b6a78e6acc52b6fedd28746c57685381fed5754b050576b1fb5414ace9642fb92027af4e2a3bd8557e4d9607c75a92db2412c369cf1521456e48c93e689e89c3608373fb6236039fbd6bf45d65658923c8e9cd66afadcaa31c76f1436cb523a55caa313c9e3ed5526d3b44a51b3d511b7669f41b4ed57df8946793de888b8dbc1c935a98a5dd09493ecc9d9b60dde2a333a06cb73f6151ccc72173c1ea2ab6487e09aef745cd5aa2e7be0b6635c7dcd2f77772ccdb8f5c1c556de7c9ae77ea6a0e5655d196de74d878029bb90a83b883554e0f7aee78c678a8916a8b4d2966186e8297bac076aaa1b1d0d74b9c75a09a9a4a8b2f380848eb55fdc6dd9e334c242a213fde9af229c6d18a0ef744cb2b16238e951ef6619ce2a2f78237de90725720e076141252b08095b1da97badf6aab14b26c25d781deb8f3eec05383f6a0996fdd6fb5232b63b55449f68218e4fde9c6e171d05005832aa0dc4938ed43357d457da66565c8ec6997da82db46ce0e303359537eba9dc3363e3e2aa9cd2f0aa30761bb660ccce324f4e6aca4c1540279a18973ed8c139a8a7d45538efe69793b18e8c3267039cd549af369241c1140a7d4e4538472cbdcf8a74776245f973500e8c2b3dde18f392283eb17bffb52d9008f14e9ae86d382a3feaac97ac7576b6d2ee0c6fb6551f1dbdeabcb2a8976183ec07d0c9303b93f29242ffd8d6b2c4955423a8ac9fa7c66d2dd7b84f91f35a9b23f2519e3c5632959baf41e86662b9e2ac212533dea9407e44678f156189048070078aba1b176ac8e6248dddc550be5dd1d5a2c48e49aa372ec4103e43efdab93d84552055dcbb6320fd22b2bab4c9b5c03953e6b47a911b080d91dc5643540006a8123376ff3d56327c66b4d6cc5471598b5fe26aea57850bd2b4d6e3e35ea781170c56ff6799fa83ffbabf814b751b81c73e6ae8e9c9c9f343a22430c1a211f28335a466b959626263c63fde99eeb7da9a58b7539ae5040956e0a8c6dcd2a8c471bf2c706950079ff00b8a7bd51b99149073c1e6a61273d0d0e9e7185183c7c69802a5f3ab48a41c80304d08bf9148c03cd11b8931b86282de4a371e0d0004ba91493cd1ed114b226067359cb9059d97b8ad56811958633c715e779f36d9b3f4f8a76cd6e968db8781d56b5d6255621c6d00723c565b4c7c7cb1deb51a6dc10cacca0803e23ff009ac54ed59e88d0e9b1a05ce79a3e1d4af0463140ac5768c121b3da89852631b405f35d285b2399832b639a0fa91d96ee5b81e68b4d2285c05359ed6256481caf9e86a13d179e3debab9916ed497f70823fef5aaf4ddd868d5b3f22a38ac3fea44db448791b78c8abde8ad58de69704c5b0fb7fc0a6b8cbcb12e468f62b19c164dc715a0b4b91865520f8ac1e9b79ee94f98e947ece65de58b9e7b035a69da33e314d1b1b2bcdd839cd118e60e4ee5c8c71590b2bf58d7ae7f145e2d4000072722a1d6bd3bd11a285c0072e1bff0014f92566085464a0e283477785fcd5a8aeb31afc80a8b959251a08192561867c8ee284df5a349bc9523ba9fbd5937040ce734d374475e9f7a89207695ea37d2e711ce77267eaf1f6af42d3b558ef610e186cc75af36d404736ef88c1e781de99a46bcda35c2abc87dafbd41659425e13504d59eaacebb48cf34c2c54e4024d09d2f578ae9721c37df344ccaaa7ae78cd68426a684bf2fd8ef75ffa4d2124d8fab03c5577d46246c3641a69d521c75353245a32055c83c8f15c598b9e7802869d578e1141fb0e6b8daa33820a9fec2820e2985154c9265464629cc0b3ab0e479a11fbf7da029d8c3ae69cd7ae17218107b66839d104a520b83d85365913039a1ada8c6ca46fa8975143260e48a0e744106b908d80690b9246474a1ef76acd90a48a88dd119c02066824a2906dee4fb67f1517ee0fff00e9a1ed764a606726a237406016e4f6a098544ec4671c7e6a1bad4520881760b8f3426f7558ac60792493630e80f7ac66a3ea197559c61f108ff7aa326550449464fd414bdd51b53ba23e9847fbd3acee4428573f7a10b304423b9ef518bf1b88c67f359adb72ec3948d19d414a10185553aaaae54a648ef4085f7b648c633cf14d3a8b7c986368ea4f6a9f7673a20cfef51b82723b8a6497908e23c06ef427f7ecdc71cd556bad921cb0a3bb0ea83135f0c6dc8c9e9580f566abfbfd4ed6c233801f7b9f03cd19d4b5258903efc050493e062b0de92bbff5dd626d41c1650e523cff004d299f2ba1fe3a5a3d174c198d001c8ad15b32fb8a3ed8a13a55b2ce4c79da766fc9ff00b514b725594606d53d7cd67ad8d4b41987631c96031c54e5d012036455389f00f1d79a93395cd309d148dbb381f63d2a85cfd007726aedc49ee45190319ede2a85cc8001938c1efdeb8dd800751e1b3e073599d50e5588e6b4fa91dc18e319aca6a726d0c31d066b8067ac087d47dc6e36ae2b470b06db8e707359bd37e773337400e2b436adb474cf15ebb89fe313c9f365db3c9b09dbf2c4f6cf5ab80e4022aada8c21fcd594ff00879f14e88167f913c8eb4e520139f14dce0574f0707c6680207562dd0d2a99bad2a0924798195878aa77231ed9feae4d2a54c1107dd753402f1cfee0af6a54a8fd1c6042e649589ebbb1c56bb4363ed20ec6952af31ced9bdf4fd1b0d2177cded9fa719ad458c63da7393f05c8a54ab263a378d069abbf049344e399bdc29c62952a9142d95aedca49b474c502d63ffb77fcd2a5509e8bcf0efd4a1b9261e5ab3bfa6f7d2b5adcc648dab26052a54df1be2c4791b3d574cb99124c03c0217fcd69ad67712b2e780714a9568c7426b4175b991772e7200079fbd12b4b9791549c6738e2952a25a2413133057ff9471562325a266dc4636f4fbd2a554816e2959a541d88cd3de66248ce303b52a5400325998a4849c95e942f504568ce46734a952d2d972d0dd1f57b8b6be489186cc6706bd5ec9ccd6a8cc792b9a54aaec2fd2ac9e22bce807cba9e9cd432e1064014a9568a1629cfa8cc21620807f1518bc99b19726952a9012c599812ccd91c75a725ba82ec4b13f734a9500598ad92418231f8ab2b0c71a92101c79a54a803b2e232db540c55463b8b1f34a950051966746c034d79dd6d249870ebd0d2a555c982d982d4356bad4276134a480dc015d79495000038ed4a9564676db3423a459c7f04364e6a9162b21e7b52a541d5b2033b3c8738e054693334ab1ff2bf2479a54a83acb9729ec47b9492479a0cf74f375c0e33c52a540232bebcd46e2d741baf6a42a594027fbd12fd3f8923d332aa010037f7c52a549e7d0f71f66fad9c90074cf8a2d6712ac648ea3bd2a54aad974b41384e501a9fa46bf7a54aae292191428908ec38a0f7ee4ec040e466952a0007772b0664ce4609e7ed598d6dcc664c7f452a540023468c334c49392f466dd89c7e714a957b0e2ff844f23cbff69046d67624af18cd5f43fc23f7a54a9b122d2fca324d773ba419f14a9500341c806952a5416ad1ffd9, 'arodriguez', '1234', 4, 4, 4);
INSERT INTO `tbl_empleado` (`id_empleado`, `fecha_ingreso`, `fotografia`, `usuario`, `contrasena`, `id_tipo_usuario`, `id_datos_pesonales`, `id_salario`) VALUES
(5, '2016-11-01', 0xffd8ffe000104a46494600010100000100010000ffdb00430006040506050406060506070706080a100a0a09090a140e0f0c1017141818171416161a1d251f1a1b231c1616202c20232627292a29191f2d302d283025282928ffdb0043010707070a080a130a0a13281a161a2828282828282828282828282828282828282828282828282828282828282828282828282828282828282828282828282828ffc200110801f401f403012200021101031101ffc4001b00000203010101000000000000000000000001020304050607ffc400190101010101010100000000000000000000000102030405ffda000c03010002100310000001fa8018d000304000000000000134d4010000000008e197762e4e5c6fb14f074675dc9f16a3d2e8f20b53d85bf3febdcfaa31ebde5880000004c00000000000698008000214681a68602000000000009a50018080002ceb7e1f3fcde5d3773b44f9ef2e7d98eb055a39bd79c63956f13740763b1e42ccefd8753c1dd8bf5bd9f22f67bcfab07aca6080020144c000180800719000800218a801808025620608602000269582471879dceba7e7b253c7b6de766ee272fabae0b5e2df59c4e6faeaacf331b797bcddce2be98046b33bf34a3b39e8d98df7be89f17f427d2c84f5801000a30001000498a3000100000134d401000434a00000340c0449f1e6b9de6e7cfe1dad9abb53ab7d5b7360b5bcd8512af3ac7c1e870ba4af146aefc1c2c7ac422d0484b3df6efc6f051e8f8797b4f5ff001efa3ea7790f594d300100000100ac0400000126a30400010ad0c4301311312b1053e13bde079759eaaf19aba187d54b66fa399cf5ae6b9f35bb830cdb9cfe775f9bdb9659e885c575d95d9072552959b26b72d3cae7beaf2726cb9abd2f91ed1f55b72e9de18030100000100ac0400000498a340c044028c10000428982aaee64be338daf9fcba5d4c3a1a763751e7796fafb38bd15bf269c067bb25fb8a9eaecceb87c7ef72f59e6dbe8216f0347a3e94be5fa5dc8e35c4e4767ccf4e58b6e29f5e374ecc79bf5febf93f5760c7600200000269a802008621400001808000000250004c1799f4bf3ecebce5d4e8cef17a2c99f3a855856f1dbf49c2bb96d73a3dcd53bba0c6aa86be0c98babbbaf6f9ce876ce98c33d4ae3363e967cebc6f93f77e31d396e2fb79b7e5b212fa8fa5fc73ec258d3b90040004d28d300104d2a00626000c04102a6034d0000011f94fd4be5f9de4968c98df4fcceac1ac49d3d4de7bdc39f3b9f4ecfb3e09cbbf67771f3e737ebe17b2d5d5b632efe6106a24e32c6a9d5cf5cff0001f47f198ede3070f4f967b70ec96cfaefc7be999be908cb591a09081c5a1b40d0000310260000d000310d098000020a7e77f43f9cf2e9cdcf466d4acadf4e72d995cd5851ad7d1f379dbb9f6ecf2f07a6cebbbe8f26fbcd81d39880509c22a859573dc7cd7a5e2e3afcd28e9f33d3e773acb9e97bbf0deb39f4f7a35bc0d31808260000000000000000000d00086000024d18fe5df42f9767746594378025635121db18adf2abab9e9bbdc64f49c7b130ede70010d0a128cb0aed8e2d3cde9f37975f1de57e85e07b669713b79f57b6f01ec39efe9ee9bb590012902698000000912220d8009800000021a6800000f19e03df7cee6a8523784c88c02495f2e9f5fcaf5be7f676f5553e9e6988d46243518cb28d5ca8ecaf19c75fa2f3fc677b974b7c4fbaf2adf94945fabc72ed7176675f68d587644c0b044462027190004405062300130040c10c4c40000a00790f99fd6be4889d95d454a4563b08cb457379f4a4cfa1f5df33ecf3edf549e0dce6576605cdf3fd7e7a74ae87776f3c3b7c19e7a7b69f95f41e7f67a1e177b9f39fcdc6bd9e37d3e77a8cdfa36dc5b22c75ce945a06824e025890ac710104c04130434313130100a0806839df23fb6fc8938754eab2c943d2677c35d194e9c5dfd0f54cfcf9fd0336b3caec7b0cfcbae6ec576dc478ddbe5e75e3b95f491bf17e2bedfc8e9c7c872bdb71675e7fb33abc779399d7e1e6fce15b1f6792cfa2f84fab62ebd59f458c450c430000068180001206802182068180000948223157cebe8d9d3e155fbff0164bdb78df598ede93af65dc778f99e8a3a9c2d7d0b56abe4ba718ce2e8c7b7262938dcb8799e8d4df92e876e1359e13c9ced7e6fb7c49d7c8cbb7c9f470ebfd0fca7b472719d7acdcd14da01a909b04306210221368188001471680259084620528b1a00f917d73cd1f30f7ff0037fa2f2efe9acc56f3d6bb72e8de2d9573ebcdc5c224e16065d54cb5599acc6b50974c144f3e3a5383473b87aeae769cb770c3dbcbbf377bd1737a3dbcd0b6ab751803130060d034000c430600000d0000340340d00340c421c9eb675f96f1fea5e33377faaf9e7d07976d17e4d19d69953675e338cb3d975be57ab9d757353e626bd14fc2fadc74ecc4afaf058e78b8fa2ae7e8c59f5c78fd85d3c9dce07aaf37787abb95bd79b69e8c01b4c608608600c40003681821821898021821821881881c241c9dfcfeae6f84f4bd4c99d66babb38f6b6ea6fe9cac84df4c781cdf44cdcfbfcc23edfa13a791f633b673963d183286484b9fab2557bd5cbdae3f67af87a3e5bd579cd63d5ca32e996d3a60c1a0600c40c4c000001a0626080626000000002000000399d0e6f4b3a94266b3ceb255f0eb6d94ca2e9799c175edb2784e5eba7d4707ce55bef6cf053cebd5d1abd0f3e7932efe6e2e3914eaf4e9ae5bf3ddbb8be87a6656c65bcb69d0c0600340da00018818846028206206086000030400000001cfd96e0975b55a468d3573d552cd2e3d7a39673eb9f1d9fd8f0797d1e496d97a66ebe8db9e1a1555bcb1e7db82757d4f33ee7b71e1c3bdc598d1d484b78d037d3234e98030062060000000c01082490310492631300069a01300626019b45115aab7e352cb7d7673a4aaf37a364e17ef9d756e9ee639ea5a99a1a68c5cb96fe5f1f451e7a8d5d6f7bd4669f4f35129ebb9ad5e5956ac9a122dcb44340c00018000c10c4011006200489916122645b01300001828cab2164a50b0ef81028d11cdcd7c3c9e9af661cf75de7e7cde3d0d7e5ab6bd3e0e1f333aef796c8fae6ef4fc7f72d6dc66ee9e42c85ba88904616a06d0d308a9a224810ab8b44ec698a0820458c4c04c248c8b6b9ab19a88600300114242b69893495c2fae5e7e6ddcaf37a6ecf6c7974e3f13d3f1faf4f3f97a78bbf9b2d9669b9874a5b797aba1ea327477e414d6f94e4a5434c51921a900a4086116e2531b173d564e32ce795d9a4a0e9962090984d3cd24381a34b04ee400000008835626846484316af37ea3cdf1ef2ac7e5ef460e8e5def8f93af5f4d72f56ab8a77d1ea2e37928fa3e7c2daed092600046512400d00300aecaa0244b18cc8a6bd10cdcc5c6349c5f7e72b23386c6a014d344a5095808460000a9a68c004c22c14e3f62a97c96ce5f47c3f45557c13243442f4a8b155deb726bf57cf55ce3be536318000c519224800018028359490ed4308a9288122334e17d8e43500a0000505955960050843698304600001192138ccf252e9e3f27d070d93e79e5d7d5835cfd73eb74e77271f5f92138cc6d30006002680006989a6562336426302c434a005362964c1e88000500209448b135b80030449a68000002684c168e4f77172e94d929f3d56ad95cd5b05db05725a8da90c4c1a06002684e3201a134ca9a78ac4e9b45301000849351880081111a466b422f51974c80c71921b04010d0c1308b05709098ac9ae5d14ebbb599223b919207260340c0406813446516ad388d088917ceb717527174da280100140408502239ad28e6c8ae18baadc9abb62427b8000944938c81a63006868801a688b1aaae5109d72242900c01800224d2c401c0ae2e8b810751c7773aa5a939572b24e2f46209020428224336518d78d4eaab9fcba6ccd869bd3b9d9f19eb3b70be5559db934029360c10004c8ab5572e3aef24a3446d2a1275d414a195ce32d1831824608060934b100ac2b8b62a51828a793e4f57a2bfcdf4759eb4f168df3bdd72de6644ab111b0890c57599f9ee79abc1cbb4ed8fa2ef956075e39727579c9aedc97dce895566a484c13404604eb8d59b2c7a32f2d2d5c5e767a7ba961dbe9e257689184c584e321b40d02340ac4d127154208d1a73e45d9acb7cc76f9be8f9f5ab93dc5ac79bdc72b875efdbccd933a8a8e99d1123ac954a9e7b58ecc1c7b574e3f57d6ecb83bf940029b839b7a71a2c81bcda51cf97a34733472d69be35ef31ba5659567d915f318fd057c3baeff33a3df8da427bc09841b4a31a21a018000a2e2a200c9af2e6e2781f2d7537e1ddd2000b87dd4be53a0f9fe7efda32189d7ac3b72af3873de1e5067d1bfd487abca0170000014a02e0359873c39eb3eb0e5ad7687a79cd0529019d866c985964c2c180201800806806011882a402ac23cf521c3af5faa1d700000157980c74981e7eff00ffc4002e1000020201020503040301000301000000010200030411120510132131202230324041501423330624253435ffda0008010100010502fbcd748f7f6b2f549fccedd4bb516b86ab252c85d40de0fed49d25990143dd1f2567f26948b9754eaea7f92447bf730c9d259a6ec6cbb04a6e5b47ec6dc954176775207b2d8f568baaa47cb656fe5ee0cfdbaed0b98b7baca72f495e56e83284ab3f6ca322bbc7eb6db16b1939ace7a4f64088b3a9a067eef55f646c4659729134d39e9348351059ac1a8896b2cc1e28187ea89975fa4b37db61202bdce4d4a6d0b8a74ea555cc8cab7476c860717274fe0346c7aab96b810b13e84b342155d4ee53c33899c788eaebfa766da32f30096b6aaf745d726caf1952750b4b144241031af69d0a10d965759bb33476ea6a4c3e943a4f768409c373df1c29d47e9b332499a812cbb494e3960b692a958da1f4810b41ec0c4b4b5b6cb7dd0d82b9bb584fa84ab5d5d0ebf9e0b91ba2b6efd2e55da2d8eac6cbbbd6053036a695267768abd38cf3bcb14cb6dad4dcdac266b34d2781e8aaadc2aab69babf6d82536f4df0aedf07e8ed6da99791a9773b2a5e841a138cba9a90b9ec819b74d86597a899595a9b2cb1e372034806b18ea79289a77c6ff00336693aa145fd994ce196e850ea3f45c56d3b2d7df620e9c0da4a2ad4d35fbedb745367508db5c6b5ee965bbc851abd4742b054638da186934d4cd220f7ebd3b2bac0197a8b11b587fbaaadb4982fb2da35d9fa173a0e216f7ad4f5ac60c54ea70a9feab6cd0f50b157da5577cc87de3600778134d586ac6c1d1abe8895ee2c359d23af4f604c6217a5b4bd5d29710e87cd2c0597d7d2b2b3a4c072d5fe8731b6d6d602cbaa54e756c4af73dd6ac6b1adb11ba4b4d7acbec046fd20d6c22b0025112aed907dc941b4f4bdab445c595632a1e87b6c4d8723b2587dde621995dca19c12edf8ffa1e2f6ecabebb376d95af61fd432addce8c16bc652d6b6af1dd4b584dad8d41b02d6ab366e391b540ace4d82a5d1716db0d7841674c09b3b6dd25ebb97284bd36b4fcfd7581a4e076edcafd0f1bb0bdc06a1545831477b6e215488189983d972320ad590db2ae1f87ed242a2e9abb845b19ac744d02561469e831bc6624cbd7772a4c6ecd8ae69bc7e80ce23adb9a06f37d816bbbfae866deccd10752c66559bba97e229c8c8ddb537ee643b664ddacc7594a69eb33206a3317427978367754f182fd4c7fbfb3e8cd23f926bdb5e3af5b2b26eea43cb0028637171af6c2feb5cabf494e8b32727bd1ab9c74f598638d47154ecdcbf147b9479e04c4e27dfdbfe6db7af976ee62dd2c527bfe07725b4ab5f653f53dbfc7c5c61a937e8b57f69c3ae28f51861e5c4d755b0687921d19c6adff003cdecfbfb4edadd3a4adee777dc790f0d1a63e8b19cdd721edb9ad6c6a8018f5ec5f51e4634ca1b9725746e7436eaffe7cedc8fbfc9fa73ec2d90c76a9e6619e61f091d899894ed1878fd30069f1196ce215690f3a5b659c17b65fdff14b4d341d40275f50f1e6789854f7c2a7b81a7c6de1e65aeeaed1b5b9f07b75cea4eb57df71f2dd2bdf737a072d795156e6c5abbd2bb57e37f1647ef389d7b2de7c31f6e5d07d9e91f73c7d7596fd5ebaf4d71aca5460e8f07ab59ac670a2fe258d54c8e3892ce3190f29e2990b31f3abca2477e309db9e336db71fefff00e8aadd4b79108d3d21758c089e253916d268e337a1c2e275e43732664650ae5fc4ee68f6d961ef144c6a69d4251169ab72f79c5c7f473e1ebbb26bff007e67eef8e9ff00d730da57b027969c954cdc106acd368847b869ae2a05b287dcb0cb9b419cdb9db4118930516f484fcd573a9a3731ac4e24bae2f3e0d56b71ed7fdf67526eab3a9fe3e539ef359ac0ba4669acc4c5b32acdbd1bec74b22e1dd8f8f463577558819408665f6030dafb2ea0b366f0a15f0f0b382e1750e7629a2dc0c436ca71f6c23419dffcc7ccac6a78351a5577e838f7ff00a6fe609858aaf5df5ff62e0d8d2de1ed5ae0d94d5388605791762f09acb595f5169c715311dc432f5d48ad5ab18d4ac32daabdf937dab366e98d574c08f33cff00e301ac23498e9ba60ff85dfe5f7fff004d8fa584ea39707f7e2d586a22d6b1aad54d6d59dcbb918ea80fa0cb201348f5b4b2bbe0c5b5a538812690c7338a3698eaa664771c2eade71d76572a3babfbebaa4baacde05b5222ef6e0e1a9ca1cca833a6b02e9e810c6f220e5a72318c66ed634ca02cb186da6f4dabc1d3d83953daafd071dc3fe365e2aefbc215226b0183e06f317d0c6398e6318ebb9b6ff6e6d5fd1c32b22011fe9fd0ff00d055d5e1ea4ab6166ab63d4e19079107a4736e487998c6398e613dcd81622f52ce2beea717c6b17dc7f43c513a9816e09387459b6701b34580c1e8fcfe79587b2b774faf9131cc732c317bc4feec8c44d95e6af6ac6800fd1e47f870d004e37c3ff8b670ab3a7c40f911790e56bf4c3715c757ab291c3deaab99c44572ae29b9b09ba9c8c631da318d1fb51c36ad620d12ef76720edfa36eeb8abb5edad6dacf0de95a7bc1c841c9d432e4f09fed6c36c58d94f28c5361a7870d684e9acb1b485f58e6341329ba75e3a8ae95fa6bf77131e3f498c75e4c350e390820e64464d40c05de31c280ba72631d818aa75610c51df3abdb6d5f4fe30575c71fa5c7017217930d441c84d66bc9f22a422fa88b73ea58389533f9d4197f11a9462ff22e35a692c84452125bb2da53db388d9b30eaa8574af61fa473d3cfe6e20e44cc8cab2b2789da0599997642b92611930517bcfe1c4c352787e0d480f8274161e4cc0d8a80841edaf5c8cc5eff00a6cd426a421d39187b1d603ac1322bea25b51469acd66d2d31b18c1a282d2c684f7bdf6ad940b2b4565390fd3181574953cfe9a9feab1a168a25b0f62a6033596e84588a63552ba444f0b3c4d65863d82b54dd6320d16c115064e42ae90f95effa6b97705b37a22fba5f35d26900e45759fc6060c759d059d3510ac318e92db1546f3759c36bdd68992e4caeae9a7e3cc43fa6275857a2de40977d2e2236901820f418c658658fdafb8e4595898957468bad14a63d5d35d3969186857bf2d3f447bc0bc97fa58c6eebe43081b6c0d359acdd0bc2f1ee8f6f6cac9379ac4e1b4eeb9d9516a5363fa0c5ec7f45e60e646a2b2437e5bdb6187c12560c88d94446cb260c87d6cbda3665625d73dc6b5ed528130aa35d3a75ac8be91e7e063a004cd7e61e3e0307a48d67e7286901d618c25ebacb032c365b18b19a72449524c2aba973fba00003ea1e7e03dce9cb581be41f60c25c37d0a772ebd8cb25cb2c58cbdc2c4488900d06155d2a00d390f57e7d67c7a0c0da7c63e13f01107b2c30c6f1608e90d7057dd12059895756fd391f5fe7d67cfa34847dee70db7a1d4186308cba42b364021985574e9e4bf6a7e41f63c4575a2b3cda11349a69cb12aeaddc8f7f9cf8f887c03ec5d77d69a88a6110cd269cf16ae9550c5f9cfc43eef293664acd2690acdb36cc4af7d9c8f73f39f3f028f8c78fb0cf4883b01348566d8544a57624307dc81f18fb1b977d48269cb49a444d4f2f3fa5fcfd8d8ba30f401a0860f8cfa4f8fb5fc7a3f3f1b0d42f31e91f11f4b78fb55f1f626bee57483cf23c877f8cfa5bc7daa7af59acd66b35f874eff68fe3ecc99acacfbbd7a4d269f21e43e663a05e5678d66b35f9c985a1b21ba57677f9d9809acef0a080690cd60eff003b41cadfa58cea770fac066bf1eb098cd1ec8eaed0635e66af4ca9f7d43e4225b906a248b16a60c79933483e77820967d1637b58b3442eb2bb22beb01f80c26168cf1ecd65151b0aa0512fa858987ed48b07c04cd7585b58601d138f65667e7969de1f9dbc0e47c03aca291a1ad48ba8db11f48afac066bea318c668ef31eade55768e6c36de4c49f9f49337430b6bc9a643f71aeb8f6752afb4fc9335ed895ee71cf2688ada14780fa4c2631963ca94d8f526c5f45abaabcc7f0d0736b409d5dd06acccdb6799a4d23acc8faabf38cdb2efb4b7b46788fecc61e9caa221db11a03ccc31cc768ec49c3a7657ea6128f060f05b4965a7955f47d002c0269cb496d7a9ae8d08afb8ee07d9dc354fc56decc6f1e823599144ade06f434b0f6b4ce1881dfd6de6b860f06582098de20f4980721e7ecdfc3ca7e8c43ea7f19236daac74ffc40026110002020006020203010100000000000000010211031012213140204113302251613242ffda0008010301013f01fb52b341a51a4d069ed2866ecb2d8a4cbb1aeb4636255e1a6c7486fc1abea2567073e12686fc144a1ae9c7659212bce499a7348e0bb17490ce59c09e4bf851257b1f11f12452f44f611c31f46392d8d42e05b9621cb48f199a9916626eaf37d18e5262dd8d8969431ec86ef34731c90f8e8c06f38f26ad4ec8fe6cc495bf181254f2f5d15c78c62e5b23124a0b4af2818cbde517b747d7872434c2363ddf8ec45989bc725d5a59422e449511564e3a4b2124bd11719225c64ba708ea3e37e8f899a48e26944e56ecc37b8e69f269b160d9fe7647a28f5d3c3bbb1cdb16250e6bf59c464715c478cd915638ec4a1a50fa78324951435e086b28a30e26d7b98b2bd87cf4e5c986490d0b73432186f9638aab4221116c62cb717525c9196f93ca388bda1ca3ff004ec94af820854894893b17525927797c42c0fd8b055f0cf81fe872d0e88724e5b14355d4e5651284dc5d9878fab93e431319fa28e118bb5098f7ea21ff0005c95ed0cd6d706b909b2285f933125aa5d989a2cf88f84a8c792f5704ff0008f6b0f7423944a2c51210a3167aa5f5d7df80f7aca269b145231a7a63f4acefef8cb4bb24bd8b3c69eb977213b82359f218b8951eee1ceb61b2c6efbd698fab44bbb446167e31316b95e75f728edb9a53e06bc52230273ad97d28f8ed0fec9cec4c8bd43895922289cb4af079559a7c14f625bfd48af08bd48d394444f9f079447c7530f9cbffc40026110002020006020300030100000000000000010211031012213140203013415122326171ffda0008010201013f01f6b691f21a99acf90d65f62c94f242a28a1c11a684ff007ad2950db91c72588d742d4f912ce8baea4a5425793ce084bc1b132eba72fe4f265e49112f3b396551217464e9096c7085b8d091ff004d4459f21f20e4c86f97285d1964f76691eecfeb9a5a8f8d1a10d1879ae8c8ff0048a1ec85125bb3ecafa22ab364767933efa331473fa34d23fa986bc5b16fd3fb1783d85fc9df948c2794ba2b9f19b6d91d9676594c92661bdf29702e3a0bca5b09d9274437e44495928b4479ca5c0ba4dd1a91a9164a3642346291b351ac93d42e727bbe9e2702468fc34b12aca62341a0647914ac5d3c545917e1213df293c9088f1d27c11dd188b71098cd64a57c1ba7b8d9290888c5d38f04d651c9a65fe237fb24f35b12ea4727b1629b65966dfa694310d8b7ea70cb24b6bcad5165a351a84422388b6ea312be496eb24684698924b251a12a455942ea3391899ad9a994d91851cbf4df9b62f4e2f394588b1c88adbd6a7fa5fbb1a3b648521c882d4fd2f368dfdd25686bc211a5edaf25e9c4d99596146df771637b891a48474aeaaf4e9688fa9faacd461bb5d47c16597e2cb1cbf0586d984b4ede6dd1651c7a9f02b6cde229165e4d9291764215e86c9b14e84efd4f28c6b29c2b82322f29339210f05ce4e691f2379288e26930f6f53e0bf09c68b1922247c1739627043917b9f8cf8cbfffc40040100001030104060609030303050100000001000211210312315110202241617113303242508123405291a1b1c1d1f00433e16272a26063f153708292b2d2ffda0008010100063f02f5caaf462f5624980bd25b347f6850dbdccc230d67fed3f4465b3c90ad4aa95c7c5a9552f23cd6d387bd76409de176d45eae5355576196e4482d24d72575f471ef14d1fa57102778813cd7a42e7346f85b241f13a4c705b2257a5b40073400c56f5b4cae61515498c20e8a1a64b6a472520def2952411c42c6fb56c3a787876d1c55db1977f685e92f4715b5b5cfecaeb41e40aa4379095de85b504aaeae0a8a1d8296190af0a6472577f525a0fb40f8610ca9553647fc96d39cff0097bb7aa6c37e3fc2ef38701f543a4860c89576c9bd211b9a157a360f7af47d2ba7265d579c03466e7852eb46019ada7977c17a2b386ea5166af30dc3c5579ae8ed65d65ffca0e61907c22aae8fba97cffe4656d7646e5b21cfe270f7206db69fb9bfc237776e07eab6ce02a0515d6b2f7f48c162db26ff00429b473ad5c3cff846e300767bd6ce39a979859eb62b06da347c15e695b4ebd663b9f6fb29f078b338e0a4cb89c0e7c95e71876e6842d3f546eb773735e88746cff2722f7d2cf81c54004700a5dfc2818f2524d1409e582c204e0b671cfa9f395381c8d15314439c4bb89c7f9f0689a23379dce816cb5a5c7cd4daeddaee66e0ba5b6f48e3ee5d2dbefa869faa974cfc957b5905c772a092a5ce46ec93c11880d59e8aa9cf0d5981392bcc20b38a0e00dd9fc82bf3f3c94eeef464b1a8e1da198f043386f45c63855577fe053dab73fe2b19e39ff083ad413ecb7ea81741dea9ef50cf35522545989f2580278adeaba7e6a70cb50516ce192bc31c79f15100d93b7145a1dc8abdbd5d98bb5ae5ff003f5f04b8dc4a73f76e5d25a7687cd19f357de267b2dfcdcaf5abb881f5fcfe1614dc3359fc82af96689102cb7945b6679b89f9a3765c7da2aa7f3eaa8a98efd11e6745340e2a48969c466a5b56c7c32545088ef376beeb094dde85e327c08a754de27726b1bfb9f2e2b60ece209f9fcd6cd06ee0d57df865f9b94f779fe7e71518f0fcf920182f38e08b9ee3d1e7ed7d8213b2cc1a10e922720a20174f67eeb6ce0a6227b21797bd49fdc7613dde28659a868a2cc2a8a9dc89b4f341d7411defbaf475fb7dd4d2f8544d270de88c8c29f655471f0276ea62896d3d9fba247ee5a832726ff28b6607795e70f21f05061ac6e5f2f25b1314112b64075a3f0cbfe119fda1db7665541b8d30066574b6ddb34685415cd432b9a834a4bb92e95e206e6abce15ee8c94e7f15b315deb66aaa55f230576315c0e0b66688f1d339fcc290acc1896ec78119de8174c36a4ab5b4df20354ba4ef41935c5ca8688ce25073a4da3f01f9f9ee4db16d190b667a36881cb79fa7bd570de777254690c4204b9456e8c78952ec372c9aa8365b4e6a5f4e0abaa541e7a797e7d94a0d3be9e7e0406404a6806b17bedf752ed9b2657c91b57f745eff00f211aedb9171524ae95e3b4207f4b55d6d1cead38a65988bceda3c320af5a8a6e0b2c8051de38a3f9280ef1a05759894235cfc509d3755559da79f815a0de5d011184efc9a1359143b47e9f742c88888bdf9f98e80026b06f564dee0178f2ddf7f72dbe6e5d35aef2b8a93837e6892789392390f805247a43fe23aa2d3e5a8d7e6ae9ce7f3f372b3271ba27c00ab6a0ed118a87d0932ee016d0d96ed1e48e6e33a022f7cdd153c93de7b4eda2b894036b687e0106599971ef2686ed0036789cd5c070c4e67f84046fa4fccafaf52534ef14d4730efc142ae20f801f72744b9d7af72fe538d064833bf6db4ee5a970778a3a2456d5f87dd5f3c823708caf4603822052cc62557f3875675673afdd5a0f3f00272aa7749682fcc61bff257f4ee44e93a00578a93c870d171bbca6319867f5eb0a3a846f154f6e6d9f0068cdc13f6a47d5467af01515d085369ca7bc713d693a811072c7c03a418b6aa678f3d793a389579de4335271ebc8d464ef1078a69cc7afb583073b354c3a9aa9f50073d4b2e6b9123d7dbc015197515557d77abc30ea649002dab407fb6aa2c5a4f12b661abd26d050da3b23a01e3a8c237194ee7f4f5fb2b4c6e983e7bd534575a344d9b885b70f0aee1aa64e18a7006015b6e279aaac50bee92bb2107002f68a6e3a9660669ed8eeb4fcfd7de379221419075aaa02c38adab41e41431e1cb6db1c535cd2754d4c15b224aaae97a27f47ed5da2a895b3215d3a5fc2ba8d76555667305bf9eef5f177107f8faab4b2f656ed382da54d175bef4e0f6075d244142ed8b2c88f649afbd59dab85fb3224b7257ec0d37f0507495c15cb1690d98923141d6425ecabb9687dabdb367175bc4ae780deb69c632d2fe5a81ded26bab470fb7d7c02d7cbe5a9d21aaa6804e1bd0f47d1da1c6ea169656cc65a3b169ef263eded9ae1ecb063e6a0940b4888ba698ea961c1d42b042e980a5dfa4b1749a9ba9cc6500ecdda2afbb52d3969e554da440c13b809f0065b8c1db25577697b4620a922aa8a161214dc3310b66ce38955ea3655157e6b8ea10af4502a612acfcfc934643430e63d7dd676a2f34a73ff4f684c0ec11a00189458ec0fab35a70c55d8a9d0cdcecb4b39780de68f476956fd930714d7461eacef726cc608bf37609ce7ceef9683c69e05412e0e6c7c95314d75b1037152d23d576a8a72da29b005d909de5f2d13eef02b568e7f146d6cf16124f24587f6df4215b581c5a6f0f54938057ce0d46712bf4ec3ed7cb457c0ed392b668c05a7d174b643d0bf764acb276cce635ef1574bebc948708e1a2a7c944157b5de4650af79fdb4598f664f829e4ad63da4e65a0969c42e8a69dab17e4503ac41a82890096abd633c44abb70cf357ad2a4a12a06bb38c9f82b368cb45abb7369e0d6dc2d3e9d5c29854d4aa3186a35f8b5c2e26f01a1d6dff52d6f797837ea5bfd53d5d5c254df0a9555a2a3c2a3a55e732eb3238ea073f04608286f94ebbda7ec8567663068851e0accad1b1e7d4432c9efe417ec5a4ff6aa3485fcac0fbd568b69e5627deaf5caea969a5d50b91aa0716597cd4f835e6d5cc3782045411d6d14ba8a06a5d1da72691da0288231bc55568712a3c1dd67b8ed374c94356a1528a8e2a5d78f9ad91ab79de5c549edb90192a62b0f46cc78951e1123b4da8521570d0157a8a6a173cec8579de43245db9bf3d02c2cbf71df019a0d6cc05c7c228ba4ee9ed7dd5146983875524d0557fb630fbe86b77ef5279019944beb68fab8ea48f08bbdc3870e0a51d31bba8249000c4abad9e8c7c55149c1b5f3579c60042dad041eeb4f747dfc38b5da1cdd3c163e455415495d92b6a1bccaa4bcfb96d1a7b230d22904d4aff6da71f68fdbd46b1ebdcb435de4752aa8e70e457ee3fdeaae77bf547b2da957418cca80200f1178083869aebcaaf69d53eaf5f5d7374d75c0eeb6aef159cfaaaf69d53a67c4af7b27a913d96d4e98f13734e0442ae3a29ac0778d4f8bbb8d7453564f65b5f1863fcb5c0dfe30e1bffd0123fd7f33ff006ac1f50af86516caa34a87b484d7663ad9283c8f47dee08118220198f583a28aa157aea2aaa68aa2cf67ada68a3a023729267d6614958296aaf5b2a9a939f5755c3504213da1eb06771d496a83ea675a8a153155d43a381a7aace809dcf56f37aa842f63ae519d48d3fd47d74e808eb12dea497777a93e0a741d711bf47fffc4002a100002010204050403010100000000000000011121311041516120718191f030a1b1c140d1e1f150ffda0008010100013f21fcc6892d084a768833c0df3e74a4d46adac49525fdf6123a8bd937d06df703b9209888b74f68a8aa0a95313e59928839d04f427c82e29c1f0ac1e287e92fc742558f90fa93d6a1e4a2e9d332ab996990ed33057b93a1559cd3ec8a27793e24929dfd68792cfca92bc526b35be0667f5676e36dc58814dc08fe9a49353953339d1533a13cf6cf6249c1facfd25f8ada5719aaa8b31cce6f0b7f03289378bd0749a6aaf625330945117edf236ab56bfe0e4243d00ba68a44643b2c42a269a12e8dcea525fadaabb09941bdaba6632e759d4eb9f973208daf6ff497ad999b0e0d4caf635d3d07e83f497acb8921c0da12cdb2e76de5d5932b6472f24f2f3e869b54567653bc8af155d45f109751a9d3c55890c98854a2f1f0299787449cc0c21a99254818396347509e68291c175207b03bae35041bde92ff00b210342447cdb7f8f41f02c5fa4bf0c888c6b2b2ea3352895692fd2456fbca3b5f61a1d22bc59f0827b4e2515eea25f1b59b1d881afd023af410cc154dbff5d0c84136cf9c8a368487d8a3e7bdfcb5516f484aaeaff42769bacf31f54a9909b8c83ab2499a6463c72f23da55bac0b1139335b949244a8755d969b0a616cd713e37e8be35e9a98d854e06de51e3a54ab304ef57c959576f7b35cdb6db3fefbf2a12f50d5ec4fd8dd8cf86abe2bac8e09b438c973bfb156f30a22e6ff6c488c8d1fa131af510df6afb8df2015c8be83634094a65775ec86b5acbf5f7ab3392eb57511b86a8aa5c929a0a7992d1ac989acdcc9c459ad2a8a5a39a56abcd44cca8f3a5fa7f1610b4987aa8c5ff00c36c7131bb9f628ed9081f82df98c4a01f839122e556bc728cf9596705ea39aaf5ecbc892a19d5cce5d7989e44ebe9cf7ee268339ab857f2df8a085d5f4fafec65d26663e911d488ff006a127746434f3a8829865e27f4381a6b399654d306b2d2e3abc12d4d43b5129ea43ee4eee5a2ae6bec4954d1bc6a3710af494d3a239a5b314b2b2bad3d45ebbf4593941af198f288af2fd94f332ee89aa7dbe2207ff3e3beafd973a15262515f9392d2df229aae1317dc34f91a356f669afc7b0b4a6614d2fd732249b72c14db72dd97420c5a5f24be854512b0fb1abcc2fe915a92dab1c8707c04abef47efe7d0d450892d6155d4894642b2bad88271d652dbb1c941909db7c8ae4226aa346979e283a34d10b7395d6e9d5721baf59e467b19c655434aa60bd15c6fd18f410cd952168a9330ba9fda771a44d336d259c7c2f1d58a5d826dcab7ad5e530aa4a368935ecd17865071873d39bb5394e86eec325a46bb77c94dbd31761d04dddce93bbbb267340ab764b7fd213a919a450ff772417334c76a22e5057a2f8133bb493917115f824b995156d16bccb621645921291d14125c4eb51ee49dc72ad8d3cbafc8a79537aa3c1315275e53d3de9fe0f58a224a4ac9f9fe42e0e332798f42d1b4791efdaae4f6912e2272d315c6c5f90a2df7ce8674644fc901c0d36579fdfeb98fcc4a88bf65fbe6357533d0a66f45fe6a220f447ecbcd2d2825cdcac45757d0f5b75c52b4f5922ab25d0d7c321f329ddcff006527bc06c97212930ab48bbe967a7f42f54e4891152761d684224ae8ebe7b95164be0ec5a8a56b1125b890d988de8a21f5626db6c15735dbaf675b324dde9f7f3eb9909bd250eec14dbab7eddc9558335a896ab9d2577fd895ce08d4886af5dfadf15c6ff2259b589a18226ee6ab6f82989ca14ba6be8bc88d63398653f715f49d78b57e5c55a4ad91a5972579b9caf24e9a9b84e0deef4cdecab75154f298514946feda16731073c14f7e447686556a3cfe37f9e470693e7da338eb653f3dc4ca56742ebab7919b1a4d516525921655d59a45debd3efa89d9b77d25bd97b8e59aa6d323ecfcd9cb5b3b7c9494dc9f956384950d2cbe857d3b4112438aae565634f1ef98e8ca113ce1f0af3522da428bedf697b6e414a8db43343752b3432e92b6f1fc87d488a852ee98b6daa52b62f974f881fa2fd25eb552e1d8289472a776b57b42d16704f8a07707d4fdb72c094a4b24a91e67c8b0eacba10ac9edce9b1166669350ba53469f243c2469233b34a7ddfb88e44e885fb0888f0996ae972ff09639487a5fcfd38756a523e596b9be433b05362a2ca57efa2220366aa744faf9f6262c2a52aabbdfe7a8a4ec5a92212b2f371cab94d1a6e8f85d5937a9957e9beec48952e6c95fa69a6a5f48922eea39d645b643ea0af9bd4949a0d62d6449a8ccd8fcf9627646db7ebf84515205907b42555d7e8f8f91c93b0aeb54ccd04dee92bd93ec642f433e29e05eb2a39bc949e4bb8f7505771f6e9dd0e16c4343a4ba6d491c9979959bcbe5c7f823de0952b0a17f0a7bddb5effd7db2236b751a8d9e7e5898028452392d9fdeb11146a36f45e7b216e83503ff0043fb331e1b425321b3911d9059fb4bfa1922e2a6866ecc9877be97f074a82520548a0a2db373b66fa179ed12beceb9ed41add17908ab98b2c770855ee73482074742b552c1e4fb8a929a0dd16eea37ee2668af9e6458b2b1e397a4b85faaf85d851a8ab9486eb1f65269a4768521196a1b27088eefe4425cd292a3471dc9a6db11ad45f4d5f7fb104a51284b51cb7f78113ab62fa33d6dfe922204b32ccf9c4229cd6bc9fa2bd8434ef18a5a29f00468551b34d3e08893898719f45fbc89812db19eb1a2f9ea252b5255dfc8f9165621081a20416b51246f92a7a134256b930eb664caa9336da537ff0050b2d5fb162576916b935f234b5cbd062fc27c474ca30ad953ce4315424259d8c79d0a0aee4d2ac7e7a86530119ed5898e70d756271d8912111a0fce7a8c1365c9294edee2da7946465afeba0f0896f696aff485195396c9095e96dd0965b3cdc8b0149192a2e66d25ff002e7af4439370b27b28872efc2c63d0ae650fe8b208af27f04c8564c981a71a0893c42c34b26677781e9fe86b53770d606ebf82b8d71b436d42b0920e689f209b8d732da4bb5639648aba94ebc927d590c91ee1e732851a558e8b51441347c5e8baec28153ec25925f02ad156d58f12b059935e517dadb22fdc5237cc968bf6673a77469abcbe50354dc8cf199a2bf3ea46a5d772ab170b18720db12dbb7a0adc99f33431f317b9a75fd0b72d69d06b57b5e7998afc79fe43c4b9fc8aca34ecd669b2d72e89beaa83225d2e6b9d73e63903ad27b57572c9a4cd6f3a8af7485a152f74bfafd8bc4dd6dec45ab758b48973bd9bf8b21f317e6478be5e450ea5264f034f1940e8fea42668bd1ad178a912e3558188a3bf9f05d0ca1f4110edd98ea3afbde27a88afaca83bf96f417e0be35b3b251a903ab19d974ba6ca8fd88a8d2632b325b2b4762e5e88a583f7cc6a232456655b736f506823756511b47eadcec42570ac2a556a6c250975e278188584435b1398b8ce5732a9b0f23f3ca894f45110f158bfc27c6ce256a3bcff000946add5e7febe0731e66e4fcf2a683212322b40d2f03d3d61a334bc966244d9d777fa1d025e5e6c5512ee172042e26318d4968b37aa290b5c5864c19938cacc64bc934d1aa1afa7c2ff002e00cb61bbb7dcf43411e6cdad79fb8a69b628bb1dc5aec225b56e270daa6c2dc29f71fa1aaef711238d8c7895cc93176f41af2eb06e858893428859a3fbec31d34da5b6b8b3e26ff0edd514f551f9d8433bfa8ef87c62bba8f5745a1f23d4efbbe45159b2c85a217a0de2ee2484ee2723224cb8ab412a6a541722d623e505c4782fc68cfddab527e1539992ac16c3d9114d89a190e8590ed545e56753545dfe90d5b94b1609f0ba06372b0ec5cd32408a6dfcbf61651ad0a647adbf3e85a4dd43415293c0b06e4afdc8944f346bb057c5f040b17847e0bd0a68c5690fb2f71ebc198f37c09761db6c2751dcccb43020bb5ee2ec332ac4092f94d04c91d8804741ec22b775f44f226dccd2393a899d88719b16446b5f623151cc8d7664e472c10dae2963c532f3ad1ec2e3264e0c584f03f51140a98c72afc263d8acc274114ef32470ac24e6cda43a2534f61de9234e6103862b9b1d824c5c42a50da4cbc42d541b5205483f605f334ee4140b039cf42a1984dae43d0318552645b59b678b8eabfc4269a4d9bd4ce20da228c14b640d55e0948d86b9dda0923fe03fb63237c525f077fc142821550ece536f661d3b29947284c9ed82da304dc8e5b9cd90269db43a4c1677496d61d43b2e694f4a8a56429705393311b67ede657f24d6a6d1ac88d6582d0795a2191b95999a7f973e9d098a6a59ff00049c8a178f278508c351dab727b42593b895a5ce6034c4145c8fd0927336ebf5c8a2f32db822df9cad4ad572720b9ccc5a995031b24b3a159882b0598858ee05c2c7bbfd947b0d42fd6dec3607b523deeca098888b6828a105697b09541616115cc5db4b4256845c3b8a55b2883b333201dab0b5adfb5456da594168fe47b891d259e698db916d4d52ef32c8b0f49b52ec83204a1b70f46d5217662a49c936157885513fcf7cfbb0356f362255c331e04578e4332350264a94c6acdf42f699a843d46466f2077116092d1586e38a5a1f624352631bfa8632e0528a1148ac97703aa3632410f391b93edea1b0a25d8754f3a1b0abf6f42308fc38c14853869975ae521beb83090a5e8fbe5853c2e08a94484e42078acc0bc623034260d733235cc7af484315234ed72067262d5ea9cdbf2a9650b090b45e29e191fe2c9c27bda798ac313417f88547a262aaf80c2e34ea26069c18d9d8c0b89d8ca1ccacd4068b2e692a170d91d087c8238bb93f4408b6547405e8493f9122a4122d5bfd8406d0ae5324e9d4c97e8910562539183b9d06913160c6c18952ae63093943c098a551aa5cd092a11b9dd4dc8d674507819856cbf852fbd92b3a08a551a0750b27dffc27dc10936847f42944d42b92bee396b7fa25b8e73ee2567f5dc9d098613249c09d4219035790a9ba8ea719a9246ca06850fef81733063cb551293b6c8b4c72559b64261756559adffc349444d746436ae8a650331443d5d0823745ef16f742720f8131b05648771d37c93f46b3694c9e363b8874b9b15ddec7a68d4631a781d91e588eec7075392cd31d9f7d0b4736f5297ad9bde844b82ff84b0de6c2a12f17d93fb15d578613890c86abac329589c0b110a4ec1a65423d1d5086ad3bb4327b4d0cd8364d50db1e759b094aa121b3365633347cc4975205d4ed47b8e2a5c65ea2c54267095d4ea2422ff8ae6d4f9e5042b098994c45d88b0904b9aec9805c863a0450aa21762a86cda053f5c7b9b8969a32c2d4bad8546e63ae32f763fe335c09de91a1df10747810d8509236634241cc69135cdd86dd656590eb1359257626d77704073782892a6e3ea24688e6c2c57c9ea3d0d33ab742b2507d85834d3fe2cc9d1ee90e8d3c24ad2308810edd591f3602dfef922b91ed10a28f6411551ddc914aa7950449684654dec82d0486a55df415e15c505b0f3dc744a31f9b2918d67aa737f258d01c85ff001207c32b90d0eac9ec2195f562d262120549505b12b8e8a0971f236cc6c2621245a28b7196a0b02954960efb906cde59212bc292fa24455cc81dd16d28a925ad5fe950787ec23fe324abbdc9cd747f23457b902a8e8ccc8a5cb426103c7a35132c0dc3343b12280b26152844b64252b61ea1c5327772f35d9356866236fb9b24828cd69a95555cbbe9afbec5e1d559ea5863406a3fe2c279c505265ae4ee8657bcb0b0b468b327a1a30126f033a59d1ec6c895a042bd8a488c8d95c7aec3b74ada61ae153a0b1a1e314a5b89de0be7119ee3afb0761945d11f8ab8b2e25832d84c2cbb55978b8a16e0d3b0f9ae84a39942849e91e854878899248c25210915c82449bc96a282529b46bbb7f820492a9d5136e38576e8af9490fab97e97415021d728780f022a211f8522c510410471c9a9622c128d7cf78a092d25c588b4c0ec17be47a1aa2539ce6105315d73445791164532aa43bb6af0d1c89aef80d70936d8f8f1477c3dded6d66ec8a1040922d11aa8af8c1047aeb0b7a2863c82462a7266429eeb545a4b33605d751255059167ae91154a0f9021f8064831bb9e842964f2853d1d51dff464e96a09d0a468432ea21b53b5122aefa67f47efcaae884d781e0315f8a0c8a74446f8849c0f8f32c3f4c20b817079d84c37ba18cbb1402cd8ac64980c8a5fbd29ce3dc5db89684cfe48a1aaee42bc3a2ee4ebd2b574bf62da48424a9054e05c0f01fa1719658204c843bd1e138ce2bd5b17067848e55199c08a2d1ac30538089a12b3ba592b8d9dca1b91f324ac81c8845eb2d8525305973c3908317a340d09d46d0278557042c2efc032a4a2b7a43b1a8b2a3c0205c99475d914f03cb6acb1574d45617e0281a1e02bc08b097aac5c0f063b1076a5f72e0502d35d89596464892c425a47b48e95b60dd05972cf05c39fa17e18106b1571508e2b3f069dbc9d2c678dca9ccb6e243281740ca08327949635904a305c0ede85217134460848171dc3fc05dc4987a2b4b86b7c289c84d07a11b306a9b6449bf6183504cddf8ddb056e2ca2f4245cc5eb4e0bd07846d2d3ebfd9291138e469495f22c2151f632fd8c658090b89db17c0bd2246242f5843f455f09923272c06860972230e82cac6aa2af98c6842ebe83b619f03119bf46217a77c0862f4a31c94e66d408c4a2c1ccacbaa58ba84857e376c33e1cb05e82f4d5107c08cfd4d1277c0961136280b062833171bb61931622e7a4bd078bb0abc042f51268b05851832ec74427a0ed8960c45dfc0632781f8190bd543692b90cb2a570204316424a7d17890c62c39e05eb49231ead703c24e4394e5c1027d0ccc5558eae309f41e0c431b11f2124faaf191b201c4ee478bbe0f04160410471bc1f243a2e02e3783c6124571a1398f0109249f41e1237810b14b310dde825ad691d84f162425e8490b2892c21f38d861cb2125361a10d10d297e9bc33c6d413a99ba3206355091684a209922c5e0d8c91e02324718095680290c1b8a500c2c571b704951d09083d3ec184cc93942dc5970ecc583780e6b7f52f0cf0b06a0d52ae48b7259d4717334e8a35113053249c18c918830a2cc88175a4222c984492b912779a9c89a8d254471a1126a0ea2a5a89587666453944d3914013cca44b16251c086782f41e19e0b2c3099539469c84a0548807e846b1d660a1231b1b1b1888a65281ca642a0e06c4a4858e371227850aec7a082ad25a2a091e246487473b4d59ac8739a46273c0d5057f498f0631e42252569c873cb7048518352aa4cb38791361a7b0f06c6ae14724142071410959f0f32562a5233ada8c3cac24cce44c934211290aa2af890da6a7a8b0271728b5198d5a7aee659f0bbfa4c63c5b944e99339e8412ddc0d4a2ac15331428dca231b18621446888892255971db13e6314edc6dc84e6f61fdcc6e8adc7a1ad8a633394112408568e2f4e07e9318ec64490d353399546ee70c0a8f8bbd35136c8810c63b8e3906a62fe9752f43e329eae015682642296cdb12972c4c1e289c8a12a94d0317aaf0761588c2a3ae066d5f31cfaf8e55b73e01fffda000c03010002000300000010f8efff00ff00ff00ff00fbff00ff00fdb266c94afadaad930c60d7fbff00fe5befff00ff00ff00fe5bff00fcf8fbbcb7fd3fc7efff002931feebefff007beffe5b6fff007bfa74bfdf56f7894d566dff00d8e7ff00f9efff00ff00efff00e83e86fe1afc06df8ffa57ded073367bff00ff00fbff00ff00ebff00f2f9effef9cd39740e0cadf37cd5bf6d4fff00ff00fbff00ff004f6fceff00feb397782e235d7d738c72675fa5fbff00ff00dbff00fe0c6fff00fee0d3e7c72fdfa2190a327e52e414eb7ffe7bfb8f2d7feadfa0c363c4fd9b3de0ad9b5b6bdd49ff00ff00befbefce8d3fbefa30cf5ff2fa3606d579ac7e912de67aeef3ff00ff00ff000c3ffef830ff00b1dc7ff546e6bb6315b2e75fcbfad7dff8ff00acff00ff00bd7fef85d37d7f77c6ba467cbbea3e7b3fff008c3383fdb3e72ffeb65f93afa1fbafd7fd5651bf34fa2fae7da0becfbdcb8d6fbeff007fff006f81dce3eff4f7af9558e9b2fae082ec71ef0c34f29f743f9485f4dc4fadff00efdadaebaa19e4ff00bcbcafd8f3ef7c7beeca9dfbb9dff8f7feacb1e6bab9eeb2cbeba2bae6aebdccddebda4f3ca77dc10afedbeb86d923bebb619adb618e79257dfb9af1d3dd1bdd5bc2f3ad9a3bac82bba79ecbae9efbe13af68dd6775dece3c732f365bebbe38f0be3b6fbebbefbe071bf9732e64f0577ae7e01458e5bef82f9ed9a7baa8afbeb607f6766c4da1f390f2ff1edbe5ba6bec8ef8efae7becb98a68fbe197ff7161bcf98abedbeff007482eba2bbbbef9a0ca2abbd0badf71dc75b238ac920ba61cfbe134b2b70b0c30f22d38b46fd359f14806f9eb9ecaac5bb70fad61cd20ffba9f0d3e815fbcbbbb9f9eebefb6e9f622b8d578f3cfb9eb4fb70c34fb83e78feb56be68258eaa47abd805defb6976f84fab0c35f2e50ee61082ae99efb2cba6a61cfb3ee85614f1a4a31db4ea3f0eeaa323bfddfaa274fb44dbffb4f2c526dcaebeebe49bfd7524b3a5920f6fa637b36ff007ecb37d62bc47dbbe8c39bd5d681f31e1c7cdafbdafe6bdcfeaffcde27eff7bcb5f9f873c8cfe98e5d62c670bf3db4b0c0e7428f77feee8b47b4bee5080d3fabdf30ce6027fdff008f3e7a18bdff00ff00c2080ffd73cf1ffe30c37df0e2fa38bdff00ff00bcffc4002111010002020202030101000000000000000100112131104120304051617181ffda0008010301013f10f6ae841772a332ac71b8aea2234fb2b83d40ad10bb8630116b44477a96350e860b7022925393e322fc8065aea03dc48bc982ea2f9051c41bcce86fe23aa22868ea67261f90dd9003304477f911e088a468cb3335eca9ae772a0cddb1d8b3f52c6712bea29a3710e658cb1253a96971517f51a2cdc7782385f826d08fea0341281994618a1dc0ae10ab963aa106944a16b0bea052a2cc21bdfc1dee16e4840ac52df731b305ff0008d4a351ab6ea0e51383045b6c51180113171a692641e2fb05dc4aa0c32f68d13b12dafd80230095f7112656c3810c81d477517505f2a87b4e166c62c1a1990cea3f9442fd010a81c1c8421b597041ee20dbe0aa85be2d618ff6304807fbcdf2418b32b4e08a1f457a5687ef0fe7016a9701b63517906543ecc212a0ff000e1d3137cd479bf4f5280950170448abcc31a66d324548cb413548d98d8b698515016382b98f857b1d47798aa866741aee5377d4299677399a24202c4907f2095918661890da58adc0ab7bef8dc48450627751b62c63cc42db718a9891c4e80660f51768d81b6624ccc409d7954af43c575142330dee57125448e9982e0665ae260cc5192a02a6a3bf82a86c98611d94f05105a8db1d46e7d04972d6416ccf7052590d558b6fc42a1716cb8e0a364c2d9f710dfe0218a144b9ba852861047ce3abf89d1835285c4bc4bbd92bcd9fe10bb5f915715ff61513312a59a9db0c2ae360fa6bd6689571668944b2100e495a86626ac2304c217cee017474fb4372988ecbf1166e2087426441770da54b3b8872dcc56ea3c9d12c93516b04b8fdfc3bea0d63a9a63efee233372da8532b03dacc5ba1444566d955fd8f9d2972abc823af40f5355d92c44c501db1d819b2e1346a5fa06a34ee3dcf00971f338b9bee5234c444749ac9a2dbc3e7b5cb9708b380acf826654ae1f0a9fa33a129861a87ecb47a307a4c1e1703bf14f07938273b31306042610dbea35e2bf5e2e4f4d45f7c3723ab7e1d4a894fa069b389f5e37e27275e35e0102e09829f0af323e64364a8913c2a05c1702f73981569f313a9545cbad4cb0aaf4750d904b61105a8a6e24a81702e5ed40ee170dc95123cd408730ca5cc08d3352f9af1254d134441b209a70ca9e010719d06e2de5f1165110171ce7a8b052010c56785f96d115c8a3641cdb3813a4d66ff000d23369bbc3a8c783cfb9d4efc7fffc400221101010100020203010101010100000000010011213110412040513071618191ffda0008010201013f10fea26ae487a25b90b5bd425cc81bcc04d3ec203595e0eacd77b87ec1e64190f0923abdc37a7eb078fb90801fa9521e58e80bd86163e1078670c7fe1f500eb2257ddd704bf65f44efb9777213aeed8bfc8fab58d03e9831f441bc13f433a3221ed919c595c233bb670f1018469cc30d4b907d1d06cb139a305efabf09b767220348815b0f3f93ae2472dc9ac9a47b2eb9f9f44e813f8dac88c187447809c1acbaeb20b2ae3a200b03823cc9239e03148e2ffdfa2b1c21115666bdb2e8b2d9399ea05c1d4a504000f0cf8e248efbbbb8e37a67d1ee730207a83890527859ee7fd0c81ffad8f2fbf2f53b6093c12097221f45374c30b6c9e660d62ecea0c30f2c831749131f5770e461d37e81d5e3b2c9e0b01984000b6d9172eb994e8bbc9606c86ac9f0fa18d6d578b7250358579f568f09b6391c366d2c5b0ed381c49a0724f7658189663f6e067d00e7603388ceb706adb063049faf121c5d8704003b0039903a4a9dea382df44c023b7e87fd847880e379bf59d768fdec11dc36ca6325e99076cc3a9605ea05b1d56f7f4773995c4b86490ecb90ef30d2400dbc5c3ccbac13a9ba4421cf3f47b325d921a9e78161ac03b3361e0758080b0e2d3885ed7008706c7d14d32f54b9b078609917ae4b61d50a755ebd9798788703dc34e23afa7ec482631d6463988dcb6fb949ca1228a0a43302effe5aa393edfb0619f4decf4c8386db495dc86c32072e0d94b84f0c82b072483836c0b1c9f4f98932fd11d6d37180b09cb65ea19c1926b84079edb986f633ed34e1f19f4160e7586f2770e1d238e3ea523a3254ea2e1cdee3ff0022ef98b24e76ebe091c611ebcef8dbd24f5e7e2f94f6433674dbf967c331e42416dc4e7fab3d4787e0b86c9aeb6a725cd9f01578208e3f883a3d5b92c6c3dda1771d1e0fdf2fc1f196496f67ebc2ef0419e474fe1a05930c3c5b7fb4cfe7f05e7c649e0be883cee4f97f89d4b5025c9bd17507bfe1baec787c02d936cb0e27f1c41f5df8cdc181dcf3c7cb7c6db0c790f1b2cb2cb41f0fc904c6ff00e0b9f32e7f065836c3b0f16f959659e1c483bbff0007cefcc3258f9af384f9598d441b65c96527265c816b2e95dddfc47b473cfd92f0d80c2e44debe6cb8dc910e14edcc4c6ac4b96161294435efc6c3ac7952c7b91c645a750013dc9b26c7cc7bb623ff005904c64e5d2fd3c1739f02eae6d7e038468c4eb69e3820430edbd8c0996f508231fe45d643dbd78eed9a756ff7c9dae9f13df83a7e03bfe4dd3c7af3d9e3ffc40028100101000202010304020301010000000001110021314151106171208191a1b1f030c1d1e1f1ffda0008010100013f10c5f535fe4eff00c8d02105502d86fddc39f10e3888b1522e594208c53b58d4b516d4d534294db6b2a8f4034d05a0010e63c69e31a5a0800d06220a5928b2d8ccaf8ca8190d29c2e1d2bb90ec3653b2d04104515220d1e792ae39014dc1b8a3b063ce6fbf4d844d591ee36739c3e9759583e7387a7f3ebcb0db8b7f4387d6b358188670ff002eadff0015211b95437e3172c05a50015682a75a1eacbad7386810e2a2056d1b4f0c971a1bd01a64056229350a10f6cb7452a62af155dddf7dcf770998b1dc50da906cdcdce38c5c4f55d6d241283b3b23e3219c434cb58460bb085e82e016d071040c5534005a3e5b32500e9248442d522ec542873509a48170011022a086eda2a610d2896e6236dac84de3a2623283022a4d2a046749efc2605d5dcb1d33e32b0dfa8e71d932391f1f41a17e80ef387d66ddff009cb9307afacda83e758e3b51548013680a1be5985354414d155454846a9dd94c253e5301a20a296a1b475db31a9e3504525008129a055f38806a55940842345a831ce2e80c88d5363b62a35df6fb631bc500815749c6f893653c654a50435aa34128a9753bde76ef2781a515501048e90ca89e914ef63776945d1cfce14be9b12ea5551677321922559506ab39bb4a7cce12946291a0066040749adc561d56210d49a6091e53937ac5031d14908911c20ba0438617b1739e9d56b04ab651e78f183bd625d64c09f3f472f5baf40bf190f4e1940de09f51c7f98fa72fa5439c1d401f6ae839602be015d192cc822414d2e9a9b00ec62695f54cc6334200a82051eda34562a5095b1589934b125e6cc0321145c795463d95ad81b6e27503bac8aab49252fea5c0939c5a48bbb0811e0a73b596cf2a5194b6d2115a858cdb91381458140400e58552b39b88a445d09b1dfce147cda56de3ee622c36bbd135ceb77583340d145065f6c8c411b543766b7e737bb0d1911394dd1f7d6320a012c89ae02c461be7580d7082818ab44bb4f223c758b9300ae288ca200c51dec7615285d04d374a821a9ae8bb0151128dbc27d4779cbe8e17d787a71f51a31e3387d34ff0430f1f44287272f8c57f75a811401480ab65b078d3960ce8100aa0a17118bb40e3786d5ca80a6028a54dbb5a959285096000a08af1078294297153ad18147484035b0790e263c5600805a3441555a4dfb1b9ca9a196d150507954186e653a2d2f01045b3662728ce327ab1861a96d5563b34bc6b1aab510eaaa0292bd5e79c087141604e5420b4f1ce024262bc88a40bbe045cf7945fce7a2e95e429dbd649202443e6f3cf3bc54ed54d6ff8c0aa680aabb58ceb9c3a531cff00c758dd6e2088d1dde44bc985672668c488e2b1112bcbce721ca2bde94011446d3a9c11c114aa8b55ac413a5121507600b685f44f9ff5f49de0bc60390c87d1c31d605f8faf861c7d0f1e9c329827d4f37d14c9540dbdfb1aeeb8fa30802d69a4a0aba3ee4301880ad46000c4c4d4409a1185cb18d48b39002a1e5342ae81865189312aedb41502c14aee27c8004518820d63bb7b16395e02913d40274ba411564638d4f54906815a209b50b13771731a4b9913640ed1af489c8e34c6124d800346a10a9f71cd272aaa75455852ecd45bc60c50206de56b486d583a8cc49ead851b1006883d8f1745c6d358aa15aaa5b5d35c73bab6a802f361b79e5c450bae99ddef21028072ce0f39d0e0297ab37f767580b536429a53f38ad569ecd03f7c376d0dbb680036425dceb78708cb6a1144002ab1d554bbc917d4a02b04a802a580b4441c326e9a1cf2d06a2d3115e60d22d12a81384411df094efd5432b86cfade1c38ff0003b43ea87db17af4fe70d98be32b86fd4633f1860336e82cae16506818ea50f03501d4176ec5efa91a482136ec8d0290ae1c43c1aa240100254f6d000c582bb309218e449504aa85c181b1470c0aa223354a1361bc63d75a8d4209542aecf3c72216082a2049a916f3aae37a1a4e1d072d79894048029a4d4432712a207046c3929cd6797662e5e9446da8add46e0378b93b2381d06690aaaeb92efdb2279f2a5374a04b19292baab8f512848ac8d46d526a03e7374c20a2a31125ddd3bf079c662815a04567b1f6c9d1b5d10dbb930456c3746db641e10e2f9cec400805817832a806a81e57e3102f2740737dff00e6056b8269ddf93c61852404a9e90696ddf5beae0ddb46d040560155d0e7dd768a623491511041961ae993c47a8635404abb8286b5c298f74a81915c18c52c47dc44a23e89ac0bf1fe0787387f80dabf5f2f538f538f51aff9ce0112811142820d808daf335848db41283b802918aee688882dc668db4014514100c80844c421057b0ac08f3310e48d8c9ab2ab88a2a0062029a2eb54ae668160011e025884090750c3ed81501700488c4e6435972101746880a83580e7dcd62c003e62140a2e9ed47936eb41bc2dc3822125e00c0d5ad76aa60432d5295120ac442caf1d636e64255458aad02a9aac7bcd703008148a1b21b5a6dfe0da4d01357ede03146c22d80f37b6d712ba294889cca7c7f7cea7acee288833cc381edb36b084a21b5112f083d8717e7010683a5d1d56e12a2be5d5ea1ad624365a0062a2a6881b4529a48d387ae4403e0d671438208c1234af5402f40855a82e01142e9b51898a536d42163142d1395708a8e30b3b1501211688419e12e8a643030888229554420557d68824aa2513c7a76ff03c39c3eb5ac087d6ef2b03cfa25f9c0fa0a2db4788151d4dff00dc252a1ac44a93a5130386f589a591d201a1c8148ed5e3321e4f614dc5694200a6aa2c4e7d10518d05b4f01de9b0723a54ed4ab26c6b1546b7367c818c08d2a0922094977b8158d216a61154576aaed6aaaae1c6b55255008ed16012bc21305962610f005a025d566dedd1822916a0a143826ddcf9cd655ccdee2068f7a15f9c7ca4a9100b5411604dfb73ac21185aa86a7b2aadbe5c41b4212ada6b7aec27f1e70e934a4191eb69dbbe3cebdb27e22b0bc629a54b01ed0ecc57dff862b01ee715e5abbc66068394181d4c5b955833a7c7dbc62a55b020d81f07b17fa62f5a200dc5580fb875e311b6e036b8ac6d18d13a915031aaec13000d04865a1445970ac0c248eb4b38412a883a68f11d4583522fd68653a92187049810c2ac6488c44e989dc1d11340652b4508429c4d912d640ad154d8a29468cbc62f8f44f0fd7c3387d4330dbf4adf8f41a7d6a65317f195ec0b680a0a56c0456cd0efa4824336968882c9d576762ca8b3438cdd9506c29450e80e80c1aa664a95aeeca51e60be5986677491403340bb45ba35db06f6f42aac2ac1b2112c4a1c37c83cb92214915a61602b40ad1a0904190456e70a555833977636dc536a1d183b7cb670d2cb15238a810d1daa870ee441680a1829c2ba1e3202802a1812c5200c61012b74165e02ed335b908add60b6a4e0ecf6c20a5a41e2a4554090833df184d28b343db05d080b5f0bd1744a28102804221cba505f77971fa548ec6ce87b010bda66a38272060a501c01edafeae455344ad204f19a07b22e97caef5ce50820519052ac6d8dfecc4b3c93488230a8791112910cb62c2429a0b0128b1070ca8aac11541a0628eb811a6ea94c087034954da91ba07f8f21817834134e8366a204340bf18641088ac8d08334a329b20ef625695118491868aa4b1a2e8a5762061669924891d54bc63a7dbd397d7c30e3eb19947ea087d4bd19fcfa31f54d34db175d6ee39490edbf8ed010a8a53e3374a8294ca049a8d6ee41d200b96bb4559bb1560ee06ab5376ce1766eca36e6e45eb3a7c986a8aefa8309745e89737d4a38f0517900c5e6588e05b0754640a6fb40a1a42e1950c755614b18d86a1ab2a05c347a97ad805e423a1b1ba21804498d39c1002a0115dd8f3ac178b4130a26c55151295683469e49049000ec6e554340d966052d0488e108a02ed882a9a4414e4a2164c4dd2162e85ce084111b0074e87cab685e40b4d6102d8e9d4d21d49a2e8366d1c9a51d51288316730481df06dcb1e59482d6d54e420a68e0e6ad286b68786d4e53a142cb700156022c116a4a51d5e918b8b89d12505290e6295377470d05742fdd0028bc8228e11e5842223220a8d29600e8e9a01227fa6b841482ae90007497c31049dd5422bb0dd97ce50eb5220b0abe413e57ce45b090d0d166f62bf07ac1056045e1f05ee082fbde1e4724d2a429162ad811d57aeb63bc37813ebe53fc4aebd60e01f4bac57e817cd91c44d065aa068eef26dc3912898de828422401caa82d7c5822aa84b9a28bd69cb043439a410089b4345e50b29c63484b6a3616d0e04e8756ac88809138149005122348261cde092b7652b1453558ec10f1501212149485aad0d6e8a63a78c88640134ee48761aec0705400b1026052946ec342635f10d50a1188c555a852416340d20006a20955a0edc02ea053e072851ac59a585e9def151d88b02400541510e5428850cde070280de54344e151bda8ec48c240a34c50b5d1bec506d2aa555aaa1769455ee81ac2b24258828092a0903c8b21b5a0c04436ed632c615f2f2e38364b4548f07010d58f171ee496b60928f005746ec0f185c9b5a2231d770123adeb66eaa06592ad547a45553d8df18164360929111b2a8555b0478424108083a4a44389409d6bc62d0b106bc06f407e329a68a1528cbb7ec6f19994977111dfb68909c1850c66a0a104d647a0f17bd78c06c17940e5c2920d22bbdd383796cd3f39c3fc06fe93afa5cbfc0ebe8fe31a6cce475018281aa6c58a3a41a2110bc66a8b7d4bbd91ba09f65e8744465045442406a4f6a183508a45daca5dcf2b2b8d0f8d2a104dc329400c22db4d34f8d5506c59c8d4d8ba682aeb32f428e96eb56abd789168141e263419a0400e869d522080b5190154aaed07b2edd0f0d384c5dc120a1176ea4e0ea9cbc2043190421b77500b58e68a1a00444a0ac7938004eff0234590af31564e866871715b493622bb82407917c9890a582934a0710815d2c3418d5b54290888e545a3ca901195459c053049574b6a3b1e58112e064021c83b0341d181b9308cd1ec6f418689608c5591a201be0d7fe654123e5574de39e0d6bdb2e34a08a966fbf043587c621231514e75bd38a03650544e463a90777c2f3baa9225a550560ce2f67532946d7474578d3e13107c14af9288bf26a621122202030b7982aaf157a7100a5092104d225d83142ecbe7362deec882009d886cf87cb6f8e5ff00dc38fade3eb1e7e83cff008387d2b6e8edf6c21e69387a13768023826edc7a77220bc6bd02ac5881ce8c02f011400091748216ed9d513e9a9828304809453c6c357fa2e15e4a9bc8a12f3aeed02fa65882528234a08a700f69874a28850d24e184421c1a7aca8072810519ad1a4f704bcf06ca0ada4a1dc4af057bcb8c115adcd6d54a23bb95d3c5bb1b6dd02f15e2dac2290880a42954029286d3a65586471b169620d5a241359a4ed4c3d2a0822e01ae3a01e00764505908a190c4265581628148f1ec49301a696ed12bbe5d7960cda755557755e5555576aaf7801fbc45bde0030dbcfbe20579d430384a3f8986948449753c3e358ac362853a8760360ae8dc50aa6300e061555288ee2888a732f7908768f20df33dcc882a85dc14ec7bdf3f9caff6a4885822594a27ccf18c108114146ca229d8d17a4785acd500881166e2244dc40eae0b4e10fbf93d2994fa784ce1f4a5c9f41afa15caf586fd387d2e13ba7cf3851804120db3ba01ced41c988bbecc48903b0054188746e16d4409a50c58d541963730f68de291645e0586b537719b402aca01783f407b7cb92fca54a8aca5e60437eef78f22444259b57ec577feb0f0161506d16e84e89449d93194e553440292d04047427237ede84000390204e2076623faca001481aa815002d9ab0718bf59049887b408ad8f3a4047d30e1750f136a81efe06b2fac628bd501dc057421b5cd7a0020854237214f22a37661476800790901df46b77bed700087c638fb7388644d77de3157a5fdfce4912f6ea60dc0a044a5a85244103ef70cb432e45985a7289f9f15615888a4f7e03e793144253553874d49dff00dcb7c845148dd6fc8d3251186022b477ee27b6bac43302cd8580a3c004be36eb21788802c554ba5b67fbce01ccae1e8375f43b430f1d7d37298f17d397d0f1ea35e8bf4efe61a23119a8f9de2a76c1483001c040007bf570dcbc91501724214115550da406fd306d07a29dd745de34e6c4a142b0e04aa91f278c4811662e8114077e10f6af8cb06965f06d5defdb1bcaef6214a5a22d17cd7231e454254c512301021744e383452a08aa8e9ef6aabbf6f7c68410ac356bb83cef97f0e26e314bcba200365abcba24a026b02c49dc0823164a3da2622c6e90070564d1833b92e97054ca1ba26aa0b468794af183115bb665f2eed5dc7800e4c201e66be32e2e7f38b6cfbe303edbc20e7bde97289e0f16be716c314234777b9a3df11c1712764a0f9144bf372a934aa879f078982859a1abd3ff00dc8345121ccb4e3f385b910ba0ee02780a0aeaeda1c31a96c39cb629d5f1f272386b8b768a3551ef4b7f4c56bcb867c60c4cb971c37eab97e87d47d2fa26062c3157ea2ac0900d05401e76a132efc951b348908408c7d28e4b46444948b00285459592c031e02050d02d9ec054e83ce2a3547577df3fbb90946a573b0502fbb7f180b8b6548076a780de238614c00d825dda578a9de3626683988c3cf812ff00ee00a044265e6a9b0015f8c44ab4d763851c6c80e8481ab8fdaa4a258d51742d82f00d0dc9e220802001760701deaf6856c31358954ded5ac656af0029a4a028a1200648255daa74d214e39af6f9f7c35f39fcb975ef8bd778bffb896ce716c5af3f0e6d11d700feb1002689c967fe622322148229dca16947d9f38c8956a3362ffdf9fe1c0bc85769b1d51f931d5111d2069b761ef5c69edc236222273e1c0779a81512085ed7a8ea8e7896ab4a5a88abd88fe2f9dc9af069fbe5d65c36c3d5759e597fc43ea3fe038b05c33d5a83181407ad8190346c81a0f360a00701cb312963b94409a564a82a6b874531df3c3a52015d809ffdc6a89b22be3e7c6291c60eb9398bf2cc221c800c84a54ed5d13ddc806819b73a419fbfcdc14086cf75dbf7ab8aad02a2c5009d6818af8272e3c78201404800ba870f9df971460248443408bca003da41ae4ad9230495d2a8c58726bf2a8161e1d222d722800bb08eb466e2b40b8ac201340683a30201c7a7b6279fb63edce0efb3f9cf2bd640a9adceb01579374757778fd604bd3a3913cdddecc54d598902318dea3fab91591500808a22482535e139a3826ddb103cf1ff00701e055c0f2fb7ce5a346f29a47f8de22ec2e4b62828f40bc79fc636e0066ba4117c0343df5ac1553998d1c2bc60cb9478ce38103fc67a9e97ea3e73495d9d1929a020da8000488a0ac015788d04034c004124e02692a0bd0260592a51ed7bb757e1c6410aa115f2f9fe73b77bdbdfc19a232f6f15f1f6c420902ad6addaf877813040023ce8f6f872289a1535a5dff4c338e5146d5ea1346f477ac9053380aad402f21b9ae5d7c2850a50884200700143cd5ec87e4300748342a6d1454d51c82e126da56a95a8f42db0e3ef84210340713223e7d3fb737c79c4cad4c357ce0290abff0031a16f984e7d8c34475ba15ebe6e03757a2415d5f329cfdb1118e6045138425a246338b758aa2145e63eff00c614b04091de504babc2f64eff003ce2bf2d10050a597b94c0c37ed88a85d2a0d2410ddc11df9fa2919e8aa87d74fa4e3e8be8efe97121bef184ce342884b2c128a519c2e5fe185b201b60d81aa9b54db922ddd4da1b0f34fdfef15183a774e0f13a973433cb6dd7dbf396c140ebb9e7db465d2b02abe34ff3885334a81ec48616920d1405e8e6a1cc3f8ae50555b4ee4e79810fc623256415109143dc60bd5f240fab155d0205390297cf18f095d50418553db46bdceb0cc1a3eedf2fbb813d0d7b9e8f8f6c5262eaeff9cede7db10b3f5f7c446a2435e5fe98227b4d01fa989a940d88e83846f3ff00cc4690d6236ad5f919de9c17d1389139eb1f06debc9ade22018825e35c9fef1184d2a69e6def11596407802f4ea9f1c75ac55fc451505461457c1f4c39c393e823c7d1b21f9f4ae4f53fc8ef149afe213735420adb38f6e1dba100aa4580b080cd1be7c0354725da7ef060969abf3be30216bcbe0f7f8cb04045d0710ffde262ace2904eb60bf8c1390033fdfdb1104ec2711ee4fc7fbc04dbb7d3ba7c6144d921895b9ae53beb9da82c3c050841068094005077796b53e01429c81347dbf9ae1a307ff72f8f4baf6c5fc629bdebe736075c62ab1df792f247fdfe31903b5d9c5fc77f6c65463289cfb33bb8ed523360d9ab466e730cdb005a212dd6c38b03206622ac151db2d9f3820a9b9ceb8c1a20f27dff00394eed3b2befaef18f15a2a0d50566814dfbf9de353242026860a4e523ad78c427d0b05ce589b30d6ce7152fa3c63cfd0e1afadfac97b502816b9bb5350b4a0d502a400103460a44b06d5e76bce0194068bc5f21ec616159403dab341cbfdf38c40c393469f89cef0bb2b158bfcfef14465d3244e27e79c10176f2083feb4625a0af0005f9f180c4a020a02a8157415b5c6a1a62ec19206a084065555d1743dcac61183ab6ee27480ec71908e938c0e307e170f39758b3036503cf83bc314f6fce3c2195c068e5b0d2646158a0525f268aeb6e4125a409c495576f338ef0992769bf03b03c93fe94671550ea2126956b3daf18f09de5c131a91d806d3677ade08405b1674ca4f966404a89167082837c9c629e68f2624e383ecf9c1225679e77d5c24b5b814948a6e289afb6022d839360ba2ddb4778e474e5cf9c50ae2af3f8c146e2d69ce09c109ebb30e723f6c34f572cca7abacb8ef13d7f9cd67c60e3fc8a0d092c011d6f5a612700a8aed4bb578ab7fa62110157458abc4f3bbfc6204428258abc4e549b3aef7888ad0b17c33f94dcc1a3f106979e701454bdbbd05e5f380e695d11dfe2630094e878272f451bbcaad00bb041e95f9eae034a23bb4a49c7e30fa36110276270884474e2a92a38376c4420c42a26b8b552924aa53b689504234673c4cb7b9adffdcac5c860186556079c96c00ab0b957dc150ed81ce3eb2805aa0d14d804af97da0e7e082ac155dabcb57ff72a3b1daa97e3e3db1caa9d0d59e6a1aef16ad742051d33fee3e8422aa022b55e5def6bd7b64e0b160a4bb1e047b3c6140dee2aa4e1575389c61920234eeb4d6a2d67e73cb4af071ace552c66dc4d114076f4e16144e4a82a86fc0e19040410a23a4e81f9c51178c112fa703e72fe72fe70fde21cef00f0ef39c50c136f78b32bc7d1cbd0cbebc18bbcfe7d2e5f46e4082a0aad5e20b8f803730f19d168e349c93df20a7489c2fb0f209ca6e68e5c53ecc00d1ba43c0ee626d4428361cd3a9bc08d5856a068d8ddf3c1bf9378d4c1484168c2eb9b91104f2f06af1c287465fc5f222ac2d4e28f5ff71046974c140da5e787478f6c1d6ca47345a3d002085116c43028e812aed82269d7c7bb854da8a4c4622bd089bf7de355330889208dd35d2f9f8ca94a0059b93bff00b8ef5f7c0ca70618d00314fbd174758c805ae45a8a5dcf0fb616b59aad43883d77c1ed6e5229184e07a0ebf183569551915ac76cd3ce59bc442282a560d61d6142d54102f4281bbdcc28b4a046ec4d4ed0e9de141a8dd4d7529ddc91e6855517863bdedde1344413cc4449adf0efed9220e1763d64534706e78cd4024e4fbe4db83a0113012d1ad479260c711b92a8649d09bff7824f6c146dd60255c2747adf1cfa5f1ce066f9c36af1e3d11c3e9739c32e4c98f18fbfd28e32af65ef33ebc82da6c418c89f59ca455814e2c4a1ac681c580120b16055f38228a68da0c5decb3570c0a6841144f84df1e72439c208ad66c8cebbf9c60b41440f2d568a4eb1241092d459db565a68c50acaba13c7b3f8de131801680a0b6733f8c06dd4ea14dacd12e931aab52a420a6223b12dd9de0dfe8fac541785159c7237b08f810a4a2bb6853b7489a709dc0c1dcf7c1a427c622a78c41941151dd9af6d64b1a30d07080ba9cef8ed75838ad263c76914a1976957d96f8a055622845540efabf18eaa9aed1d1f7fbe53f320db1143b052f153b18a88d5168a011c17c3bdf0754002a40dad8d21e75cef7e4f42815a115e1f675d4c2211917a56735e22620785a8304879e0485fe724a40163edfd70228442c981c12cb5a1f6e5c460a221088a03d141b23bde04108801b8d4bae012cf18177bfbe27672b9c67b67b7d16e0bd397df3ae735f43e970707d5d7c7afb7ac1d622a1522a8060f86033dcc4a422823e44a3f2db9568d271e799f6c24c62c6b2076b8fd96c50650043a0a9b2de345c4aea440423c06fdcffdc682432d565f6957fee026bd4088c206995d575c6f12c011d3100560a0b1001b3466da66aa84d808a06335da22aa92ca24802955b4014e197069b802021d8c49c9c370c30002881b95450be5f39580374f9ef01186a991a9a450e1d8d9db71edd422a53612209a5a6ae1296053b8104175a5e3ce1488a2d444440b48822ee745d9194aa14ac5339ae5cb4534b12b8544100083a08eb6e048399a801028d0b56dd0ba8b7730c44a16974e55ddb79de046869804a1edf6ef0048d200a5a127c61118046c34a217e2f58b2754a1ef75dfbe3f441a0a764a7c97ac86c901c886c3a52d9e05eb08e50ed5001b1aa945b5e65d64220a80745517e10ca8270eccafafb67b65fa3df017791e73785cb9cff8927c64bac4f52fd1dd5435efd9741dbce2d73605449684ea2bf9c1949b229c2ef122bc3621aeb18e82d4b2881bf241f8c39662ac935403821fbc3a0c3634efb671ce38213626a68d7bf7824344a314203488d295f7f384ec2a54418a0bee0d19cf898d4196c01b25755500f7f3810a281213739fbe0821c1e7bc17f93e7c67532a90dee182c588880f76cfce121ab061366f827db1c69616377ff3f39a11450152c6ab79dffee019d52d02536486fc7b17028e6d4210a4bc8703ac2accd576a3ecf5c75839241ab7bf6c64560e9566e716f3d6289100ada4341bf1f384a686435dba9e75de24df822c0bdf9311e012523a175c01ad61a8aaa32d40c06caa0937cf58b1501bcc8441e628f3803b02be1113fde6b5421ba4a189d3bc338ce3d3dbd01759591f18265fc610359758cbc61eb7d1729f7ce37f5be32b26b37a5b3177447911044d88260be086d61502957704f05ef11dabb386614d5a0462cd139e0cd3b9d4d002a96941e70944e1027273922045e0bc7ceb5844f7758e8d277ac002279bfc6b8c280001350d60038d79c41afc18bb9f8ca79c159da7590b0e4d077674fdf143b8a24cb113fbfef10fcdae2061c78c304015feef001742089543db229d85bdfce6c401b9374ac8fbf397bb89436d6b9e35cde30fd06bbec85f0803edbc3df1412215e394296f8fccc241208d1416bee27f66042a46530b181d404d6ef2f58c4276015d6ab57f7840af00df897206ac75e741ce7b9bc3ff00bea21d5301c4c23e9aca1ce4e2139de5f7faf57dfd38fab97dbd6629c38e79190058480d02887110e9c25680a3910a4273aef03e1209050b4dca82c9cef0137668ac77d7cf191d299ac91045bbbe660269f375dfb620ff00dc32fe314db69e32de7fa61a367ff31d9bc450683cf0cf378990178481edff0098a35c9a4ecc17ac406b9758459cf33bfb627366c24ff6e3051013977fac3361164d35b77cf5722c22273b6ee6fcf3943e0a90027e65531ad80fb50a1ef6924f99b31014141082db3a9a9f0f9c72ed00423b0380349f3bc687937eeddfef0abc886391754d742bf6c80034100f04d67f5c938fbe5f19fc7787b7193aeb0a6fac176629266fbf5de7be53298b9bc5cb3e729339cb1c3dbd575879ebd2e3a31f7e7117c922a9401caa32624e386a22344f8713ed4f51c602a44e92eb8def01911310a3a8d9a26b3723190e7e6feb11a1078e1ff5c6483c0f270dc215564fb62129c39d6b8f1de690383838f8c45149761e33a0eface1c17df0948ee407af1f6c443a25126f8bbc4a9d8ece77f3ef9b8bbe6e24e181d4c4305a9f7c63aa5a9c0f7f830e598561c86e33dcc71a229ed59a4c4e52369c3cf67539d64f30a446819439418538b8a3b20bc80a439acd8790c68f24154b220271135f6f1967826c0904a9c0efacd9200155400f2b88c874422dd51c94d03ef720bef806f2f33d3f8cbf8ef216183b8f1d62172657438ceb9cb49de68d3ce5fa2f9c9ac5d4ef05e1cd7df1c3597c65d62fe30f3833e32e372f9c4f12d04156478d6d97b3d3ab0da2821c5901704f4e1d0dd111a0106fb4c0ce886bba39ad0239e56148509a4f3bc60733551aff0066f2488c3c7b78c44eb5cf8c04da7b0eb363d8efdb2dfd27f7e3010a3135fdfce44179e3ef880ab90891504e8b758916e8c1ba2ac7f3c7fac8ba0f7828c4fb51fce083c4e7fbce5ca3ef0ece70c4b29b4f7c15548048688bc9d600a50250369d1c63c5801d5b19e2cc0c620cde0056924d3e31b46f105377bc0aa73af6c3283414a3230e292fefac4de0b54dd4a86a204578df7a6043689196007078b82879d43807cce17ddc374ef3bf7f382f59cf0e0f8c0afb77881de48530479c6644c388f38139e7141d738bbcb97e8bf9ca3ac3d2e73838bde7be5cae5cb8cc404b4f9048d1d61ad926a058849c09b3ce181642d6e552b628a3d6cf1516450e8151978423ed9bc0d080723232742388aa58f06bd94fbe259343ef31d35a9adf389b7c7586f7bb8deb3053734bbf6c4a30b12115608212f9c077300a0e4118cf18f8e928097ec79c1c848a706f0cba3dd878c0f38aa392f501d7018d6dea20894585e3dfddfb3028fb718fb8ea2575f9fc63b45c4da725e4fce33116157424efe4ae1808ece86b5f331059a7802869d0f7c7581f2b80d35051f315f3ac2da2d9a41052976a82b6474e02a84558150a2bd73afb7df0a390d3b1609e5561e26b8c013b5ab343fbd1aeb036976f79c35a7cf1de1d79cdb86fed86ddfdf144c4d5c1d5c3583e78cb8538caacce32ccbdfa71e963ebbf5beafa7bfa6f2cc33540259444971b2033eeacaf31e65c5cfe2689c89d88c44d8826ccb1eaefd989c269041d258d30b0488a3b8bc9cf02a614dab4fef3f396ee0c62529fd31ddbc9497f9c3b34d9b2dc0068c3ee240a23e70d6e0a812bba257e4bce3c628e21baba825d3f270b9b696d3229b606e7380fb8a15b75d6f448fc65630b208a4dd6544a43273900042077ff003db1a689d8714cda6c0ef4538fb6f04a221d8bbe3584d0c5a452fdde26f182340438d179f93111a0d50ac37fcc76e1ae0ed0176819ced72fb18095000458153a8cfb6b9c013b2d0341743d0758d141f002b0007b82573cc2129e78fb60ebe30351e7bc23c66fdf0ae467bf7840bde2ae70ef3dff005e9ace32cc5ebd4f39717d2cd06b04fb7afb6383f6f47cf795e72e5cb9739274931819001b1111be837ee38b4f6a5f7c6c7a762723d23d2632140451434bd21d5f18123c424dad84fc78c0d42444ada4d17e7070a6fa38bfef78a44fc62e3ce253df02b54e11e30fb12443a2f21e6393f08322036f23e59c61c40247864e38c17021f8fcf8c10d0eb82bae38c25ab3c26b88197490e93b49d9ddf6c034ea451015afc889bc18540d0419ae3f2f19bc6446119e2878d78f182842a681caef578f1f8b8ffd57e860a8f00aa3c6f7804650c1a4488754e4cae8025270597ec1de035400b1a0b5241d2df6b8b6dd974fdb0e275cbfeb0dea6b9c0bacf678f4bd61397143832d6e0eb2257087a7b619bcbf9cbf9cbe3d2e7f19707583f8cb71fde7f383f9c5ddef17b39c8e5cf8f435f184120a0bcdcaefb54fb63416a1dbe4e9fc65bec1958429b3e701b34c9b6eaf0e44159f3fdbed8b50df28a9af1ae70748d0351bbc0d4efb329f6f1c620aaebb578c1c626208a71cf8f8c3a916a8ff00ee4942e04011e2ede31d0a0515443ef6f2e06b00bb400d73bbcbc62f2779b6e80e5700be8a741e452c0df1bf9de0b8c24515ad7c7f3864203670ef7ad715ff00ee02d757a9a4deaef4eac3c60e48020ad6c21b65bfddaaba14643653ba22913e7130284c68328efc8344e79c0977006a9808d5dad32bb8e8cac02b095dbf7c2396102b584017ccc344ebce06b8d6732e4e938c2f79f3e7ac98e75ae737c9ce573e338c9f8cbd75972fe72fe7d2f8e72f8cbf8c3f5e8eb3e78f4b87ef1fa2e7c719fc6241282e8e515f29ac20bc3a7ae64fde53f38836fd8378028414a7bd2bae2cc40ac7983b3e3c3bc5b1d57c71defe3090bb05ddfdeb185e205a27c6e3c5f9c9f6dd22319cf3cf060a8efcabc9d96ba7185a56d775bd937c7061620c88d3d951df38503517624ef46b041995a48d7123e38c0c2e04573769ad7099b725ab2878177346060000ea0710cde155b4b10e38eb9c652a0c80447ad1fe9c02216d01baf3efc738eb2e06902081d889a3d8dedc4da83b630a8df86f27e66420541a10dd3da2aecf265161caa23a0537522bc538cb2282d0790352fcd6e048891e3cf9cd8271bc29a6473f8c13bcfe33e7938cbd77d63fbcf6ef2df9cbe33e33e32e7f181acbf9cbf9cf8f4b97f1834f6cfe32fe32f9c1f39aef0fde39fce7f3e9f19f19fc61748856ab1400aa82077c7781b843505144ef638dd8bc317f87ee641179eb1a002b20df879c45e4b47c9fd3044169452eb8ebf13020a201ae67f5c950618b660002bf38526a28b1e75f7fbe268083410d95d71c45c4c52871fef04405271e75811a1a4055c5875d8724fe0f9702a81363ad7e7bcb41d3a876be13115a2b7b75d6b512b2fe3042ca6ed1949f85fcb9a6725e0778a3e5884eabe303f3ad2510afa4799d3851134e54592323b0de3a4804450ec1bc54103e1c632ad05a748275204d3cf780de85a1eaf58200e4e1d606e8a79f0e5a7b747be119bd7586b6e706df8f4321f7cfe72df9cf8cf8cfd64f186cfa2e5cb78c170e2feb2fe30f38be97ce1c62ef2f59bce7d67e327df361cc3404693f2253c04eb0004a1a0733cfd9de16c0bd1fd31eb9c68f47fd722751859c226fe3db133511d5e8bfb1f6f9c52f2a11a1e76f7ce4c9bb774ef8e72d21b4d2ba9eff00ac091ce6ca1f3ce36d80a0142d6e93edce15527600b37be3c7ce2812c2a812780e938c2876a40154e1ef6e294b80462072efbdeff186947252af1cabbbcb7108aa4ee88f897b7fe62a5e553841877fde7f0beceb6a3bd8dd00daf41e52843a28aa548005e0193a0d6088a80569a086be31d64015382775fbff0079c946a4c4d5397406c1d05b58af7aca7264deb9087e3ce285e0b5793c99157626e65947475de1c5ea60eb9fb60f3facfe30f7c3e72be93aef3e3d0e3c67f197d2e7b7a5fd6098260e5f383dfeb3dfd38ce0f7fa35e9cf18137967c630f1755d5645334231fb3d61c7a36112c44e9b4fb66daa52934ef4fb70e3660d9ced3cf426bed949016689ec5ecb7e3e30556340057bbf37571003e23bdb3c7673ce403526e8f8feeb1c23c544bcfcf780b611a6dfe9ce0004838001cd9f6723bde73c14f1f18a13190757fe75965020812a6f52e3540a575ef7b6738565548b69d6ef9f7c93ce00553c03555206876ba172319809a5c438dae95d55f1010224126947233686df930bb3b1b4e0d6cf3f8c0a65f61704efc81cace853bb74aaad554cdaaaaf9c6985035360fbbd08cc40a829366869c8fb9afb3906988f0f3310a1c630a17e30bcb707ff009829ef9e3ce07e71d6b3dbf797aef39ce739f47d2f59e432b7c65c1bf6cacb8b54cae19f19665cfd31f19ed80bf180f899039ce50278f3975f18a0ab039c6485387dcffdc5acf112de883c004782f235310c284444d23d89bb8e8a59d7b4e99ef3f4e028e802add5d5fde3280c48f21cf9c95704162780f71ba7af8c61010d547f13ac877e3b3fbf7c83a3cfc6b00e5ff9913dfc71899cef0669ca4b5e40f3f3fef1cc6a9006eb8e7af9c11471681954f41af3741b86097ba6a2a47976080f0873558ad2902daa81f2ba982983331b5edaf724f80c299401562c7caaf5f2f028d99126ebb00f60613ddef127cf6dadb7fde03b3bef034b6ca1dbc57de6b059506a1d9de708d12994b3a1fd6073cbde336671d2e1ae7be32e6f8cf6c38f6ce739e7d3dfd12b72bf6cddd66b9cbdf197ed851be711b7bc5dd37ed8adff005814e304f065f93224b813cb90e8ce322f392f58137c4cb2aea5c7314ece1114de2138fb64b40cace372fb04df4e4d4282522c7a4793e1839c5e552f4ca5f7b8c074014bd6a34ea7180da6d05ecf87ed263c2c24dff11ee1e7af8c3251a887071c5e3ab8e0a91f8fce4d082f179c400a2709cdf6ff00e64cb4938967ce18d504d80feb9e5c00a25f0251ec138f1863eca901bcafce8256802a6347580107b9da05d159cb5a8e20027747735d4a4c19eb19d8d43e348baf05c3f6e2f000abe580baf194bf4282dc85814b3843db0818f077fdf6c3fd988793782fd4982766fbc74da450e8e3146f499a621885c470669c651a9f7c9e7eafe7d3797cf18379d18be715f87397f39adbce1c7be002ba70d826573e3e80cf9ce58b59491a0e5edc0102381937738c17c311b4479112dc8642a85d230f00f08f088691c22309153b751f9eb031f75ea1363ec34fb617601233f9c4a0d2717f13e722406d1e93658f224bc4d71de1506f45171bdac43c8df630402b20a15bc8f2efc6188c0d056dbaa75cf18ad14ba2bc071207777e705b7909a58d828aeb9ffd8f97c95e25ed95f81f7c0810b4eae3b39296555f7c7446247c4682b287be11618565594090bc7788f2faee88210770036f37ce6f43ca91a4810915d724e96108ae82af3ffdc783c9175d7b6064f381800bc38345963835ef9f93264de4f193a38c9f8cd99856a4e8395f05c4d00de12c3e7bc4eac7c386fd4572bf6f7c58ef8cbe78ca779f3e70fde03a76f184f73df8c4bc72f2e3a1ee4726f264fc64c0fa3867e4db3007a39e663ac6e545d522276274ff00a3043bad085465a3d89fda39038353b2a22b78527df00c6d05f0be67fee145798ec26b7a5ea5c36205aa49affbae70b734dc62de769ef78c55b06c1cd1cc04193acb48d080036dd3793071e9d8ccb2eaf3ed81aa522ac16cf372f07165bdeff5bebdcc5278540286af1be7ce1021d15bd4e7efc5301b2cc118c4b7c8bf0382e5e2d449b04688ecd86c8c701770f010000340004302078517047d8030c0ff00cc0ce3c5de512f639a606fd278c8fa4fc6042e059af403c17fdb8849c18a3764e33be75d3b3120d8d05d2fce705711e72f9e3c65f7d75841edd62f9fdef077bca5873e72813bedc05f9c8f073de2d278713264f4fe3e8e3821eff471f2c4d98a0f125e93c2771dff005c726ee404624277b0f91cd06142874e850bab9b15a24061bf8f9c84018258eb7aee7f38f842b402827e3e3282b4db4550e74ca75fdb91128037361cc17c5ff7e3144030a00afe26e578c48025c00aacd77af18f10066eba4ef9f1e3e305868215294b67cdc210106d3801efefde4697c36521177a035e6e440d2aac055dabae5778c36f13bcb0fbd9aebac0daf4cc9f8c09ce7ce270ef382f31cd9ce590eb38cbe303d1c834ba3e3bc49f1feb23b5e57bc6b92fce0cdedda3885b13c6046e3a7b1f1ee621dd1c3cfeb3670f3d60eb7c65e2b814071e7c671a3f3804f7c11f7f392eb23eff00f0ad4c0fa1e5ce660b3db730eb42c1f0bc0bfc628c4a8445169af25ebdb342f776aba79fb58f3895721642d3e3cebac8162567993cf4cecff7881552edd6e873c6a2dfb5f38186b482cbc5e6f383a8144053578192134e4c5699485884f6dd3f8c2400a1a0177bdf1bf392e0608ac4f7a75de1425129518a275b458f20e45be5afce40df1f38a83cf2f8ef0003af183bf43d1e3381e766387299d69c5de9c3e7033571dd7604fbf2ff00ac0bbebab88469f6c57cf9ca12e349dbc7730b7adbdf782682cfbe0b6bc78c5d5c14df3e302a072feb0010efbf403a303732758d37d8eb0d8277fe055338675ebcb0ecc182afd60a4472b00301fb8864d1aa796c6f0ef71c053505d13821ff003fbce12034ad5fae9d759ace5a1586ba0eae58a2a88ab66f5ae6738068d78ba3e7bc13b4134868e12fe7ac71103b6f0379f9524ff9881d2252cacdfb6d9b98fa888a45200b57406bcdc7084ac015f8c4424620f47467be0ef38c3d1358f0f239ed93f38ba87385fbe0bce5cf2e1b2ab55661ace313ef88620ffb8b3edbcdbff98aa5efc7182c576e25806bd78c110e5e5c235813581d67b7a38ac78d7a532e5f573bc38fa1de708e3bc78cbbc1dfba887d8a3f6c5402ac34dd6b62cea2f184b3169a12ebb9e2b8ad5d3a290f3fa31623048974125e38f9c9400d5aa4df5be7871691b5349e7a7e48e00904def45653538c426ab18321d75758f708d644adbcd4bbe87db1326b2c0ef6bedd1f770801a0cef07a1ea3d7a3c4c0ef397d55139487ce00299bc727ef1324d4bf394a6f78edc60f52b334e36bb720df2f2f8f6c1e3bc030327e335de75fef1efc628cf27a3df0f4b971c39d619fc7d0ecfe30691e4c745c3d7e40888bf6b8c2ba95a40c4f9a38041dd9cfee97839c1442bb47673cff00ac4018562cac6f3e4e70f6d07948c3adf0f5fbc16c020a46a9ed391310004536585bafb06f8f7c612509b42bbd4f7c984a54dec000f8003ed7bc7004bc1ce22a5b35f8eb0fdf8c085edf5303c60d8c4fc62a2e6bbc7781e86f1ec77ca7f19e59ef9e53ef9f1931312989bc28f7f1fac74173c87fbc1b357bc0de078c9f8cfe313f181adf18fbe2c4670e3b2faafe717396b2d29830fa9d2266c80edc08078c095882bd16fc68bef84001ae5f1dc4dca62ba06dd9c3ae67b7ce380e0b245bf6eb5de01c041bf31d8f2f78a0803b284af3df7e3006852e9237efdf3de45754e0c6e8f79fe9e73dde8503c08bf3d648c179e735d73e93030f43b87130ece8ce1e87a7ed8c5fb01fef0e7fd60f7879f4f8e3206fac7c75e804bc1cfbb857583a0c09c7df39f4fe31e33e78cbe712f38e8bc9a71e7df1717f39deb9c273800d61c6b0cfe3e94d6f0b579ebd201db37510457c0937e71c1014d28efdbf9c38f2463bdbabafbf9c08000a31741cae0840c47df5a25f6e70de48ec5e03cf9b8e11a0340df9d182e01b33c8d97b021f07a2d295e8f7c60bb2b57df0d66face0f7cfe73e3d3bce4cefdb3846387a72ce172aa3caafdbfa61fbc13f387b7a7c67c7193f1899001d1ccc1ac37f3933ad673967c65c5c72f4fdb1ed1f93062fe71c0f42d87be70c3ea71247bc31b9d29ba2113ed430104481a26c7b13d9d6305005f3bdfcf5c64c217b9aa5fd60141af3e5ff00ee0d01ad5f7c0af58c9aba43eceff18bbc58671790fe710f9cdb4d83cf9c35ce5a64cef2e779c9872f8c581e9d63fac0c5cbe738db0483db9c39de5c38c1f1f7c327e33f8cd60eb03f381ad7a73c65fc62ebdb1663a37c66cb738de3a3de3f1831cf670f6f43b278ae1f5df38f8c3c78f4399be8e01d6fee7f77805bcf9166fe3013881805e37e706805780c20e0397b5ed71615c91ae561f38000f39740daff00180098ee64d607e7d03d3930edc715e133f8c35bc58b7be71467a1fe30d13075ef83cceb04e9c1fc61bc3cfa89f6c3e8b778bde5f38b4b961ce5f38b696bb3e71c1f218f8cdf18670c55bd1861f45f472a6dcf0fa1a3d907c3d389d13628fc8c4c471dfe708978c9f7a9bf63c60d2e29bc36aec34621177bd1ef8d2bcb80fdb038c9a99326fd793d0d778a838eae2fdfa1a11cb0fde538e660f5fbc1ff00ee0ffc70693bcb4f1eb703aeb3dbd79df8cbab8bbfce2efbc7907e32f8c586b9eb061fcb9467314c9bc9e8436c3b57e8fe71fa261ad75d3878f18e010aaa0106466afbe0c2c2723a7fe38a0c8dd9bd77bce4a9bc10ff0058dc1cb8051e397128d0706007183c65cbacd7af79c33abface58f4e2c5bce4639f243f6670f67872dd1f672d277824dfe712f397bc2b83ab9ac3f59ed9ce3ff00cc5fce2cde2dd9c9d62c68e2978df79a1a1ff9952dd79c44975de13f0dff005feb177e8e700f7f4a316797c39f3df14ffb81e6ff005817a6fdb04f27db00f666baf497263d7cfa3bc40676083dcc0d8e3a17f59b0fd8f8c101c1b7fd610d1e805993352622ebac0f5e07ce39cbdfc668df39a183673bc7b26ee2d6f11fce76bc7b6151e0eb28ff00cfbe0de5ef9c1c134e0f7707de3973acf9e317ce2e2f18a9fc62dd0ef1f9c40b39fd6079df7f380a58bcb82817961e5d382004429f7eb117db0dfc63d19b03c18fbe33858e22f788f3ce2f7ce11f39264e00ce10f4b92e5c50e50c43226fbc32dbb6f3f188d455d06146f6ed7df0b80f5833ed90fa7a639cbdf0d23de3aa15741e5c48574efed724019ec348b7e7df001deba5d4d61c1ebbc0671edee71807b26b0506fb186879e9c1bcf386b9e714b97f197f18b8bf6c5cae2f9c7003b41f6c138e7c718525dde799ac4981dc5d31f18f50a3c709e7df1aa0004b61abfa7bc568f1701c1a862955f8c4bc7db11e5c873ce04f9f598b38f450c0251ca69100f57aae21a1a3c7be2d193360adf9c2d7a6ad4fc64494085953aebaca01af7cdab55e03c7fac64d0f00701e30d7ce060607e3e9de19c8c7f78fe59e70d0f6c3803e7f39609c779f2005ea165fde082b07479be2183188f056f3347785152270575ef82a5a2e85ddf0fe33dcdf37025b5358282e9eb10fce0eb3df17e314e793acfc098bb5af531e4f66bff991a709d6bcff00ee19cb1ed7fbd61151d853cbf698dc93d05e75bfcbfc61e214dc0ade47af9e3db1269768c2b56c795cd1e9d034ef93cef1c6a02fccd9f670ef38f77acb4c0c1f4df431797c63c154a030b123e79c670f181576049b2e90f93c2395c28223b11b11c2bf2041f10f866e3ed8b59ce0179f94d63001b5e0ebe5f6c15f3ddf7eb0231d21bc392618187a77e8f2fd071fcbd28bb3dfef8910f1fce323c5de14e79a4db63300350c26e0c7f56e4cf2aa24aea2ebbc09105434e9bcdc18210d2789e3e3f8c042c4637afefbe5038178f16e552b2ee78c03c3f0f8f42cdfeb176f18bf188bb75820ef7e7a987a28721eee070b1eff0038050a3aef150553ae63be3fe63861e6ef5eecde100886d4dbe898a81577ee60715ac3e7c07c23903469ccfbff00dcdc2ea4c00df269f9c01f45cb8a76cc115606320c3cb9b8a1cf017dbd8c24456044122c6986fccc0458a0a449b88fce58bd042a40a82c5039c4885d3b3fdfa2091d784e4ca0a0af65fe99019ed70469c3cfce1c0c307d276fd05c5e1fbcbd6345ccc675364d6423e39fc6303cd1279d625c600826d91bf1bc2e356e262a4224e31f4ad54975dcc68509c895fc73828022f03a6794ff0078685978debe32ddf3b3c61ee3175e321ff321f7c60f2728604963fabde2d0bbe465f6d64123b9bee15ff98ea5ca914bbbc1dfbdcd5089cfc79fbe072d002fd1089097e2f5fbc0a3a0e6eb584d46f0621074e93dfa700e5f55302a07cb32c8051e159fa97201e1d872afb18a10f016af1cbdfc18c06b45d7bfb612431376c3fb71f45842776733daf58d778508c4b0e0a64a2381e28693d937842f7d9e1f54a8f8c061feb8123b1de1867be5e5cbbb95cedc9f40ff0018a21d3ac1443102e08dfb4c07a8967cc3ed8052f219cf5bc84d001cc45d7c60102013d090147010e1de8d3ece1e644a346def5ce8dd30085a3363d7cffbc321bb2cef34f07eee3e7f58bbbd64b78a2ad3143d9209d6a609a6dad52795f6d7f7586e96b501056bc757db036c6d10625efce0ec34053f8fa42c1b857be181398c4e367eee36ba8023750c40d6e37041387c3aca9f1926d75e71b44a39921f2f07df13f228311a73bc4b24115ac83afde2ec8f95d9af7be7db05995e577cc3c4ef59de9b3af79bc4ca9c7f18348459b0bdf8c61548113ecfbeb5968eca09240926e7877e337cc7f0d5175a8a9f7cb27a74fb787e8d9f18604ef9f9f4173bf40ef27d2e5338e2093f19188fdb055b262ff1843a0ee6ef47ebdf179b3b2ebb9c73ef4c2d18aafe5fa0904a38cbd76d039c54890c2fbd75cdebbca8448b15d1f7f8fef38af059ab5c5b9de305f3ce4365f739d6282f5c3e39ef7ef8081a26ed3aeb0d80a6d5bc781dfc3f6c0774668069627befac7929088d84efdfea4111e1cd226c693c3808d28b9c24537e70024a35e1c3a0237dcff589500ba5b5ed96773fbdb88aab1485aee71d65bb6e1af7d7fcc413d140b1d7df156d2d55e55bcdf777861b3a98036c1c1ed942a5750fbe1b82ab64d7e3bc0069aab6bff76605769efb3729ff0099207928fcf9c481e4f3f4012387c607f84b390eb060ba03109cfc64b794a7cf27ecc58a8a0a6c3e7bc7abd946c369aef6e335e6d4fbfd2080a3d386e1bb79c76079c694a0ab5bc737fe38022979ddfd4fefda639b39c4c7fbde34af6c50d7b66b3d8bf7c961a579f8c946c0bc0ef73fc1a8f7ff006c0683b66839cdf3848e26e9bbfb98651c126718355f2386fb156ae078c85f400a64d639676e02c3bc09d72670f41e735499b19edeaf3fe2b9c99cc7be201f97f9cd16baff0078e001c7ecbfdfc62939147c8b8a05eff511772359624eddefe734178cffd9, 'msauceda', '1234', 3, 5, 3);

-- --------------------------------------------------------

--
-- Estructura de tabla para la tabla `tbl_expediente`
--

CREATE TABLE IF NOT EXISTS `tbl_expediente` (
  `id_expediente` int(11) NOT NULL AUTO_INCREMENT,
  `fecha_ingreso` date NOT NULL,
  `id_datos_pesonales` int(11) NOT NULL,
  `id_ficha_medica` int(11) NOT NULL,
  PRIMARY KEY (`id_expediente`),
  KEY `fk_tbl_expediente_tbl_datos_pesonales1_idx` (`id_datos_pesonales`),
  KEY `fk_tbl_expediente_tbl_ficha_medica1_idx` (`id_ficha_medica`)
) ENGINE=InnoDB  DEFAULT CHARSET=utf8 AUTO_INCREMENT=5 ;

--
-- Volcado de datos para la tabla `tbl_expediente`
--

INSERT INTO `tbl_expediente` (`id_expediente`, `fecha_ingreso`, `id_datos_pesonales`, `id_ficha_medica`) VALUES
(1, '2016-11-09', 6, 1),
(2, '2016-11-02', 8, 2),
(3, '2016-11-01', 9, 3),
(4, '2016-11-03', 10, 4);

-- --------------------------------------------------------

--
-- Estructura de tabla para la tabla `tbl_ficha_medica`
--

CREATE TABLE IF NOT EXISTS `tbl_ficha_medica` (
  `id_ficha_medica` int(11) NOT NULL AUTO_INCREMENT,
  `grupo_sanguineo` varchar(45) NOT NULL,
  `anteojos` varchar(45) NOT NULL,
  `accidentes` varchar(45) NOT NULL,
  `observaciones` varchar(1000) NOT NULL,
  `tbl_altura_id_altura` int(11) NOT NULL,
  PRIMARY KEY (`id_ficha_medica`),
  KEY `fk_tbl_ficha_medica_tbl_altura1_idx` (`tbl_altura_id_altura`)
) ENGINE=InnoDB  DEFAULT CHARSET=utf8 AUTO_INCREMENT=5 ;

--
-- Volcado de datos para la tabla `tbl_ficha_medica`
--

INSERT INTO `tbl_ficha_medica` (`id_ficha_medica`, `grupo_sanguineo`, `anteojos`, `accidentes`, `observaciones`, `tbl_altura_id_altura`) VALUES
(1, 'O+', 'No', 'No', 'Paciente se encuentra saludale', 2),
(2, 'O ', 'Si', 'Si', 'No hay obs.', 3),
(3, 'O ', 'Si', 'Si', 'es el actor de Drake y Josh.', 2),
(4, 'A-', 'Si', 'Si', 'Es muy linda', 3);

-- --------------------------------------------------------

--
-- Estructura de tabla para la tabla `tbl_ficha_medica_x_tbl_padecimiento`
--

CREATE TABLE IF NOT EXISTS `tbl_ficha_medica_x_tbl_padecimiento` (
  `id_ficha_medica` int(11) NOT NULL,
  `id_padecimiento` int(11) NOT NULL,
  PRIMARY KEY (`id_ficha_medica`,`id_padecimiento`),
  KEY `fk_tbl_ficha_medica_has_tbl_padecimiento_tbl_padecimiento1_idx` (`id_padecimiento`),
  KEY `fk_tbl_ficha_medica_has_tbl_padecimiento_tbl_ficha_medica1_idx` (`id_ficha_medica`)
) ENGINE=InnoDB DEFAULT CHARSET=utf8;

--
-- Volcado de datos para la tabla `tbl_ficha_medica_x_tbl_padecimiento`
--

INSERT INTO `tbl_ficha_medica_x_tbl_padecimiento` (`id_ficha_medica`, `id_padecimiento`) VALUES
(1, 1),
(4, 1),
(1, 2),
(3, 4),
(2, 6),
(4, 6),
(4, 7),
(2, 8),
(3, 8),
(3, 10);

-- --------------------------------------------------------

--
-- Estructura de tabla para la tabla `tbl_medicamento`
--

CREATE TABLE IF NOT EXISTS `tbl_medicamento` (
  `id_medicamento` int(11) NOT NULL AUTO_INCREMENT,
  `nombre_medicamento` varchar(45) NOT NULL,
  `fecha_elaboracion` date NOT NULL,
  `fecha_vencimiento` date NOT NULL,
  `indicacion` varchar(1000) NOT NULL,
  `precausiones` varchar(1000) NOT NULL,
  PRIMARY KEY (`id_medicamento`)
) ENGINE=InnoDB  DEFAULT CHARSET=utf8 AUTO_INCREMENT=6 ;

--
-- Volcado de datos para la tabla `tbl_medicamento`
--

INSERT INTO `tbl_medicamento` (`id_medicamento`, `nombre_medicamento`, `fecha_elaboracion`, `fecha_vencimiento`, `indicacion`, `precausiones`) VALUES
(1, 'Panadol Antigripal', '2016-11-01', '2016-11-30', 'tomar pastilla con un baso de agua.', 'Poner medicamento en un lugar fresco, libre de la humedad.'),
(2, 'Jarabe TOSAN', '2016-11-01', '2016-11-30', 'tomar pastilla con un baso de agua.', 'Poner medicamento en un lugar fresco, libre de la humedad. cerrar bien la tapa.'),
(3, 'Panadol Ultra', '2016-11-01', '2016-11-30', 'tomar pastilla con un baso de agua.', 'Poner medicamento en un lugar fresco, libre de la humedad.'),
(4, 'Aspirina', '2016-11-01', '2016-11-30', 'tomar pastilla con un baso de agua.', 'Poner medicamento en un lugar fresco, libre de la humedad.'),
(5, 'Acetaminofen', '2016-11-01', '2016-11-30', 'tomar pastilla con un baso de agua.', 'Poner medicamento en un lugar fresco, libre de la humedad.');

-- --------------------------------------------------------

--
-- Estructura de tabla para la tabla `tbl_medicamento_has_tbl_dosis`
--

CREATE TABLE IF NOT EXISTS `tbl_medicamento_has_tbl_dosis` (
  `tbl_medicamento_id_medicamento` int(11) NOT NULL,
  `tbl_dosis_id_dosis` int(11) NOT NULL,
  PRIMARY KEY (`tbl_medicamento_id_medicamento`,`tbl_dosis_id_dosis`),
  KEY `fk_tbl_medicamento_has_tbl_dosis_tbl_dosis1_idx` (`tbl_dosis_id_dosis`),
  KEY `fk_tbl_medicamento_has_tbl_dosis_tbl_medicamento1_idx` (`tbl_medicamento_id_medicamento`)
) ENGINE=InnoDB DEFAULT CHARSET=utf8;

--
-- Volcado de datos para la tabla `tbl_medicamento_has_tbl_dosis`
--

INSERT INTO `tbl_medicamento_has_tbl_dosis` (`tbl_medicamento_id_medicamento`, `tbl_dosis_id_dosis`) VALUES
(1, 1),
(4, 1),
(3, 2),
(5, 2),
(2, 3);

-- --------------------------------------------------------

--
-- Estructura de tabla para la tabla `tbl_padecimiento`
--

CREATE TABLE IF NOT EXISTS `tbl_padecimiento` (
  `id_padecimiento` int(11) NOT NULL AUTO_INCREMENT,
  `nombre_padecimiento` varchar(100) NOT NULL,
  PRIMARY KEY (`id_padecimiento`)
) ENGINE=InnoDB  DEFAULT CHARSET=utf8 AUTO_INCREMENT=11 ;

--
-- Volcado de datos para la tabla `tbl_padecimiento`
--

INSERT INTO `tbl_padecimiento` (`id_padecimiento`, `nombre_padecimiento`) VALUES
(1, 'RESFRIADO O GRIPE'),
(2, 'MIGRAÑA'),
(3, 'NEUMONÍA'),
(4, 'ANEMIA'),
(5, 'CATARATAS'),
(6, 'ALZHEIMER'),
(7, 'ARTRITIS REUMATOIDE'),
(8, 'BRONQUITIS'),
(9, 'CAÍDA DE CABELLO'),
(10, 'COLITIS');

-- --------------------------------------------------------

--
-- Estructura de tabla para la tabla `tbl_peso`
--

CREATE TABLE IF NOT EXISTS `tbl_peso` (
  `id_peso` int(11) NOT NULL AUTO_INCREMENT,
  `peso` varchar(45) NOT NULL,
  PRIMARY KEY (`id_peso`)
) ENGINE=InnoDB  DEFAULT CHARSET=utf8 AUTO_INCREMENT=43 ;

--
-- Volcado de datos para la tabla `tbl_peso`
--

INSERT INTO `tbl_peso` (`id_peso`, `peso`) VALUES
(1, '150 lbs'),
(2, '190 lbs'),
(3, '10 lbs'),
(4, '11 lbs'),
(5, '12 lbs'),
(6, '13 lbs'),
(7, '14 lbs'),
(8, '15 lbs'),
(9, '16 lbs'),
(10, '17 lbs'),
(11, '18 lbs'),
(12, '19 lbs'),
(13, '20 lbs'),
(14, '21 lbs'),
(15, '22 lbs'),
(16, '23 lbs'),
(17, '24 lbs'),
(18, '25 lbs'),
(19, '26 lbs'),
(20, '27 lbs'),
(21, '28 lbs'),
(22, '29 lbs'),
(23, '30 lbs'),
(24, '31 lbs'),
(25, '32 lbs'),
(26, '33 lbs'),
(27, '34 lbs'),
(28, '35 lbs'),
(29, '36 lbs'),
(30, '37 lbs'),
(31, '38 lbs'),
(32, '39 lbs'),
(33, '40 lbs'),
(34, '41 lbs'),
(35, '42 lbs'),
(36, '43 lbs'),
(37, '44 lbs'),
(38, '45 lbs'),
(39, '46 lbs'),
(40, '47 lbs'),
(41, '48 lbs'),
(42, '49 lbs');

-- --------------------------------------------------------

--
-- Estructura de tabla para la tabla `tbl_precio_consulta`
--

CREATE TABLE IF NOT EXISTS `tbl_precio_consulta` (
  `id_precio_consulta` int(11) NOT NULL AUTO_INCREMENT,
  `precio_consulta` varchar(45) NOT NULL,
  `descripcion_precio` varchar(100) NOT NULL,
  PRIMARY KEY (`id_precio_consulta`)
) ENGINE=InnoDB  DEFAULT CHARSET=utf8 AUTO_INCREMENT=3 ;

--
-- Volcado de datos para la tabla `tbl_precio_consulta`
--

INSERT INTO `tbl_precio_consulta` (`id_precio_consulta`, `precio_consulta`, `descripcion_precio`) VALUES
(1, '500.00 lps', 'Precio consulta Premiun'),
(2, '300.00 lps', 'Precio consulta general');

-- --------------------------------------------------------

--
-- Estructura de tabla para la tabla `tbl_presion_arterial`
--

CREATE TABLE IF NOT EXISTS `tbl_presion_arterial` (
  `id_presion_arterial` int(11) NOT NULL AUTO_INCREMENT,
  `presion_arterial` varchar(45) NOT NULL,
  PRIMARY KEY (`id_presion_arterial`)
) ENGINE=InnoDB  DEFAULT CHARSET=utf8 AUTO_INCREMENT=8 ;

--
-- Volcado de datos para la tabla `tbl_presion_arterial`
--

INSERT INTO `tbl_presion_arterial` (`id_presion_arterial`, `presion_arterial`) VALUES
(1, '130/80 mmHg'),
(2, '90/60 mmHg'),
(3, '110/80 mmHg'),
(4, '120/80 mmHg'),
(5, '110/60 mmHg'),
(6, '111/60 mmHg'),
(7, '112/80 mmHg');

-- --------------------------------------------------------

--
-- Estructura de tabla para la tabla `tbl_receta`
--

CREATE TABLE IF NOT EXISTS `tbl_receta` (
  `id_receta` int(11) NOT NULL AUTO_INCREMENT,
  `nombre_receta` varchar(45) NOT NULL,
  `descripcion` varchar(45) NOT NULL,
  PRIMARY KEY (`id_receta`)
) ENGINE=InnoDB  DEFAULT CHARSET=utf8 AUTO_INCREMENT=3 ;

--
-- Volcado de datos para la tabla `tbl_receta`
--

INSERT INTO `tbl_receta` (`id_receta`, `nombre_receta`, `descripcion`) VALUES
(1, 'Receta Migraña', 'Receta para contrarrestar la migraña'),
(2, 'Receta Congestión Nasal', 'Receta para contrarrestar la gripe');

-- --------------------------------------------------------

--
-- Estructura de tabla para la tabla `tbl_recetario`
--

CREATE TABLE IF NOT EXISTS `tbl_recetario` (
  `id_recetario` int(11) NOT NULL AUTO_INCREMENT,
  `diagnostico_final` varchar(2000) DEFAULT NULL,
  `id_consulta` int(11) NOT NULL,
  PRIMARY KEY (`id_recetario`),
  KEY `fk_tbl_recetario_tbl_consulta1_idx` (`id_consulta`)
) ENGINE=InnoDB  DEFAULT CHARSET=utf8 AUTO_INCREMENT=2 ;

--
-- Volcado de datos para la tabla `tbl_recetario`
--

INSERT INTO `tbl_recetario` (`id_recetario`, `diagnostico_final`, `id_consulta`) VALUES
(1, 'Paciente tiene fiebre y congestion nasal. Se le dara una receta para suavizar la fiebre. y la gripe.', 1);

-- --------------------------------------------------------

--
-- Estructura de tabla para la tabla `tbl_recetario_has_tbl_receta`
--

CREATE TABLE IF NOT EXISTS `tbl_recetario_has_tbl_receta` (
  `id_recetario` int(11) NOT NULL,
  `id_receta` int(11) NOT NULL,
  PRIMARY KEY (`id_recetario`,`id_receta`),
  KEY `fk_tbl_recetario_has_tbl_receta_tbl_receta1_idx` (`id_receta`),
  KEY `fk_tbl_recetario_has_tbl_receta_tbl_recetario1_idx` (`id_recetario`)
) ENGINE=InnoDB DEFAULT CHARSET=utf8;

--
-- Volcado de datos para la tabla `tbl_recetario_has_tbl_receta`
--

INSERT INTO `tbl_recetario_has_tbl_receta` (`id_recetario`, `id_receta`) VALUES
(1, 1),
(1, 2);

-- --------------------------------------------------------

--
-- Estructura de tabla para la tabla `tbl_recetario_x_tbl_sintoma`
--

CREATE TABLE IF NOT EXISTS `tbl_recetario_x_tbl_sintoma` (
  `id_recetario` int(11) NOT NULL,
  `id_sintoma` int(11) NOT NULL,
  PRIMARY KEY (`id_recetario`,`id_sintoma`),
  KEY `fk_tbl_recetario_has_tbl_sintoma_tbl_sintoma1_idx` (`id_sintoma`),
  KEY `fk_tbl_recetario_has_tbl_sintoma_tbl_recetario1_idx` (`id_recetario`)
) ENGINE=InnoDB DEFAULT CHARSET=utf8;

--
-- Volcado de datos para la tabla `tbl_recetario_x_tbl_sintoma`
--

INSERT INTO `tbl_recetario_x_tbl_sintoma` (`id_recetario`, `id_sintoma`) VALUES
(1, 1),
(1, 2),
(1, 3);

-- --------------------------------------------------------

--
-- Estructura de tabla para la tabla `tbl_receta_x_tbl_medicamento`
--

CREATE TABLE IF NOT EXISTS `tbl_receta_x_tbl_medicamento` (
  `id_receta` int(11) NOT NULL,
  `id_medicamento` int(11) NOT NULL,
  PRIMARY KEY (`id_receta`,`id_medicamento`),
  KEY `fk_tbl_receta_has_tbl_medicamento_tbl_medicamento1_idx` (`id_medicamento`),
  KEY `fk_tbl_receta_has_tbl_medicamento_tbl_receta1_idx` (`id_receta`)
) ENGINE=InnoDB DEFAULT CHARSET=utf8;

--
-- Volcado de datos para la tabla `tbl_receta_x_tbl_medicamento`
--

INSERT INTO `tbl_receta_x_tbl_medicamento` (`id_receta`, `id_medicamento`) VALUES
(2, 1),
(2, 2),
(1, 3),
(1, 4),
(1, 5);

-- --------------------------------------------------------

--
-- Estructura de tabla para la tabla `tbl_salario`
--

CREATE TABLE IF NOT EXISTS `tbl_salario` (
  `id_salario` int(11) NOT NULL AUTO_INCREMENT,
  `salario` int(11) NOT NULL,
  `descripcion` varchar(100) DEFAULT NULL,
  PRIMARY KEY (`id_salario`)
) ENGINE=InnoDB  DEFAULT CHARSET=utf8 AUTO_INCREMENT=5 ;

--
-- Volcado de datos para la tabla `tbl_salario`
--

INSERT INTO `tbl_salario` (`id_salario`, `salario`, `descripcion`) VALUES
(1, 40000, 'Administradores'),
(2, 30000, 'Medicos'),
(3, 15000, 'Enfermeras'),
(4, 10000, 'Aseadores');

-- --------------------------------------------------------

--
-- Estructura de tabla para la tabla `tbl_sintoma`
--

CREATE TABLE IF NOT EXISTS `tbl_sintoma` (
  `id_sintoma` int(11) NOT NULL AUTO_INCREMENT,
  `nombre_sintoma` varchar(45) NOT NULL,
  PRIMARY KEY (`id_sintoma`)
) ENGINE=InnoDB  DEFAULT CHARSET=utf8 AUTO_INCREMENT=16 ;

--
-- Volcado de datos para la tabla `tbl_sintoma`
--

INSERT INTO `tbl_sintoma` (`id_sintoma`, `nombre_sintoma`) VALUES
(1, 'Fiebre'),
(2, 'Dolor de cabeza'),
(3, 'Mareo'),
(4, 'Alergia'),
(5, 'Cansancio'),
(6, 'Fatiga'),
(7, 'ansiedad'),
(8, 'Perdida de apetito'),
(9, 'Escalofrios'),
(10, 'Dolores musculares'),
(11, 'Dolor articulaciones'),
(12, 'irritablilidad'),
(13, 'Dificultad para respirar'),
(14, 'Diarrea'),
(15, 'Aumento de peso');

-- --------------------------------------------------------

--
-- Estructura de tabla para la tabla `tbl_tipo_usuario`
--

CREATE TABLE IF NOT EXISTS `tbl_tipo_usuario` (
  `id_tipo_usuario` int(11) NOT NULL AUTO_INCREMENT,
  `nombre_tipo_usuario` varchar(45) NOT NULL,
  PRIMARY KEY (`id_tipo_usuario`)
) ENGINE=InnoDB  DEFAULT CHARSET=utf8 AUTO_INCREMENT=5 ;

--
-- Volcado de datos para la tabla `tbl_tipo_usuario`
--

INSERT INTO `tbl_tipo_usuario` (`id_tipo_usuario`, `nombre_tipo_usuario`) VALUES
(1, 'Admin'),
(2, 'Medico'),
(3, 'Enfermera'),
(4, 'Personal Aseo');

--
-- Restricciones para tablas volcadas
--

--
-- Filtros para la tabla `tbl_ciudad`
--
ALTER TABLE `tbl_ciudad`
  ADD CONSTRAINT `fk_tbl_ciudad_tbl_departamento` FOREIGN KEY (`id_departamento`) REFERENCES `tbl_departamento` (`id_departamento`) ON DELETE NO ACTION ON UPDATE NO ACTION;

--
-- Filtros para la tabla `tbl_consulta`
--
ALTER TABLE `tbl_consulta`
  ADD CONSTRAINT `fk_tbl_consulta_tbl_peso1` FOREIGN KEY (`id_peso`) REFERENCES `tbl_peso` (`id_peso`) ON DELETE NO ACTION ON UPDATE NO ACTION,
  ADD CONSTRAINT `fk_tbl_consulta_tbl_presion_arterial1` FOREIGN KEY (`id_presion_arterial`) REFERENCES `tbl_presion_arterial` (`id_presion_arterial`) ON DELETE NO ACTION ON UPDATE NO ACTION,
  ADD CONSTRAINT `fk_tbl_consulta_tbl_precio_consulta1` FOREIGN KEY (`id_precio_consulta`) REFERENCES `tbl_precio_consulta` (`id_precio_consulta`) ON DELETE NO ACTION ON UPDATE NO ACTION,
  ADD CONSTRAINT `fk_tbl_consulta_tbl_empleado1` FOREIGN KEY (`id_empleado`) REFERENCES `tbl_empleado` (`id_empleado`) ON DELETE NO ACTION ON UPDATE NO ACTION,
  ADD CONSTRAINT `fk_tbl_consulta_tbl_expediente1` FOREIGN KEY (`id_expediente`) REFERENCES `tbl_expediente` (`id_expediente`) ON DELETE NO ACTION ON UPDATE NO ACTION;

--
-- Filtros para la tabla `tbl_datos_pesonales`
--
ALTER TABLE `tbl_datos_pesonales`
  ADD CONSTRAINT `fk_tbl_datos_pesonales_tbl_ciudad1` FOREIGN KEY (`id_ciudad`) REFERENCES `tbl_ciudad` (`id_ciudad`) ON DELETE NO ACTION ON UPDATE NO ACTION;

--
-- Filtros para la tabla `tbl_empleado`
--
ALTER TABLE `tbl_empleado`
  ADD CONSTRAINT `fk_tbl_empleado_tbl_datos_pesonales1` FOREIGN KEY (`id_datos_pesonales`) REFERENCES `tbl_datos_pesonales` (`id_datos_pesonales`) ON DELETE NO ACTION ON UPDATE NO ACTION,
  ADD CONSTRAINT `fk_tbl_empleado_tbl_salario1` FOREIGN KEY (`id_salario`) REFERENCES `tbl_salario` (`id_salario`) ON DELETE NO ACTION ON UPDATE NO ACTION,
  ADD CONSTRAINT `fk_tbl_empleado_tbl_tipo_usuario1` FOREIGN KEY (`id_tipo_usuario`) REFERENCES `tbl_tipo_usuario` (`id_tipo_usuario`) ON DELETE NO ACTION ON UPDATE NO ACTION;

--
-- Filtros para la tabla `tbl_expediente`
--
ALTER TABLE `tbl_expediente`
  ADD CONSTRAINT `fk_tbl_expediente_tbl_datos_pesonales1` FOREIGN KEY (`id_datos_pesonales`) REFERENCES `tbl_datos_pesonales` (`id_datos_pesonales`) ON DELETE NO ACTION ON UPDATE NO ACTION,
  ADD CONSTRAINT `fk_tbl_expediente_tbl_ficha_medica1` FOREIGN KEY (`id_ficha_medica`) REFERENCES `tbl_ficha_medica` (`id_ficha_medica`) ON DELETE NO ACTION ON UPDATE NO ACTION;

--
-- Filtros para la tabla `tbl_ficha_medica`
--
ALTER TABLE `tbl_ficha_medica`
  ADD CONSTRAINT `fk_tbl_ficha_medica_tbl_altura1` FOREIGN KEY (`tbl_altura_id_altura`) REFERENCES `tbl_altura` (`id_altura`) ON DELETE NO ACTION ON UPDATE NO ACTION;

--
-- Filtros para la tabla `tbl_ficha_medica_x_tbl_padecimiento`
--
ALTER TABLE `tbl_ficha_medica_x_tbl_padecimiento`
  ADD CONSTRAINT `fk_tbl_ficha_medica_has_tbl_padecimiento_tbl_ficha_medica1` FOREIGN KEY (`id_ficha_medica`) REFERENCES `tbl_ficha_medica` (`id_ficha_medica`) ON DELETE NO ACTION ON UPDATE NO ACTION,
  ADD CONSTRAINT `fk_tbl_ficha_medica_has_tbl_padecimiento_tbl_padecimiento1` FOREIGN KEY (`id_padecimiento`) REFERENCES `tbl_padecimiento` (`id_padecimiento`) ON DELETE NO ACTION ON UPDATE NO ACTION;

--
-- Filtros para la tabla `tbl_medicamento_has_tbl_dosis`
--
ALTER TABLE `tbl_medicamento_has_tbl_dosis`
  ADD CONSTRAINT `fk_tbl_medicamento_has_tbl_dosis_tbl_medicamento1` FOREIGN KEY (`tbl_medicamento_id_medicamento`) REFERENCES `tbl_medicamento` (`id_medicamento`) ON DELETE NO ACTION ON UPDATE NO ACTION,
  ADD CONSTRAINT `fk_tbl_medicamento_has_tbl_dosis_tbl_dosis1` FOREIGN KEY (`tbl_dosis_id_dosis`) REFERENCES `tbl_dosis` (`id_dosis`) ON DELETE NO ACTION ON UPDATE NO ACTION;

--
-- Filtros para la tabla `tbl_recetario`
--
ALTER TABLE `tbl_recetario`
  ADD CONSTRAINT `fk_tbl_recetario_tbl_consulta1` FOREIGN KEY (`id_consulta`) REFERENCES `tbl_consulta` (`id_consulta`) ON DELETE NO ACTION ON UPDATE NO ACTION;

--
-- Filtros para la tabla `tbl_recetario_has_tbl_receta`
--
ALTER TABLE `tbl_recetario_has_tbl_receta`
  ADD CONSTRAINT `fk_tbl_recetario_has_tbl_receta_tbl_recetario1` FOREIGN KEY (`id_recetario`) REFERENCES `tbl_recetario` (`id_recetario`) ON DELETE NO ACTION ON UPDATE NO ACTION,
  ADD CONSTRAINT `fk_tbl_recetario_has_tbl_receta_tbl_receta1` FOREIGN KEY (`id_receta`) REFERENCES `tbl_receta` (`id_receta`) ON DELETE NO ACTION ON UPDATE NO ACTION;

--
-- Filtros para la tabla `tbl_recetario_x_tbl_sintoma`
--
ALTER TABLE `tbl_recetario_x_tbl_sintoma`
  ADD CONSTRAINT `fk_tbl_recetario_has_tbl_sintoma_tbl_recetario1` FOREIGN KEY (`id_recetario`) REFERENCES `tbl_recetario` (`id_recetario`) ON DELETE NO ACTION ON UPDATE NO ACTION,
  ADD CONSTRAINT `fk_tbl_recetario_has_tbl_sintoma_tbl_sintoma1` FOREIGN KEY (`id_sintoma`) REFERENCES `tbl_sintoma` (`id_sintoma`) ON DELETE NO ACTION ON UPDATE NO ACTION;

--
-- Filtros para la tabla `tbl_receta_x_tbl_medicamento`
--
ALTER TABLE `tbl_receta_x_tbl_medicamento`
  ADD CONSTRAINT `fk_tbl_receta_has_tbl_medicamento_tbl_receta1` FOREIGN KEY (`id_receta`) REFERENCES `tbl_receta` (`id_receta`) ON DELETE NO ACTION ON UPDATE NO ACTION,
  ADD CONSTRAINT `fk_tbl_receta_has_tbl_medicamento_tbl_medicamento1` FOREIGN KEY (`id_medicamento`) REFERENCES `tbl_medicamento` (`id_medicamento`) ON DELETE NO ACTION ON UPDATE NO ACTION;

/*!40101 SET CHARACTER_SET_CLIENT=@OLD_CHARACTER_SET_CLIENT */;
/*!40101 SET CHARACTER_SET_RESULTS=@OLD_CHARACTER_SET_RESULTS */;
/*!40101 SET COLLATION_CONNECTION=@OLD_COLLATION_CONNECTION */;
